cpu_utilization,memory_usage,disk_io,network_latency,process_count,thread_count,context_switches,cache_miss_rate,temperature,power_consumption,uptime,status,screen_brightness,cpu_frequency,power_saver_active
35.37,60.96,5.8,18.2,226,2938,20084,16.64,56.63,21.05,22.31,0,64.2,1235.2,0
24.86,35.17,33.4,4.33,231,4389,23300,4.28,49.15,16.53,25.1,0,51.9,875.2,1
41.6,63.19,36.04,6.45,278,3058,21747,9.49,57.17,27.29,71.12,0,66.9,2162.2,0
16.0,81.66,0.22,21.27,233,4660,23507,6.48,51.14,19.71,79.63,0,60.2,1354.0,1
55.03,80.07,5.9,5.62,348,5568,34540,13.89,64.8,33.16,57.82,0,52.3,2372.4,0
11.09,31.05,7.46,10.58,299,6877,32800,19.08,42.19,15.19,22.21,0,43.1,1345.9,0
50.99,34.79,60.59,10.11,118,1534,14663,13.13,60.42,33.16,184.26,0,74.7,2492.3,0
17.73,62.22,43.28,15.67,224,3584,19632,9.39,49.39,20.06,12.71,0,49.4,1312.6,1
19.83,38.98,14.85,18.22,67,603,4987,7.93,46.75,18.71,5.05,0,71.8,1224.6,1
37.62,64.28,0.7,2.66,79,711,8432,6.3,61.37,22.1,379.83,0,60.3,1110.6,1
54.35,29.35,3.18,14.45,252,3276,22946,9.19,58.64,34.63,1.46,0,25.8,2757.9,0
8.48,53.93,8.54,8.1,178,3560,18445,17.18,45.51,17.55,79.75,0,47.7,1578.8,0
35.79,69.16,47.93,17.01,108,1836,13991,8.64,61.1,27.33,27.18,0,85.1,1974.2,0
27.33,31.72,1.49,4.19,314,2826,18989,13.38,54.0,21.83,299.29,0,81.2,1351.0,1
13.44,53.25,23.51,22.41,162,1782,11384,11.13,50.01,20.39,30.75,0,93.0,1285.9,1
35.33,53.04,3.18,7.94,194,3880,22869,8.97,57.14,23.08,128.61,0,25.5,1814.5,0
13.28,64.1,10.63,9.66,312,3432,19746,8.49,49.53,20.94,27.68,0,81.4,1553.7,0
32.64,44.97,21.85,32.41,271,5691,30706,6.6,55.23,21.83,39.9,0,59.5,1692.2,1
16.58,33.58,17.69,11.23,156,1872,11578,16.08,48.34,17.15,79.69,0,54.0,1580.7,0
20.77,17.14,22.42,22.04,298,6556,32934,2.84,46.7,19.87,131.52,0,50.7,1489.6,1
26.34,74.88,25.2,12.01,118,2242,14328,14.82,52.97,24.63,106.97,0,58.7,2078.5,0
39.0,67.52,5.47,33.08,311,5909,32985,7.03,61.74,27.85,42.83,0,82.5,2171.7,0
15.36,54.63,6.79,14.94,307,4298,24068,6.26,44.04,21.94,7.76,0,93.6,1558.8,0
30.55,54.23,25.37,16.61,122,2440,16029,10.79,56.09,22.86,19.16,0,91.8,1774.6,1
20.33,61.38,0.59,13.57,339,5763,30677,15.69,49.36,18.76,5.75,0,36.4,1867.5,0
18.39,69.49,10.84,10.2,248,4464,23279,11.28,51.27,22.65,126.91,0,75.8,1575.5,0
36.78,24.74,37.96,20.6,169,3718,22016,19.55,54.33,28.27,114.19,0,98.0,2261.0,0
20.21,28.3,32.44,7.78,107,856,7607,6.02,47.24,19.62,68.3,0,68.6,1345.6,1
18.63,26.11,24.47,18.86,115,1380,9283,13.03,48.58,18.65,115.24,0,48.4,1708.1,0
28.35,49.81,0.33,21.69,98,1372,10731,19.34,55.38,18.59,86.96,0,83.7,1025.8,1
10.04,57.73,32.8,16.81,190,1900,11464,8.92,49.64,20.2,1.01,0,88.6,1187.0,0
20.77,70.19,36.4,6.92,176,3344,18340,10.03,54.67,20.72,22.38,0,24.8,1709.4,0
30.96,11.34,16.34,15.93,313,6573,34406,9.4,51.71,19.71,11.87,0,47.3,1878.9,0
4.44,34.93,5.33,22.85,195,3315,16816,7.18,41.75,16.46,86.3,0,68.2,1329.6,0
12.46,56.96,10.1,5.7,99,1881,10627,11.22,47.47,20.76,97.86,0,86.7,1567.4,0
21.1,58.82,21.57,4.88,281,5620,29375,13.8,50.34,18.91,51.26,0,41.3,1398.6,1
35.82,52.0,25.15,20.23,236,2360,17654,9.04,58.46,23.47,9.6,0,92.9,1169.5,1
65.22,38.12,6.31,8.27,127,1905,17475,13.1,68.17,39.81,214.27,0,48.6,2697.0,0
16.23,44.51,5.92,19.07,220,2420,14602,12.1,47.88,19.86,80.19,0,40.9,1643.6,0
6.94,52.95,19.99,34.01,193,1737,10701,9.95,41.65,14.72,81.57,0,20.1,1229.1,0
7.68,29.25,17.39,5.04,344,4472,23422,10.48,48.77,13.49,34.03,0,42.4,1164.4,1
17.44,42.2,10.8,4.78,78,936,7674,11.07,47.27,20.12,49.42,0,78.3,1805.0,0
54.35,34.29,8.18,19.72,288,6336,35379,13.92,67.48,27.15,128.73,0,70.0,1674.4,0
6.17,62.53,16.06,26.77,262,3668,19371,6.06,46.64,18.8,27.9,0,55.2,1096.9,0
23.57,41.28,0.49,34.08,293,5860,30792,5.9,52.31,20.36,0.19,0,73.4,992.7,0
31.33,35.39,1.18,19.77,68,1292,10478,6.32,50.71,23.67,16.4,0,61.7,2045.5,0
15.26,47.24,12.77,11.24,174,1566,10379,5.27,49.88,17.45,58.69,0,53.9,1442.1,0
38.69,66.29,3.54,12.9,205,2460,17785,4.95,59.97,22.37,17.63,0,30.2,1766.7,1
48.46,54.66,22.36,14.91,307,3684,24268,6.5,63.85,31.64,90.38,0,50.7,2511.9,0
9.59,71.53,22.2,33.45,130,2470,13272,15.53,49.0,16.4,11.58,0,27.0,1535.1,0
36.62,69.23,18.57,14.52,140,1400,12205,11.1,61.53,27.23,64.85,0,68.7,2220.4,0
29.84,43.75,35.09,8.05,91,1365,10051,16.31,55.81,23.12,9.8,0,89.8,1859.0,0
22.38,57.02,2.28,13.93,341,4774,26723,11.17,58.13,18.84,92.38,0,30.5,1598.0,0
16.43,71.47,4.5,4.77,239,3824,21019,5.83,53.48,20.08,9.18,0,73.9,1374.0,0
46.14,47.76,4.36,8.73,209,3553,22904,8.02,62.27,24.15,402.14,0,37.1,1682.0,0
9.83,58.6,22.88,10.13,139,2919,15021,8.61,48.28,17.99,59.97,0,35.1,1437.7,1
17.92,41.47,11.05,9.64,343,4459,25141,3.17,48.54,21.6,31.51,0,83.5,1702.1,0
34.3,51.62,4.37,4.7,88,1056,9695,14.59,57.4,25.52,20.56,0,64.4,2183.1,0
27.47,51.13,2.2,5.98,218,2616,17610,4.58,51.69,19.7,106.93,0,95.3,1266.0,0
44.33,64.41,33.53,12.04,153,3366,21455,5.63,61.24,31.02,32.39,0,98.6,2068.9,0
13.27,49.25,17.67,20.15,163,3260,17212,9.03,45.21,17.66,6.2,0,72.2,1022.0,1
40.06,58.23,11.28,9.48,84,1512,12223,10.64,59.77,22.67,78.52,0,52.2,1830.8,1
32.26,60.72,50.49,12.74,122,1586,11914,13.27,54.56,23.15,44.86,0,43.4,1752.9,0
29.24,43.16,28.42,20.62,303,2424,18558,9.78,51.69,18.09,204.24,0,32.8,1276.7,0
11.36,48.96,2.94,60.49,240,4560,22897,17.55,48.53,17.93,76.57,0,58.4,1265.2,0
34.16,61.95,10.64,10.08,138,1932,13165,5.74,60.47,23.81,14.01,0,57.4,1740.9,1
17.0,82.58,9.99,7.35,114,1026,7330,3.68,47.75,19.74,52.98,0,20.1,1601.9,0
80.15,36.14,27.9,19.57,160,1600,17479,11.96,71.82,60.65,71.11,1,76.8,3257.2,0
13.18,62.88,2.42,20.31,69,828,6366,4.79,52.49,19.2,22.22,0,47.2,1409.3,1
12.55,73.21,9.02,5.56,340,7140,34427,3.56,46.0,19.36,83.79,0,87.8,962.7,0
33.7,56.43,15.18,6.23,120,1800,13620,15.09,52.58,21.86,109.57,0,51.5,1447.3,0
3.44,41.45,43.58,5.36,242,5082,24104,6.72,39.43,19.45,1.13,0,94.8,900.0,0
15.94,54.21,34.43,7.93,325,6825,33330,15.36,49.4,19.63,18.29,0,76.5,1150.3,0
26.15,40.49,11.45,20.45,229,3664,21164,13.2,55.19,20.62,42.7,0,53.2,1771.7,0
24.91,47.46,14.0,15.09,122,1952,13458,5.82,51.16,20.49,70.16,0,62.0,1333.4,1
6.86,60.78,28.7,13.48,318,2544,15577,11.49,43.07,17.88,18.7,0,50.9,1248.4,0
45.95,54.09,20.46,6.76,63,1197,12364,7.06,63.03,30.52,146.22,0,55.3,2445.7,0
54.15,57.94,31.72,6.45,300,2700,21080,8.6,66.26,36.24,16.85,0,24.2,2758.3,0
26.06,37.46,33.94,12.74,215,2580,16794,6.73,50.84,18.39,133.45,0,39.1,885.4,0
6.75,45.84,26.81,11.83,225,4050,20622,13.29,44.18,19.12,43.45,0,95.0,1569.9,0
4.68,64.2,0.14,16.34,70,700,4831,1.3,43.53,17.55,6.99,0,65.5,1078.2,0
12.71,29.88,5.59,28.01,302,3926,22211,4.15,45.8,16.45,84.15,0,20.9,848.0,0
32.66,35.11,7.75,6.15,141,1410,11694,7.43,54.8,19.88,80.9,0,99.8,1230.7,0
11.91,50.42,16.99,11.14,185,1850,12212,9.38,45.03,16.88,41.44,0,47.2,1505.9,0
10.78,47.24,5.5,13.04,270,5400,26631,7.7,44.6,19.42,7.82,0,95.5,851.2,0
32.46,66.54,5.86,13.68,267,4539,25778,16.92,60.65,25.12,7.72,0,96.2,1764.6,0
21.94,19.08,7.67,12.74,115,1380,9756,7.48,48.44,19.1,205.3,0,62.2,1760.6,0
30.48,53.76,46.63,11.92,312,6864,35646,8.19,54.25,25.77,23.4,0,55.7,2273.8,0
40.37,75.56,8.62,13.65,224,4928,28019,10.38,58.7,27.88,128.86,0,53.4,2244.6,0
18.41,59.91,2.27,16.61,304,5472,28980,6.93,50.51,20.81,110.53,0,58.8,1527.7,0
23.45,31.99,0.1,7.98,171,2907,16945,4.15,52.34,19.32,26.74,0,68.9,1113.6,0
17.51,91.41,4.05,16.15,153,2907,15724,5.49,49.39,18.69,120.66,0,29.5,1485.5,1
26.73,46.8,41.91,16.59,73,1022,8761,7.16,50.09,19.49,9.97,0,78.4,1368.6,1
23.87,18.49,46.51,14.03,302,4228,24585,5.24,47.74,18.39,15.43,0,48.8,1682.5,0
32.58,67.18,11.29,31.37,129,1935,13219,9.04,63.82,26.06,133.9,0,60.8,1978.5,0
44.35,42.88,15.59,13.87,347,7981,41729,7.84,62.35,24.25,0.35,0,95.8,1230.9,0
38.56,83.07,23.84,15.16,228,2052,16700,16.83,59.43,25.04,18.92,0,98.1,1224.0,0
9.62,65.82,0.86,6.78,294,5586,28066,2.74,47.25,15.08,60.46,0,31.4,898.2,0
20.9,86.97,7.03,22.74,244,5612,27853,11.49,51.24,21.98,124.13,0,52.7,1446.8,1
16.62,39.2,15.42,38.43,195,2340,14617,4.81,47.87,16.03,64.98,0,44.8,1720.8,0
22.72,74.17,34.28,13.38,229,4351,23602,4.28,56.81,21.13,76.14,0,38.3,1466.7,0
47.59,42.8,19.46,3.53,286,5434,32032,6.52,59.1,28.03,26.07,0,83.3,1920.4,1
11.59,60.15,6.46,23.22,294,2646,16262,17.86,47.52,17.35,178.33,0,30.0,1103.4,1
17.19,57.59,36.12,27.7,277,3601,20271,11.05,48.79,17.15,16.7,0,42.6,1213.5,1
24.09,75.81,16.39,13.87,90,1080,9549,8.95,53.41,18.01,55.85,0,31.2,1054.4,1
19.66,67.15,26.6,8.93,178,3026,17663,5.78,54.3,20.99,99.86,0,64.2,1917.9,0
15.45,48.03,7.3,26.16,215,1720,12107,10.69,46.31,16.7,91.18,0,24.7,1557.5,0
30.25,71.33,0.1,25.0,311,5909,31783,7.78,59.84,23.06,6.32,0,44.6,1839.0,0
26.29,53.62,2.73,14.17,103,1545,11616,10.02,51.48,25.59,27.55,0,99.0,1894.8,0
17.84,65.4,39.3,24.14,137,3151,18114,6.78,51.61,17.31,19.89,0,23.6,1812.5,0
7.14,59.43,0.51,7.88,204,2856,14983,11.34,42.63,18.74,4.45,0,92.9,1123.1,1
36.8,51.8,13.6,26.45,202,3434,21215,10.83,56.65,26.57,86.21,0,51.2,2144.2,0
16.5,35.15,7.89,14.36,219,4380,22659,2.12,45.3,16.93,75.69,0,47.7,1707.5,0
64.64,58.05,8.42,10.14,213,3621,25510,9.26,67.68,47.65,15.42,0,71.7,3077.8,0
50.31,44.87,7.68,13.06,147,1176,14132,11.07,64.31,32.15,95.46,0,94.1,2218.0,1
40.86,36.55,1.05,19.78,145,2755,17609,11.35,53.34,23.92,7.16,0,35.5,1892.9,1
37.85,67.46,1.96,14.66,178,1424,12861,9.42,58.17,29.12,403.73,0,46.4,2211.1,0
48.08,45.54,0.98,36.65,224,5152,28998,14.0,60.74,26.6,56.23,0,60.5,2045.1,0
45.02,27.92,0.83,25.23,195,1560,15068,9.95,60.95,29.44,19.41,0,96.3,2399.3,0
31.49,55.03,1.34,6.03,201,2211,15125,6.76,53.47,26.77,36.18,0,94.0,1411.2,0
34.58,52.72,17.89,21.21,258,3612,22020,7.61,51.01,19.06,77.97,0,54.5,1205.0,0
53.87,54.07,1.82,22.28,67,1005,11525,11.23,67.02,26.44,3.78,0,23.2,2076.5,1
30.62,54.06,4.55,17.62,255,5355,28407,6.36,56.92,20.75,285.83,0,47.5,1856.7,0
14.56,39.91,16.05,6.89,118,1888,11209,8.07,47.86,18.15,43.3,0,46.6,1775.0,0
45.19,49.01,1.79,23.84,69,1035,11282,13.13,62.96,27.71,14.19,0,86.2,1876.4,1
35.99,70.59,36.16,14.24,197,2167,16672,9.11,60.47,22.74,101.59,0,57.4,1588.9,1
6.19,67.82,9.74,6.64,75,1425,7964,1.24,48.88,18.37,12.25,0,33.7,964.7,0
23.29,49.7,49.48,15.09,318,7314,36935,7.97,54.01,19.38,160.33,0,57.2,1955.8,0
19.21,63.78,3.21,24.03,210,4620,24219,9.88,50.42,19.74,3.0,0,66.8,1491.7,0
51.99,56.4,0.47,7.35,61,610,8636,15.62,63.06,29.62,317.32,0,34.9,2086.2,0
22.02,50.05,13.38,7.35,124,2480,13621,8.33,49.89,16.24,40.78,0,33.4,1568.9,0
13.77,73.7,5.98,18.86,262,3668,20467,9.28,49.88,21.09,4.35,0,88.2,1250.9,1
47.2,41.58,12.74,15.18,171,2223,16429,8.07,61.04,29.8,180.49,0,40.1,2353.7,0
15.88,59.6,9.63,19.94,96,1632,9235,6.64,50.33,19.12,41.31,0,33.5,1515.2,0
5.97,30.05,9.16,12.71,248,4216,21110,1.34,40.67,14.23,26.36,0,22.7,1375.7,0
34.08,60.41,28.58,54.89,335,6700,36439,18.99,58.34,19.17,107.53,0,50.2,1309.6,0
30.66,45.1,3.19,9.87,336,2688,18741,7.31,55.22,19.55,59.67,0,29.1,1686.9,1
27.9,49.27,10.39,18.2,185,2220,15715,9.56,56.38,24.54,76.55,0,91.7,1942.1,0
32.88,50.63,8.07,9.27,106,1378,10580,17.92,55.79,26.3,15.07,0,56.0,2329.6,0
40.65,21.72,16.8,5.26,99,1881,13406,18.39,56.27,25.67,197.09,0,76.1,1926.6,1
32.35,30.79,0.77,11.32,295,3245,21742,8.26,54.76,24.57,124.5,0,39.7,2296.9,0
18.13,67.45,11.31,10.32,208,3536,19123,12.27,53.7,18.13,81.42,0,96.5,1064.3,0
11.03,56.57,9.77,35.59,322,5796,29774,4.29,47.66,18.58,95.96,0,60.4,1347.5,0
6.26,76.88,54.5,15.87,253,2024,11933,6.97,45.18,20.59,188.95,0,99.5,1220.4,0
38.94,34.48,21.15,7.68,318,6360,35013,5.55,58.02,21.17,39.88,0,62.1,1613.1,1
22.08,67.77,2.53,12.67,311,3421,20159,6.97,50.72,19.22,78.62,0,20.5,1686.6,0
17.06,61.91,10.68,7.11,198,3762,19303,20.65,49.47,20.26,136.74,0,80.6,1258.8,1
6.76,72.47,22.97,10.54,209,3762,19194,11.87,47.27,19.14,183.79,0,40.1,1234.1,0
20.64,53.39,11.15,22.8,310,3410,21279,14.15,53.97,21.52,219.41,0,90.9,1656.6,0
35.88,56.72,6.62,16.25,112,2464,15968,7.19,53.86,20.69,76.92,0,44.1,1216.9,1
31.69,41.84,7.09,4.54,229,4580,25807,7.87,57.0,25.12,61.01,0,78.3,2014.7,0
13.66,50.94,6.86,7.6,68,612,5009,3.42,45.69,19.12,152.94,0,86.2,1310.2,1
21.71,47.63,0.3,7.42,317,5389,28695,12.45,55.98,19.01,27.78,0,27.8,1323.0,1
13.64,35.12,19.67,8.08,267,4005,21508,3.78,47.18,18.48,186.75,0,93.0,1155.6,0
6.37,57.04,14.16,14.56,303,4848,25090,5.73,43.5,20.2,7.56,0,82.6,1463.6,0
57.86,69.13,4.69,22.84,338,7098,40255,13.9,68.21,37.93,24.17,0,39.6,2833.2,0
16.74,72.7,14.91,9.96,137,1644,10494,5.43,49.3,18.63,178.02,0,51.4,1228.1,1
48.58,42.84,5.54,8.36,313,3443,23713,7.02,58.46,31.03,160.76,0,50.9,2280.2,0
22.31,54.45,4.18,20.12,135,1485,11222,9.55,48.57,23.16,14.01,0,93.9,2187.8,0
37.34,52.98,20.27,14.71,63,756,8678,12.97,56.06,29.46,94.98,0,87.1,2191.6,0
38.66,77.12,24.84,8.91,282,5922,33082,9.3,59.33,26.08,44.66,0,94.0,1782.5,1
29.1,81.79,14.74,9.65,111,1665,11658,8.45,62.94,23.66,65.5,0,54.0,2168.0,0
35.85,35.43,23.0,10.24,183,1647,14256,4.47,50.33,26.36,203.52,0,73.3,1589.4,1
36.88,62.3,6.83,23.73,95,1045,9371,10.8,56.15,22.27,107.18,0,79.0,838.2,1
43.39,62.97,1.12,15.88,137,1507,12724,10.89,61.49,24.07,35.88,0,86.1,1207.7,1
5.93,51.99,13.93,36.63,90,1800,9111,3.25,43.99,18.79,14.66,0,89.6,1352.6,0
15.37,36.06,4.44,16.93,324,2592,16922,4.08,51.73,20.16,221.83,0,91.0,1214.9,0
69.09,65.58,22.54,7.16,81,972,13701,11.17,71.63,49.32,52.51,0,29.5,3062.9,0
4.93,73.24,6.65,4.48,153,2907,14745,4.97,42.87,18.69,25.02,0,55.1,1575.1,0
18.59,46.8,16.66,8.39,239,2868,16499,2.58,53.27,19.76,34.46,0,63.8,1782.4,0
27.16,72.95,12.07,4.58,68,1020,8317,16.95,60.0,22.68,5.18,0,21.6,1868.7,0
32.19,55.06,25.51,7.64,199,4378,24966,12.57,60.24,21.34,62.99,0,40.7,1915.5,0
48.21,76.33,26.78,12.33,279,6417,35572,9.37,67.14,26.89,30.01,0,40.9,1961.7,1
31.97,76.3,1.06,5.59,203,4466,24254,5.1,54.44,25.69,40.99,0,48.4,2160.2,0
49.16,54.65,5.25,19.53,300,3600,24309,16.78,64.47,30.5,132.92,0,91.1,1888.1,1
18.42,61.26,30.71,8.99,324,5184,27725,7.65,48.04,21.69,251.24,0,63.7,1374.7,0
2.94,44.46,7.76,19.69,221,1989,11879,10.29,43.24,17.52,3.54,0,73.8,1278.0,0
43.83,30.65,10.85,6.91,307,6140,35415,11.43,60.25,33.96,162.42,0,90.7,2548.1,0
22.02,58.76,3.04,18.81,66,1320,8425,4.21,50.05,21.84,2.23,0,70.8,1800.2,0
12.73,33.01,12.07,9.0,219,4599,22984,8.13,46.72,16.8,37.24,0,55.1,1138.7,1
56.23,86.4,4.61,10.57,166,3486,23898,13.39,69.7,33.34,46.62,0,72.1,2042.8,1
13.52,72.08,26.51,8.32,147,2352,13266,9.48,49.22,19.08,104.84,0,73.4,1207.2,1
18.93,52.73,3.35,11.13,149,1937,13409,3.27,46.63,19.36,197.48,0,59.4,1378.2,1
27.89,95.01,6.69,17.21,284,6248,32601,21.26,59.42,27.91,241.69,0,96.6,2208.9,0
25.85,45.54,1.5,5.33,316,4424,25930,9.22,52.06,20.09,9.12,0,46.9,1664.3,0
17.14,49.11,13.3,46.21,303,3333,19563,11.48,47.42,20.45,171.95,0,91.6,1762.2,0
39.03,48.93,42.7,46.52,335,6030,32124,8.11,56.98,25.21,30.47,0,23.6,1985.7,0
13.88,54.04,2.85,9.02,71,1562,8982,2.9,45.35,20.4,143.52,0,74.7,1671.7,0
46.59,50.35,0.3,22.15,246,4428,26468,15.61,63.71,25.73,84.61,0,81.1,1629.0,1
61.58,61.85,8.23,5.94,294,4116,27682,8.44,67.52,40.82,33.78,0,29.1,2879.5,0
30.74,40.02,20.7,4.56,178,3916,22246,12.23,55.61,23.51,110.29,0,92.1,1796.7,0
31.17,56.92,55.39,38.85,322,6762,35580,5.6,58.46,24.2,14.75,0,76.3,1689.1,1
13.47,46.86,0.79,19.61,273,5187,26566,8.21,50.09,16.93,43.19,0,33.0,1095.1,0
72.39,55.94,23.12,13.38,214,2782,22202,8.45,70.54,58.46,30.52,0,77.8,3334.9,0
11.91,38.76,6.9,19.16,137,3151,15839,8.89,47.44,17.3,178.81,0,82.7,1169.2,1
28.54,42.03,2.5,8.17,308,3388,22339,11.73,52.27,19.55,83.04,0,42.5,1165.5,0
51.43,86.88,3.2,12.99,328,3608,24918,18.52,68.15,33.63,273.15,0,78.4,2120.0,0
15.65,41.18,38.63,14.1,333,5661,29035,2.73,50.06,20.6,57.07,0,68.2,1349.0,0
26.06,62.85,24.86,5.13,245,5145,27872,9.01,52.62,23.07,105.16,0,75.8,1978.4,0
13.98,46.95,5.6,24.4,338,5746,29834,6.43,48.9,18.43,42.14,0,83.3,1070.6,0
38.81,39.74,42.25,9.33,127,2794,17754,6.88,55.45,26.34,76.4,0,94.1,1833.1,1
46.42,55.96,1.67,6.03,292,2336,19418,13.44,63.87,28.07,101.39,0,47.0,2380.9,0
12.85,41.97,5.84,33.62,145,2755,14227,4.02,45.73,17.52,125.71,0,74.5,1327.0,1
5.52,62.77,15.87,25.62,237,2844,14965,6.58,45.94,19.69,29.34,0,98.0,1332.3,0
1.73,53.13,111.76,10.77,103,1133,5516,2.62,39.17,19.48,314.52,0,29.7,1306.5,0
15.92,75.04,9.4,5.76,124,2604,14912,10.67,49.34,22.27,4.34,0,73.5,1851.7,0
26.67,35.42,24.97,16.79,201,2211,14276,8.22,57.32,18.64,8.77,0,21.9,1724.0,0
52.97,59.14,37.13,12.76,206,2472,19363,7.92,64.92,31.64,13.51,0,34.7,2533.7,0
30.71,60.56,0.15,45.61,88,1408,10366,11.56,56.38,24.35,48.56,0,82.7,2192.7,0
25.05,40.05,5.11,27.37,307,5833,31503,9.03,51.08,23.83,12.15,0,78.9,1910.1,0
40.36,45.04,1.59,9.31,169,2535,17525,5.72,61.21,28.18,26.53,0,87.4,1923.7,1
36.96,33.65,22.45,29.4,287,4018,24168,22.25,54.17,24.47,58.69,0,60.5,2165.2,0
22.08,31.6,12.56,27.59,345,7590,38321,6.06,49.07,21.99,28.06,0,91.3,1727.5,1
9.07,53.22,1.51,4.29,145,2900,15015,11.3,47.42,19.4,123.06,0,69.9,1128.7,1
42.63,67.1,8.19,17.4,112,2016,14443,7.5,59.75,21.43,18.94,0,26.3,1450.2,1
30.77,53.03,10.82,25.38,84,840,8157,3.97,53.73,25.29,139.02,0,91.1,2156.1,0
8.69,53.65,17.95,9.59,67,804,5730,14.22,43.07,18.12,49.33,0,50.5,1256.7,1
31.99,35.53,22.68,5.84,167,3173,19701,4.4,53.2,18.92,67.85,0,34.6,1186.0,1
17.25,23.48,1.38,74.62,258,3612,20406,7.24,47.61,20.79,3.74,0,86.0,1441.5,0
52.36,60.13,10.03,31.87,145,1305,14338,5.99,69.59,34.29,28.33,0,93.8,2537.3,0
14.41,45.09,2.64,14.53,280,2520,16171,5.09,45.42,18.59,15.38,0,61.6,1539.8,0
43.69,27.99,20.99,3.45,61,1159,10615,14.6,61.96,28.18,76.01,0,70.9,2371.3,0
56.2,46.84,16.08,9.74,300,3600,25731,7.46,65.44,35.73,109.0,0,53.4,2487.2,0
20.39,58.74,19.26,40.69,306,4896,26210,13.79,54.17,19.83,13.14,0,87.6,1453.2,1
26.53,61.04,1.17,27.98,207,3519,20108,11.33,54.47,26.47,68.24,0,98.7,1831.8,0
34.3,57.98,10.71,10.65,198,1980,15458,7.26,58.35,26.45,9.76,0,23.9,2145.6,0
30.82,44.57,27.54,9.26,274,2192,15483,12.59,53.7,21.38,74.6,0,40.5,1993.8,0
7.85,63.92,18.74,30.15,127,2286,11782,11.3,47.42,20.81,10.11,0,89.5,800.0,0
20.42,54.69,29.68,10.86,319,4466,25123,4.17,48.02,19.59,128.08,0,73.5,1073.4,1
46.76,41.86,3.46,11.67,316,6004,34787,10.6,58.71,31.26,81.5,0,61.5,2353.9,0
22.44,38.24,5.07,16.3,275,4400,24287,8.76,49.88,16.75,107.85,0,23.3,1513.6,1
56.43,57.94,8.73,17.93,214,2782,21490,11.0,64.99,36.39,22.22,0,62.6,2718.3,0
45.84,68.03,11.11,6.5,130,2730,18455,7.54,64.6,28.65,114.13,0,42.2,2267.2,0
22.87,63.91,4.36,18.25,93,1209,8320,6.77,52.61,17.77,130.88,0,27.8,1646.8,0
19.42,57.45,7.2,6.92,312,3432,20483,12.35,52.93,18.11,3.96,0,27.0,1737.6,0
11.4,64.5,17.43,27.45,255,3825,20454,15.87,51.37,18.6,37.06,0,88.6,1214.3,1
11.89,90.57,15.55,10.28,61,549,4672,7.78,46.6,22.59,143.69,0,75.5,1449.8,0
22.43,59.32,1.76,15.0,306,5814,30327,9.43,56.19,22.99,34.63,0,98.5,1887.4,0
17.48,57.36,63.72,2.25,286,3718,20910,12.53,50.65,18.54,182.31,0,29.8,1703.0,0
23.81,63.17,12.41,20.84,292,4964,27379,12.16,52.87,20.18,7.56,0,66.6,1751.5,0
43.79,66.25,9.91,22.65,278,3892,24849,16.27,61.65,31.74,63.85,0,87.9,2012.4,1
30.51,34.96,51.28,9.23,259,2331,17025,5.82,57.95,23.65,24.17,0,98.1,1611.1,1
41.1,57.66,2.27,5.53,139,1668,13961,11.93,61.22,23.27,33.57,0,78.7,1413.0,0
23.84,70.06,11.77,5.43,289,3179,20614,8.13,50.45,23.35,59.04,0,83.0,1480.6,1
30.56,81.18,24.53,12.62,338,2704,19764,10.59,56.45,25.72,6.3,0,64.7,1964.2,1
22.43,55.3,7.64,6.45,174,3654,20215,8.56,53.12,21.17,33.94,0,54.5,1419.0,1
22.83,48.19,19.99,12.11,296,3848,22780,6.46,53.15,20.68,6.62,0,50.8,1666.5,0
60.14,57.47,34.41,13.52,81,1296,13658,15.54,66.26,37.82,20.45,0,57.6,2620.6,0
18.61,45.34,4.55,14.46,200,2400,14246,11.43,48.24,22.31,78.14,0,81.8,1553.3,0
33.22,78.54,4.15,29.9,287,3157,20716,5.41,59.12,23.74,9.42,0,68.2,1577.0,1
15.36,62.21,6.71,27.65,129,2580,13472,10.33,53.28,17.94,54.34,0,39.8,1353.9,0
58.96,54.21,8.13,13.85,132,1188,13370,8.92,66.78,33.11,96.18,0,78.3,2099.0,1
13.6,71.7,1.77,18.85,313,4695,24874,17.63,45.82,19.57,89.62,0,68.5,1659.9,0
14.53,37.7,3.95,16.03,211,4009,21291,5.0,48.35,17.78,5.26,0,70.2,976.6,0
46.96,23.92,30.98,30.48,226,3616,23296,5.32,57.55,31.51,47.03,0,71.8,2486.6,0
34.71,61.33,12.54,13.81,148,1924,13657,11.28,58.97,18.42,37.83,0,48.0,1169.0,0
22.44,71.11,4.68,22.05,278,6394,32222,8.51,49.53,16.06,8.71,0,28.7,800.0,1
38.07,52.87,43.13,47.65,229,2977,20558,11.61,54.7,27.85,142.28,0,72.8,2084.0,0
25.27,44.81,22.33,16.36,327,4251,24311,6.54,50.84,22.3,136.23,0,68.9,1936.2,0
19.18,40.65,6.75,9.54,316,2844,18664,4.8,45.84,18.27,140.69,0,72.2,922.6,0
21.78,36.48,21.75,9.79,264,3168,19522,6.65,50.33,20.87,0.57,0,84.1,1386.8,1
54.7,64.98,13.6,8.18,226,3164,23080,6.03,68.02,30.01,19.7,0,42.8,2058.5,0
43.2,67.27,17.27,20.1,193,4439,25452,15.29,62.42,30.07,27.99,0,88.8,2344.3,0
33.75,68.77,5.82,15.82,216,4968,26691,13.55,59.69,24.58,1.67,0,86.2,1641.7,1
28.01,55.11,3.53,10.27,237,3555,20643,11.86,54.99,21.49,247.78,0,92.9,1206.0,0
20.47,37.66,4.39,32.11,127,2794,15772,11.86,52.41,18.87,1.88,0,38.3,1912.4,0
19.78,44.28,1.31,10.05,82,1230,8540,12.95,53.38,20.16,3.53,0,54.2,951.6,0
42.01,63.98,9.55,13.48,323,7106,37791,12.26,57.73,29.03,30.77,0,94.7,1984.9,0
9.46,39.44,7.82,7.97,160,1920,10662,12.71,44.68,18.09,33.08,0,72.2,1551.3,0
6.83,53.47,0.1,11.92,61,732,4319,11.12,42.76,17.25,182.57,0,71.6,1183.1,0
37.34,39.74,29.11,7.86,301,3913,24374,7.51,55.28,26.03,39.29,0,23.6,2149.7,0
18.15,44.55,17.18,11.96,319,3509,20626,11.52,50.41,15.94,35.02,0,26.3,1596.9,0
46.88,37.72,8.88,6.78,208,3120,21203,12.88,61.07,24.59,2.6,0,36.4,1915.1,1
44.18,55.24,51.18,9.36,85,1955,14343,5.71,59.52,28.17,5.05,0,51.0,2242.7,0
27.31,33.05,42.34,8.3,291,4074,23276,16.15,53.33,19.94,33.0,0,42.5,1840.2,0
44.17,43.59,1.5,8.56,220,4400,25919,8.61,63.03,26.63,226.31,0,98.0,1813.8,0
45.15,67.77,14.32,7.39,209,1881,16545,24.79,60.21,28.35,16.68,0,40.9,2281.6,0
51.43,70.73,25.48,10.34,65,845,10716,6.62,68.7,35.93,123.23,0,70.3,2383.8,0
19.85,65.06,2.85,2.79,143,1859,11561,11.3,50.69,18.17,26.66,0,66.2,896.7,1
5.62,76.23,2.05,18.91,345,6555,32388,6.84,45.1,18.23,68.91,0,77.0,1060.6,0
1.31,35.21,4.51,14.93,166,1826,10503,4.86,39.51,13.59,88.44,0,28.6,871.1,0
44.22,53.63,4.92,15.06,292,3796,24801,11.27,57.16,29.21,4.78,0,85.0,2365.5,0
25.63,56.13,50.28,11.32,67,1139,9281,8.7,51.45,20.62,87.75,0,23.1,1548.5,1
12.01,84.28,22.74,26.64,151,3171,16814,10.62,43.36,20.52,74.15,0,52.2,1248.5,1
29.07,51.44,0.92,8.16,219,3504,21071,13.05,56.77,22.59,70.42,0,56.9,2007.2,0
24.84,67.02,23.16,4.52,68,1292,8874,7.23,54.77,17.36,46.1,0,26.8,821.9,1
27.31,80.4,2.79,14.66,103,1751,10974,5.32,54.93,24.3,33.86,0,76.4,2018.6,0
23.1,56.95,6.63,39.12,318,6042,31078,4.87,56.61,20.31,40.98,0,95.3,1479.1,1
39.78,47.96,5.75,29.65,287,4592,26710,5.77,59.12,25.28,15.73,0,61.0,2127.0,0
12.28,49.26,4.77,21.56,322,2576,16990,9.25,45.28,17.81,87.12,0,36.0,986.4,0
24.43,29.33,5.54,48.52,69,1242,8759,14.04,51.73,19.86,22.48,0,36.7,1866.1,0
16.91,48.11,21.05,9.73,315,4410,24297,14.23,47.14,16.14,79.85,0,28.2,1113.6,0
36.3,33.68,4.65,9.44,205,3895,23807,4.68,55.66,26.31,146.84,0,93.5,1982.0,0
15.94,66.73,24.2,10.64,92,1012,6591,14.88,52.47,20.85,201.85,0,86.5,1628.3,0
9.8,31.57,1.43,2.77,149,3427,17367,2.15,41.92,17.93,62.93,0,92.9,853.6,0
32.59,60.88,13.56,29.78,98,882,8760,8.83,58.13,21.61,213.25,0,88.6,1291.8,0
30.65,72.07,29.82,12.37,243,3645,20953,5.76,58.49,25.02,6.47,0,69.0,2170.7,0
7.67,65.93,1.24,8.48,140,3220,16021,10.4,47.04,20.49,143.42,0,94.4,1302.5,0
47.29,47.75,15.11,10.94,166,2822,18892,15.76,62.21,31.5,21.76,0,79.5,2086.4,1
31.57,66.46,10.75,6.97,125,1250,9610,5.04,55.26,26.95,6.25,0,93.4,2199.7,0
20.63,55.15,6.05,12.66,160,1440,9565,11.48,50.49,20.29,70.83,0,52.4,1010.6,1
3.87,48.14,1.59,9.02,155,2480,12278,8.29,41.08,18.03,47.84,0,90.8,1278.1,0
41.69,49.55,16.93,9.28,326,3912,25221,9.53,62.26,23.4,23.24,0,83.3,1305.7,0
30.53,61.64,5.55,7.21,82,1558,11017,10.8,53.68,26.07,109.02,0,90.2,1954.2,0
36.04,31.65,6.21,12.51,234,3510,20789,8.81,55.7,26.94,234.6,0,97.3,2188.7,0
31.97,47.44,18.97,9.02,119,1785,12413,5.12,57.01,23.26,15.37,0,72.9,1782.4,1
6.04,60.62,43.6,27.54,179,3759,18654,15.94,44.08,17.82,15.72,0,45.4,1305.4,1
21.77,47.31,6.09,16.84,111,1998,12408,6.01,44.71,16.08,9.17,0,21.8,1175.7,0
42.34,35.62,20.6,5.56,91,1911,13489,10.29,55.58,30.8,312.51,0,75.0,2498.4,0
8.58,41.63,47.06,17.6,307,3377,19839,3.97,41.78,17.24,40.61,0,78.5,800.0,1
24.11,57.58,1.54,14.96,225,4050,21708,7.65,52.97,18.76,29.49,0,74.7,1308.9,0
10.68,62.24,11.3,12.71,105,2100,10361,7.64,44.87,20.92,59.96,0,73.0,1085.6,1
39.4,71.27,0.17,11.09,121,1210,11427,9.78,57.23,24.11,111.24,0,25.0,2168.1,0
25.57,66.71,26.16,24.68,219,3942,21647,6.18,55.49,22.15,71.43,0,87.2,1159.5,0
38.41,66.54,5.07,6.27,157,2041,15401,9.69,59.77,23.9,53.55,0,98.0,1650.9,1
36.61,26.18,6.07,11.69,85,1190,9916,5.64,54.89,23.76,102.87,0,59.0,2138.1,0
58.16,66.29,17.44,4.46,128,1792,16318,15.16,70.66,37.21,167.52,0,48.8,2581.2,0
56.22,47.24,23.35,16.78,336,4032,28651,9.69,66.1,38.28,70.93,0,83.8,2652.5,0
8.84,33.38,7.66,11.72,254,3556,19506,17.62,46.72,14.38,41.96,0,53.0,1339.9,0
34.46,63.37,16.43,6.76,217,1953,14918,9.6,57.56,25.18,43.21,0,23.8,2152.3,0
60.96,57.68,46.97,13.61,192,3072,22176,17.29,67.0,31.55,5.49,0,60.4,1814.7,0
31.41,68.27,32.69,27.62,275,2750,18570,5.29,58.33,24.19,31.49,0,65.4,2184.7,0
64.79,46.98,18.12,13.02,239,5497,33544,9.25,66.1,42.68,29.74,0,99.4,2659.1,0
22.65,54.91,42.99,4.74,75,1650,10169,12.97,54.69,20.66,127.28,0,55.4,1469.1,1
45.32,27.99,31.3,12.05,193,1544,14021,9.49,58.2,25.67,139.98,0,50.3,1912.3,1
59.96,84.41,19.59,14.54,227,2270,19736,7.68,66.82,44.67,42.15,0,86.8,2856.5,0
13.62,34.93,37.38,8.04,213,2556,15586,7.47,42.82,18.12,73.05,0,20.2,1233.8,1
23.61,42.85,25.51,46.15,188,1504,11804,5.87,54.28,19.67,10.09,0,58.2,1491.7,1
60.47,39.54,10.46,5.11,245,3185,24299,9.38,66.55,41.97,43.66,0,72.4,2827.7,0
29.2,58.1,10.47,2.65,241,5302,28235,8.57,55.08,23.43,135.14,0,83.5,2010.6,0
40.04,42.28,0.13,6.94,297,5643,31782,4.81,56.24,23.73,8.53,0,43.9,2132.5,0
45.08,71.17,0.46,3.78,319,2552,20494,10.33,58.98,26.47,47.27,0,53.9,2062.4,1
18.48,59.72,20.57,21.47,233,4660,24827,12.35,52.64,19.38,10.23,0,23.7,1578.6,0
41.02,32.65,12.14,23.03,345,5865,33635,17.18,62.85,24.19,42.63,0,37.8,1754.7,1
34.97,66.7,21.47,4.63,337,4381,26184,6.55,53.69,28.45,5.05,0,87.8,2076.6,0
17.56,68.68,44.84,6.34,227,3859,21957,6.14,49.5,21.71,32.79,0,75.2,1707.1,0
20.53,44.07,9.04,5.88,306,2448,17587,11.44,47.64,18.82,268.16,0,82.0,1527.5,0
60.86,37.83,1.39,12.02,192,2880,21992,8.85,68.65,29.58,90.57,0,32.8,2010.0,0
14.17,60.98,14.77,16.15,302,6040,30042,11.35,46.72,17.05,157.15,0,37.0,1306.5,1
43.59,64.88,1.58,29.88,262,5502,30949,9.12,59.61,29.26,154.18,0,50.4,2397.0,0
30.82,39.95,14.57,15.72,336,3024,21137,10.35,58.61,21.26,160.45,0,89.2,1264.6,1
45.5,68.85,11.25,9.95,347,3123,22744,13.27,68.18,26.24,25.5,0,72.6,1761.4,1
42.75,46.39,18.68,9.69,193,1737,14809,12.58,61.15,24.27,23.04,0,46.0,1886.0,1
27.82,72.75,6.48,12.92,107,856,8005,4.91,56.91,21.45,34.11,0,21.6,1847.9,0
18.52,31.3,2.33,13.39,282,2538,16650,8.09,48.56,19.82,17.13,0,77.4,1903.4,0
55.53,44.0,4.04,11.32,338,5070,32208,14.14,63.0,20.99,37.73,0,25.7,1241.9,1
50.32,51.87,17.26,12.92,129,1935,16084,12.64,66.1,30.89,51.78,0,31.5,2296.9,0
32.18,40.13,9.76,12.01,209,4180,23130,18.15,52.89,24.29,35.66,0,87.6,2071.1,0
29.4,54.53,11.67,5.1,104,1352,10202,16.11,55.07,21.59,42.39,0,25.8,1829.5,1
12.54,49.8,5.85,13.31,117,2574,13203,10.83,46.91,19.88,167.18,0,40.6,1630.2,0
44.44,51.85,27.18,7.21,99,2178,15188,9.61,61.31,28.45,4.37,0,30.2,2417.4,0
57.58,48.94,112.72,13.79,93,1860,15782,18.4,61.79,39.85,121.02,0,53.2,2717.3,0
12.38,35.64,5.61,16.34,289,6069,29778,4.49,46.93,16.21,155.88,0,66.9,1091.2,1
14.17,54.66,19.02,24.69,258,2838,16318,8.62,46.44,15.73,4.05,0,37.4,1361.1,1
18.73,53.12,2.81,11.94,60,1020,7318,9.36,46.84,20.13,18.41,0,81.8,1420.8,0
19.13,39.87,20.35,8.31,81,891,5965,11.19,52.79,19.76,88.54,0,25.9,1615.2,0
27.5,73.74,8.45,20.22,291,4365,24842,14.48,52.63,21.85,162.05,0,74.4,1067.3,0
25.95,59.72,13.94,12.66,254,3810,22698,8.8,53.4,22.84,29.4,0,64.9,1714.3,0
11.6,65.79,4.07,39.57,255,4845,25272,4.23,49.7,16.48,31.42,0,38.5,1487.1,0
58.79,42.87,28.62,5.2,186,2790,21301,7.79,71.48,33.93,171.56,0,28.2,2247.1,0
14.18,20.37,2.86,8.6,268,6164,30173,15.37,47.4,20.89,19.38,0,94.8,1747.2,0
26.71,81.16,39.59,7.94,286,6578,34143,8.02,53.31,23.29,14.92,0,98.2,1460.0,1
16.93,57.53,0.95,36.84,274,4658,25824,24.15,50.83,20.0,80.04,0,63.7,1626.9,0
50.51,60.45,5.09,16.01,280,3080,22753,21.11,63.87,34.17,14.49,0,46.2,2678.4,0
21.52,59.81,12.42,3.96,311,2799,18852,9.09,56.04,20.34,23.41,0,34.5,1753.5,0
30.27,60.99,29.33,4.15,257,2570,18764,11.54,54.26,24.65,37.51,0,39.8,1836.1,0
60.43,39.04,12.91,20.4,306,6120,36638,8.8,63.29,42.05,7.07,0,87.8,2822.6,0
22.64,39.57,3.65,6.46,109,1090,8343,16.11,54.39,17.6,74.93,0,32.2,1703.9,0
33.0,39.61,29.39,12.22,83,1826,11593,8.76,53.38,21.5,123.07,0,55.0,1011.7,1
15.53,63.27,13.6,10.76,125,1625,10592,5.22,54.25,18.51,125.44,0,96.3,1366.5,1
26.4,36.8,3.97,39.92,181,1448,11258,8.62,52.27,21.66,73.77,0,99.4,1611.7,1
38.71,32.07,12.38,10.57,138,1104,11360,12.83,57.33,24.6,46.74,0,43.1,2352.8,0
12.2,45.36,16.87,9.46,264,5016,24897,22.27,46.15,17.05,30.74,0,58.6,989.8,0
23.07,50.92,17.12,17.09,69,690,6303,7.23,49.93,21.34,0.47,0,31.2,1750.3,0
33.74,54.25,19.31,23.74,81,810,8901,12.64,56.61,21.33,157.46,0,44.2,1568.8,0
7.24,47.71,33.91,13.11,280,2520,14124,18.7,42.57,16.34,1.58,0,25.6,1055.0,1
37.82,62.26,26.13,3.07,300,3300,23400,9.83,56.23,28.02,55.53,0,75.6,2439.2,0
31.94,72.5,14.04,19.79,145,1740,12292,8.58,57.25,23.91,13.62,0,23.3,2047.0,0
19.73,55.74,0.49,5.4,63,1134,7570,7.22,57.13,19.75,69.17,0,28.9,1376.3,1
28.72,72.43,20.77,4.85,125,1250,10187,11.0,54.33,23.03,7.08,0,66.8,1468.3,1
60.08,63.25,55.31,9.07,244,3416,24383,11.15,69.9,33.47,58.49,0,62.7,2102.6,1
9.71,40.67,5.47,13.13,147,2499,12944,10.91,40.36,19.38,111.08,0,81.6,1016.1,0
27.5,42.3,14.01,29.23,341,5797,32419,8.15,50.71,17.96,53.43,0,28.8,1429.1,1
50.46,41.54,21.96,3.59,81,972,10861,19.53,64.11,32.81,13.79,0,59.3,2502.3,0
15.95,52.14,15.29,13.37,261,2871,17827,10.85,43.78,19.42,68.43,0,89.7,800.0,1
21.44,50.82,38.37,29.56,121,1089,8234,4.01,53.61,17.76,61.11,0,60.2,1027.4,0
46.32,63.92,9.62,11.46,334,5344,31181,6.99,62.57,27.2,158.76,0,99.0,1839.4,0
27.81,52.65,11.38,19.35,228,2280,16261,21.62,54.71,21.07,2.66,0,73.3,1478.5,0
18.5,58.72,0.58,18.39,81,1296,9232,3.99,56.7,18.02,95.14,0,37.6,1785.7,0
11.46,37.48,34.57,8.66,86,688,5470,12.25,44.41,15.12,40.91,0,35.0,1390.7,0
42.29,58.62,4.56,17.54,189,3402,22712,4.55,60.22,21.52,43.39,0,59.7,1114.5,1
64.41,47.82,57.54,13.07,336,3360,26098,8.38,66.81,46.62,249.3,0,59.0,2917.6,0
30.83,46.73,3.39,10.07,148,2516,16102,18.66,53.35,21.33,31.98,0,86.9,1518.4,1
41.06,45.3,4.38,31.75,81,1782,12956,9.61,62.6,29.42,64.49,0,26.9,2438.5,0
19.61,77.67,9.94,10.97,218,4796,24566,7.7,54.17,22.15,21.89,0,70.2,1052.4,1
13.89,37.3,16.2,30.15,232,4408,23368,4.23,47.13,21.5,33.44,0,98.8,1744.8,0
9.85,65.15,8.72,9.93,60,1080,7207,3.66,42.77,18.82,59.77,0,57.6,978.8,1
36.73,54.3,6.5,11.28,74,814,9312,7.76,60.79,21.84,398.61,0,77.6,1283.7,0
50.74,34.6,11.65,10.59,217,2170,17603,16.69,63.36,28.13,62.56,0,98.5,1839.0,1
23.65,50.54,47.66,22.87,328,4264,24606,20.15,47.33,23.52,18.56,0,76.7,1760.1,0
40.56,19.95,49.03,7.25,137,1918,13785,9.66,60.43,24.85,240.65,0,49.1,2166.9,0
26.49,80.79,5.96,16.07,93,1488,11318,5.27,53.34,25.97,22.32,0,77.9,1866.5,0
38.08,49.48,17.1,15.44,212,3392,21985,12.31,56.49,26.49,62.76,0,25.7,2409.4,0
22.53,71.73,19.2,15.5,92,1288,9455,14.41,53.57,21.17,2.94,0,50.0,1867.1,0
4.52,75.19,15.89,41.65,294,5880,28795,4.99,49.16,19.83,43.28,0,72.0,1440.2,0
16.44,46.48,1.8,10.72,144,2448,14234,14.55,49.78,19.3,204.61,0,74.7,942.3,0
19.14,55.44,11.63,62.75,177,2478,14421,4.62,52.73,19.02,1.79,0,27.9,1554.6,0
26.16,57.78,21.61,23.88,283,6226,31758,5.89,56.21,19.61,24.64,0,48.6,1420.0,1
35.64,83.5,3.36,5.11,75,1275,10605,11.25,58.6,25.97,74.97,0,36.8,1829.1,0
8.07,52.13,6.42,6.15,128,2304,12448,3.91,45.62,16.63,87.88,0,23.5,1487.4,0
10.85,54.19,3.42,22.56,214,2140,13033,10.19,45.76,16.74,51.45,0,30.2,954.9,0
24.55,34.01,32.7,7.79,78,1170,8998,8.21,53.42,17.44,106.88,0,48.4,1039.4,0
54.54,41.59,29.34,14.12,337,3033,24148,9.32,66.09,35.22,26.73,0,50.6,2740.4,0
33.55,47.5,2.78,8.04,244,4880,27676,5.09,54.94,25.95,29.04,0,82.8,2049.8,0
11.19,74.52,21.44,9.23,285,6270,30169,3.87,50.72,16.02,57.58,0,27.4,1021.8,1
7.86,83.4,6.79,10.45,153,2754,13138,4.31,46.24,16.78,43.4,0,47.1,1213.0,0
22.32,62.52,17.38,22.01,201,2211,13972,11.38,49.52,22.52,27.84,0,94.4,1585.9,0
23.93,60.26,10.2,10.64,194,1940,13751,6.27,53.94,20.64,5.17,0,32.1,1391.5,1
46.92,65.27,9.58,28.68,169,3211,19955,10.77,61.03,28.5,2.55,0,21.9,2502.6,0
10.93,44.73,31.97,6.79,277,6371,30993,7.52,52.6,16.07,93.57,0,32.6,1313.5,0
35.08,75.85,15.2,19.62,152,2888,18493,11.74,56.46,23.14,11.79,0,97.0,1106.1,0
11.47,33.53,4.03,13.85,325,7475,36153,7.56,45.79,15.62,8.07,0,60.8,1347.3,0
52.1,48.18,1.76,5.81,107,1712,15044,12.8,62.98,30.46,55.86,0,71.3,2411.1,0
46.29,64.8,40.64,8.55,105,1365,12323,7.2,62.29,27.22,94.1,0,27.9,2219.6,0
44.58,47.78,2.5,11.35,169,3549,22227,10.4,59.99,26.41,194.96,0,53.7,2053.7,1
45.07,92.03,19.87,25.63,146,2044,15725,6.45,60.8,32.84,70.55,0,61.1,2453.8,0
20.78,65.01,10.27,11.3,261,3393,19559,5.68,49.71,18.67,194.21,0,58.8,1343.4,1
55.31,69.75,2.26,42.13,298,6854,37924,6.82,66.77,42.27,53.58,0,88.8,2958.6,0
24.14,43.62,22.49,10.06,341,5115,27696,12.24,49.65,20.7,66.3,0,36.2,1574.9,1
35.22,69.47,35.23,12.92,305,2440,19031,15.28,58.88,22.73,116.36,0,51.6,1543.0,0
56.23,67.15,1.94,26.93,62,1240,12831,22.75,63.28,23.91,78.66,0,70.7,1554.5,0
6.6,78.47,1.04,5.72,164,2296,11962,7.76,44.2,19.75,53.03,0,83.5,1342.0,1
47.8,22.12,28.44,25.05,133,1729,14093,20.35,59.93,28.79,55.17,0,60.1,2172.4,0
36.2,43.29,10.43,8.25,88,704,8488,20.72,55.07,25.21,55.19,0,75.9,1774.2,1
40.16,60.05,16.84,10.59,202,4646,26568,10.35,61.96,23.86,31.04,0,24.1,1941.9,1
14.48,60.49,8.74,14.16,149,2831,15011,8.05,50.1,16.29,38.61,0,37.3,1443.2,0
14.85,54.32,7.98,7.5,341,6820,33860,8.13,45.17,16.55,80.28,0,21.4,1525.8,0
26.73,32.08,5.34,60.15,95,760,7645,10.28,50.31,23.13,14.98,0,74.5,1897.7,0
26.65,57.95,12.41,13.93,63,504,6118,11.81,51.35,20.59,196.82,0,24.1,1859.7,0
20.17,59.63,2.61,13.23,301,3913,22262,4.38,51.84,19.86,136.93,0,50.6,1416.6,1
51.91,54.95,18.95,8.55,344,6536,37566,11.14,64.74,30.98,64.44,0,29.6,2502.1,0
1.26,54.45,11.96,5.45,303,3030,15588,7.68,45.1,15.68,38.85,0,21.3,800.0,0
23.01,69.13,28.21,24.09,81,1053,8364,6.9,52.63,22.36,144.05,0,81.5,1680.1,0
8.92,52.69,38.08,10.35,249,5478,27098,14.41,49.36,19.65,79.97,0,81.2,1254.2,1
54.37,36.25,34.63,14.86,270,5400,31989,9.25,62.79,34.43,134.44,0,20.9,2512.5,0
33.81,76.05,13.79,6.78,314,5024,29583,7.56,57.39,21.88,35.87,0,34.9,1952.1,0
22.1,75.21,5.76,19.85,164,1804,11963,7.53,50.87,20.47,134.55,0,57.3,1466.6,1
12.23,54.41,6.63,10.09,135,3105,15967,12.85,46.66,20.44,3.11,0,99.5,882.0,0
32.72,68.13,15.86,4.52,241,1928,14757,12.14,58.03,20.88,6.04,0,29.3,1664.4,0
10.0,32.14,18.67,10.24,293,5274,26699,5.09,40.92,15.16,189.11,0,32.5,1510.8,0
33.76,52.83,2.64,19.44,178,1602,13001,5.88,60.88,26.32,37.91,0,94.5,2035.8,0
58.29,29.29,92.84,17.33,198,2376,18851,7.14,67.09,34.89,235.7,0,41.9,2352.4,0
54.9,71.87,1.71,15.34,316,4424,29242,18.22,66.24,39.48,88.52,0,82.3,2620.7,0
14.44,32.56,14.01,11.93,124,1488,9713,3.15,45.0,12.53,64.83,0,26.3,1186.2,1
53.98,48.83,11.36,12.47,311,5909,34661,12.37,64.48,35.9,39.93,0,75.3,2581.0,0
4.91,58.24,13.41,8.73,194,4268,20002,10.45,45.16,17.91,188.05,0,62.2,800.0,1
22.69,67.36,11.45,24.46,218,2834,17684,9.3,49.61,18.48,105.75,0,49.4,1505.2,1
15.07,62.91,0.89,11.82,183,3477,18603,4.16,45.85,20.05,44.78,0,77.0,1665.2,0
3.98,72.14,82.54,8.89,188,1504,10282,5.47,48.79,20.05,27.01,0,76.3,1272.9,0
42.0,67.06,59.67,35.69,213,2556,17885,13.6,56.45,28.98,55.57,0,57.7,1816.4,1
47.03,74.63,11.15,25.61,344,4472,28711,8.56,63.22,36.05,72.43,0,93.7,2600.4,0
45.93,28.67,3.5,12.91,222,1776,16994,12.78,59.25,29.09,68.19,0,60.4,2167.2,0
29.29,47.73,3.03,9.87,96,864,8854,5.01,57.01,22.84,62.35,0,73.2,1662.6,0
32.53,61.77,0.88,10.05,325,4225,25759,10.65,52.1,24.69,29.82,0,82.0,1648.4,1
60.83,78.61,14.2,6.83,256,5120,31089,12.29,67.96,35.31,145.87,0,67.5,2188.8,1
22.8,47.42,9.76,21.58,173,2422,15414,6.53,51.8,18.33,99.78,0,36.6,1796.4,0
32.86,84.48,8.08,36.72,63,567,6920,10.91,60.39,23.43,21.47,0,28.7,1957.6,0
18.89,60.3,11.17,17.18,258,2064,14177,18.56,51.13,16.9,74.63,0,30.4,1200.8,1
47.59,44.33,30.94,30.91,305,3965,26999,6.24,66.72,24.96,182.03,0,37.5,1321.6,1
46.2,37.68,1.1,20.42,186,4278,26054,10.24,60.84,29.5,98.8,0,45.0,2524.9,0
33.55,66.04,11.78,5.04,174,3828,22028,14.73,56.45,20.98,136.82,0,87.4,1688.6,1
29.13,45.4,18.11,29.31,194,3492,20237,9.43,57.07,20.4,38.06,0,48.6,1593.4,1
30.1,50.92,52.95,10.65,236,4012,22291,9.9,58.83,23.16,58.91,0,30.4,2238.6,0
32.72,57.43,20.19,13.89,248,5456,29703,5.63,54.27,22.35,22.89,0,35.8,1517.6,0
6.76,57.99,11.91,7.06,201,4221,20706,6.62,47.53,20.97,17.14,0,66.8,1146.0,0
33.28,83.69,21.84,4.25,259,5957,32008,8.06,62.18,24.16,84.76,0,47.5,1671.2,1
56.89,60.91,87.43,8.39,211,3798,23839,7.23,70.26,31.06,51.5,0,50.8,2008.6,1
16.87,45.93,32.94,14.36,110,1320,8430,7.55,47.78,16.45,52.16,0,48.6,1507.1,0
32.35,43.8,1.4,13.16,90,900,8531,6.5,55.37,24.25,26.15,0,58.4,2085.7,0
25.95,80.01,12.83,19.65,310,5580,30123,6.78,60.07,21.37,7.87,0,64.1,1031.7,1
21.07,47.27,23.16,14.5,189,3969,21214,14.64,51.15,22.15,60.23,0,65.6,1794.7,0
44.54,63.77,16.72,13.35,150,2400,16887,13.76,59.3,32.14,51.34,0,66.1,2327.0,0
19.25,57.88,8.09,8.79,230,1840,13178,13.5,45.79,18.71,54.13,0,29.9,1388.5,1
42.16,61.31,5.84,41.04,312,6864,37987,6.68,61.25,29.89,10.03,0,83.9,2093.6,1
31.48,75.97,14.79,39.72,147,2352,15496,9.37,60.05,22.05,140.2,0,27.0,1905.5,0
8.92,59.24,7.97,14.31,238,1904,12585,6.59,44.35,17.74,5.59,0,43.9,1500.2,0
18.14,67.26,7.46,5.31,326,7172,35743,6.39,50.04,20.32,109.05,0,97.2,1517.3,0
28.89,59.59,27.19,15.21,236,4720,25779,6.3,52.29,23.56,29.84,0,99.2,1628.5,0
19.12,48.2,5.69,5.72,75,1050,7454,12.79,47.48,18.72,173.92,0,57.4,1244.6,0
25.46,62.41,15.53,5.27,175,4025,21798,6.51,53.41,23.27,43.5,0,67.5,1957.2,0
26.26,45.24,31.0,22.19,280,2240,16902,5.05,53.22,22.24,150.47,0,99.3,1133.8,0
18.69,37.55,14.58,7.3,228,4560,24493,4.02,40.07,17.55,5.23,0,60.3,1220.0,1
12.36,63.72,10.18,9.07,258,5160,26452,17.84,45.55,18.3,88.14,0,69.0,927.9,1
35.91,61.96,0.54,21.13,75,975,9414,6.32,58.98,25.83,45.0,0,42.7,1838.1,1
0.72,60.42,17.17,16.2,287,6601,31174,4.45,43.9,14.27,45.54,0,61.0,918.0,0
22.54,54.66,90.03,18.55,70,1260,8568,15.86,53.84,20.75,265.5,0,25.3,1597.0,0
36.83,53.92,24.79,35.87,270,5400,30641,10.21,56.52,24.92,20.64,0,87.6,1875.6,0
47.01,38.75,15.1,8.85,309,4944,30621,10.79,65.02,30.02,111.19,0,71.7,2479.0,0
23.34,27.06,9.5,14.94,67,938,7507,4.53,48.95,16.58,56.4,0,21.4,1603.0,1
60.46,68.32,3.81,30.01,327,6213,36602,8.53,67.15,41.32,36.86,0,20.7,2832.3,0
11.16,68.12,17.67,7.0,120,2760,13906,8.02,47.9,22.7,30.38,0,84.6,1530.2,0
29.18,51.24,2.93,11.26,242,4356,23847,5.86,52.84,20.0,9.56,0,94.2,1007.2,1
24.37,77.08,32.71,20.45,200,4400,23286,7.21,56.1,24.4,223.13,0,50.2,1465.2,1
9.12,62.5,6.55,5.82,222,4440,21445,21.38,43.15,19.88,7.06,0,31.0,1532.3,0
34.24,60.07,7.66,13.99,280,5040,27970,7.17,60.2,25.06,13.6,0,89.0,1968.8,0
26.14,85.26,3.65,10.25,79,1027,8633,12.05,56.64,22.8,90.88,0,61.9,1539.4,1
10.55,36.18,9.86,7.07,113,1356,8078,3.06,46.84,17.37,398.53,0,34.1,930.7,1
33.94,54.29,17.11,25.08,126,2520,15438,6.36,58.72,25.33,49.04,0,98.9,2122.6,0
6.67,42.22,5.41,21.14,250,2500,14564,1.91,44.37,18.03,2.13,0,45.7,1100.7,0
39.48,49.48,18.15,16.79,179,3222,20358,14.06,58.61,24.76,17.5,0,66.9,2270.9,0
17.02,53.99,14.54,18.63,130,1170,7823,8.47,52.68,16.56,38.36,0,27.7,1012.9,1
69.12,54.33,6.99,9.58,324,2916,25041,9.77,72.1,47.88,226.8,0,52.9,3030.5,0
17.02,38.9,5.63,12.58,177,2832,16251,7.8,48.23,18.88,10.03,0,68.1,1290.4,1
25.97,56.02,29.63,7.44,248,4960,25880,3.9,51.72,24.07,167.54,0,98.4,1701.2,0
34.09,42.63,0.18,19.37,246,2460,18590,15.98,57.1,21.56,21.21,0,54.2,1674.6,1
19.36,72.95,18.88,7.08,235,3290,19936,5.37,51.34,19.81,0.93,0,32.4,1910.4,0
44.21,66.47,8.1,9.03,76,1596,13537,12.94,58.83,29.28,6.04,0,63.9,2168.8,0
29.18,60.16,18.97,6.6,258,5418,28590,9.95,56.04,21.57,57.82,0,47.9,1731.1,0
4.32,47.86,10.62,13.88,110,2530,11415,24.24,41.68,17.95,248.57,0,69.6,1171.2,0
8.53,57.32,1.31,10.43,128,1408,8036,4.5,41.37,17.7,31.61,0,82.7,1350.2,0
47.38,65.6,60.3,15.51,147,3087,20724,16.01,65.91,30.14,40.51,0,20.6,2442.7,0
27.4,49.89,1.35,8.18,266,3724,22180,9.82,54.75,20.39,101.58,0,48.0,1804.7,0
23.74,31.15,2.59,7.74,244,3172,19643,18.18,47.56,18.71,41.08,0,48.9,1772.3,0
26.71,65.79,8.18,15.84,144,2592,16026,7.41,59.06,22.32,172.82,0,60.9,1811.6,0
10.35,62.95,43.4,11.24,160,3520,18887,6.57,51.8,22.06,285.84,0,78.7,1635.1,0
22.8,59.82,5.2,67.01,189,3213,19335,17.26,51.95,19.01,66.2,0,63.3,1306.2,1
26.27,43.62,12.61,18.02,276,6072,31593,9.94,48.62,18.79,2.31,0,63.9,1538.5,1
68.91,69.4,11.05,13.26,342,7524,43775,12.64,74.36,43.23,9.06,0,66.5,2795.6,0
25.06,72.23,6.01,26.53,111,1998,12064,6.15,56.96,26.32,4.12,0,68.0,1831.8,0
24.46,59.22,17.88,22.22,176,3696,19796,10.85,54.07,18.97,83.81,0,24.4,1724.2,0
27.67,49.06,10.44,13.6,110,1210,10679,17.47,51.41,21.66,14.17,0,77.4,1601.7,1
27.22,49.37,12.95,75.76,225,2250,15328,12.28,50.27,19.4,50.04,0,31.0,1584.4,0
22.99,49.07,3.54,24.37,78,1404,9999,10.68,53.24,22.23,15.21,0,31.3,1664.6,0
42.57,48.38,39.17,6.24,165,3795,22127,7.69,60.77,26.83,123.01,0,79.2,1838.5,1
22.27,49.69,1.76,9.97,217,2387,14906,4.0,48.93,19.06,42.52,0,69.7,922.1,1
47.74,59.85,17.58,4.16,133,1197,13585,8.36,60.27,30.6,351.79,0,29.4,2380.3,0
23.1,68.45,32.56,5.06,200,4600,24182,17.94,54.52,25.93,38.44,0,92.0,2140.6,0
43.14,76.77,1.32,72.97,334,6012,34176,5.66,58.48,32.64,162.07,0,84.1,2305.6,0
38.69,41.3,0.44,27.41,206,4326,25858,14.24,54.52,25.86,57.17,0,63.1,1976.9,1
20.87,43.76,6.08,4.43,330,2970,19287,6.39,48.16,18.17,67.88,0,61.0,956.0,0
9.0,67.66,23.41,12.14,167,1837,10882,3.42,49.91,18.14,2.52,0,73.9,1298.2,1
60.39,41.31,18.95,9.84,343,6174,37193,10.95,65.97,33.82,52.14,0,42.9,2274.0,1
22.65,37.62,25.9,59.8,109,1090,8757,9.93,49.23,19.57,108.16,0,75.5,1853.4,0
30.43,40.86,7.6,2.97,348,4176,25580,19.0,51.6,23.75,48.33,0,85.5,1833.0,1
16.46,52.36,76.15,8.32,114,912,8175,5.02,46.95,19.59,16.28,0,26.3,1787.4,0
18.24,79.54,6.84,8.38,180,2520,15789,2.59,53.82,17.18,98.11,0,29.3,994.2,0
47.66,53.08,24.55,7.94,95,1045,11077,5.65,62.71,29.0,167.88,0,54.9,2107.8,0
52.64,59.11,6.48,14.22,257,3341,23089,10.52,63.58,28.41,282.04,0,74.0,1845.9,1
36.09,37.03,3.7,20.76,189,1701,12896,12.48,59.95,20.47,168.22,0,46.5,1320.4,1
25.1,71.11,6.16,8.91,230,2530,16310,4.76,55.23,23.07,60.05,0,53.2,1922.2,0
38.35,68.07,3.21,11.63,213,4899,26974,13.82,61.02,27.98,34.58,0,54.8,2218.6,0
19.59,47.97,2.07,6.87,128,1536,11053,21.34,47.27,18.68,70.79,0,54.6,1484.3,0
29.76,44.69,6.79,7.21,338,4394,26411,12.26,54.79,22.93,50.07,0,79.7,1674.7,1
13.24,69.37,2.38,15.59,119,2261,12824,12.77,45.92,19.12,127.91,0,48.5,849.3,1
12.63,51.61,10.47,17.23,120,960,7193,6.66,45.47,18.07,57.05,0,91.9,1183.2,1
35.48,45.04,0.54,4.03,100,2100,13870,11.12,52.91,19.89,23.33,0,38.7,1069.2,0
32.2,49.5,8.47,7.87,341,7502,38445,9.92,56.81,24.89,170.24,0,94.5,1767.9,0
31.08,58.58,47.55,10.04,328,3608,22569,13.4,56.41,24.75,66.12,0,30.0,1837.6,0
22.66,65.98,6.67,9.67,140,1260,9688,12.25,48.05,19.85,75.6,0,62.4,1212.3,0
31.17,59.85,2.22,10.4,186,3906,22170,20.02,54.78,22.87,31.1,0,37.5,1701.0,0
17.22,59.07,5.46,2.7,217,3689,20576,8.43,49.79,19.2,86.94,0,86.6,849.1,1
4.15,51.39,23.5,23.18,189,1512,8996,5.45,45.13,19.66,7.89,0,91.3,993.7,0
27.62,57.18,5.65,11.63,264,5280,28245,12.04,50.31,21.44,39.9,0,55.6,1660.3,0
9.43,49.13,7.26,65.68,97,2037,11239,18.57,42.66,20.26,32.32,0,49.6,1481.3,0
41.18,50.95,23.32,17.76,210,4620,26456,8.12,56.01,20.84,44.46,0,24.1,1488.4,1
51.57,76.32,4.53,15.33,88,1584,14067,5.66,67.28,34.92,49.31,0,56.5,2443.8,0
63.42,55.63,9.76,7.28,116,2088,18449,12.42,69.4,42.39,5.51,0,20.0,2910.2,0
27.17,49.49,0.98,8.59,260,5980,31428,5.83,53.4,20.97,166.18,0,63.9,1874.3,0
16.12,44.89,2.87,19.72,330,5280,27796,1.89,45.67,19.69,56.39,0,88.7,1667.5,0
30.2,21.99,3.53,10.32,280,6160,32687,3.31,52.59,17.64,39.73,0,90.1,887.0,1
24.75,86.3,9.34,8.04,137,1096,9760,10.28,55.81,22.88,37.44,0,50.0,1999.5,0
27.74,87.94,25.8,37.85,266,2394,16934,5.23,56.21,25.3,33.07,0,65.8,1785.7,0
47.22,64.42,6.57,15.24,149,2384,17944,6.69,66.97,30.67,7.03,0,46.2,2331.5,0
21.9,39.47,7.18,19.62,285,4275,24608,7.12,54.25,22.56,56.64,0,94.0,1301.1,1
25.13,96.02,5.37,10.13,322,7084,36222,9.48,55.88,25.23,11.59,0,71.9,1953.7,0
13.45,33.94,5.8,25.33,146,2482,14462,4.09,46.88,15.15,102.34,0,58.7,1666.2,0
25.75,60.9,7.75,8.86,160,3040,17106,23.58,53.76,20.45,13.94,0,29.7,1738.4,0
57.58,29.3,34.45,24.89,341,5797,35200,12.41,64.04,33.4,30.31,0,31.2,2562.6,0
17.48,22.42,0.37,9.31,175,2975,16095,7.31,45.32,16.23,436.92,0,88.6,1498.8,0
44.04,58.48,14.7,32.49,271,2981,21103,7.02,60.99,31.3,9.16,0,28.8,2445.5,0
24.0,60.39,32.8,26.75,275,2475,17676,5.39,52.73,19.15,86.4,0,30.8,1738.9,0
44.58,56.78,8.09,9.47,286,4290,26265,19.44,62.34,28.65,73.94,0,41.5,2277.7,0
41.81,77.4,15.79,47.71,338,3380,23223,9.58,63.11,24.94,56.62,0,33.5,2139.5,0
12.48,54.28,13.22,13.29,311,5287,28172,3.52,50.86,20.14,36.26,0,85.9,1563.0,0
41.36,67.18,6.2,34.27,264,6072,32943,10.77,56.16,27.63,2.4,0,20.5,2155.0,0
8.55,43.26,2.22,6.22,217,1736,12035,7.19,43.77,19.29,77.91,0,87.8,1347.4,0
10.24,74.43,3.72,18.6,134,1206,7917,14.37,45.27,19.54,6.59,0,54.1,1219.3,0
22.85,75.71,0.89,15.5,141,1551,11378,4.81,52.53,20.92,304.81,0,77.4,1344.8,1
54.67,51.18,21.71,9.66,325,2600,21405,9.71,67.38,28.44,19.13,0,50.8,2083.1,1
35.11,60.63,11.42,21.72,63,819,8544,9.46,54.85,24.03,15.89,0,93.3,1583.2,1
13.94,44.52,23.1,26.67,224,2464,13699,4.89,45.92,14.93,48.24,0,40.4,800.0,1
5.37,51.69,5.14,16.84,293,5567,27308,2.37,45.44,18.07,173.0,0,37.7,1346.4,0
38.07,66.06,24.5,15.45,263,4734,27025,11.65,58.25,27.92,37.75,0,83.1,2254.6,0
27.94,62.27,5.55,14.31,276,3588,21281,12.66,51.91,18.77,117.89,0,20.7,1700.1,1
30.67,29.06,1.94,16.71,276,3312,20980,8.41,52.79,21.05,62.98,0,24.7,1974.3,0
34.3,37.94,11.45,19.72,92,1656,11119,15.68,53.61,18.93,16.99,0,41.0,1183.1,1
47.61,46.18,43.59,19.14,138,3036,19904,7.66,63.74,29.01,177.83,0,82.8,2011.8,1
25.55,58.3,8.03,17.56,209,2299,16008,9.75,51.8,18.21,168.22,0,36.5,1356.8,1
50.12,41.24,10.87,9.35,275,3850,25046,7.74,61.91,24.2,23.86,0,66.0,1235.1,1
15.4,33.79,9.0,22.36,271,5149,26292,7.34,51.9,17.24,15.01,0,33.3,1320.1,0
6.32,15.56,9.17,17.23,299,4186,21813,15.69,40.77,19.59,47.82,0,94.6,831.6,1
44.83,86.29,3.62,15.39,273,3003,22014,17.99,65.39,30.07,59.18,0,44.4,2252.1,0
11.0,58.03,8.24,10.69,212,2332,13942,11.42,43.37,18.13,116.99,0,27.6,1335.8,0
29.98,33.36,10.3,22.07,267,2937,19121,23.69,55.41,18.75,1.0,0,33.5,1479.3,1
53.63,70.5,20.49,3.59,316,4740,29881,10.44,68.03,30.87,75.9,0,63.7,1934.5,1
6.71,77.4,2.26,11.79,87,1566,8472,3.43,47.87,17.53,0.1,0,34.7,1071.6,0
33.73,58.2,12.72,9.66,282,3384,22094,10.97,61.38,23.44,17.88,0,79.4,1258.4,0
6.16,64.35,16.28,9.16,159,3021,15457,3.08,45.21,17.92,111.32,0,45.0,1363.4,0
26.69,74.63,7.24,10.42,173,3633,20821,10.35,53.68,18.29,150.21,0,34.2,1329.2,1
1.47,64.08,11.95,6.56,165,1980,11040,13.41,40.32,15.67,27.37,0,27.6,800.0,0
9.29,64.49,18.61,9.91,166,2656,13923,5.55,47.23,20.26,16.3,0,42.9,1506.6,0
16.21,31.99,9.39,6.02,189,3213,18538,2.17,48.56,17.98,5.67,0,96.0,1250.7,1
5.56,14.06,6.08,15.62,223,2899,16354,8.68,47.97,12.31,45.98,0,24.1,1111.2,0
36.29,67.92,26.12,21.44,217,2387,17900,12.98,57.95,26.86,21.25,0,96.4,1892.0,0
32.62,51.64,67.4,22.89,303,6363,35065,5.27,58.2,26.24,22.83,0,79.5,2036.7,0
55.17,48.18,3.66,16.93,205,4510,28154,13.36,62.88,28.46,124.05,0,66.8,1971.5,0
10.99,69.6,33.03,8.7,187,2618,15419,2.81,51.01,20.13,63.91,0,59.0,1393.6,0
21.72,40.68,11.83,6.28,83,1909,11022,7.57,56.2,18.94,10.58,0,31.4,1518.2,0
7.82,54.45,8.91,8.24,177,2655,14479,7.74,47.59,16.29,10.32,0,23.0,1492.3,0
17.68,55.86,33.55,10.07,188,4136,21279,4.82,50.98,20.51,0.4,0,69.9,1278.4,1
59.54,65.35,36.18,8.35,233,3262,23684,9.18,68.96,40.0,133.42,0,39.1,2735.6,0
39.72,60.12,4.78,52.31,83,1079,10922,5.92,62.06,24.12,117.13,0,62.4,2103.9,0
10.56,60.13,6.66,18.6,336,6384,30578,7.94,48.21,15.67,104.94,0,55.3,1073.8,0
3.12,48.93,28.65,17.24,88,1848,9043,6.79,41.31,19.9,32.76,0,80.8,1565.4,0
2.8,49.32,10.12,14.68,264,5016,23993,5.15,40.21,15.11,164.81,0,41.5,988.6,1
36.8,60.1,5.1,9.01,123,2583,16812,6.86,59.13,24.09,34.61,0,30.1,1977.5,0
15.91,47.49,49.12,13.23,325,7150,34495,4.54,50.29,20.13,31.4,0,68.7,1671.8,0
73.81,42.57,3.67,18.51,200,1800,18520,16.3,71.34,32.74,31.46,0,87.1,1682.6,1
24.37,74.29,14.14,21.73,161,3703,20228,9.78,51.42,21.29,65.32,0,93.4,1503.2,0
17.1,44.88,8.38,14.56,178,2136,12512,2.67,49.43,20.22,34.16,0,94.0,1437.4,1
8.07,48.12,9.0,19.25,245,3185,18029,14.08,43.31,16.42,24.15,0,22.7,1341.7,0
44.78,73.4,1.68,9.14,321,5778,32959,11.58,65.04,28.55,60.85,0,35.0,2033.7,1
19.74,44.65,4.46,4.75,325,6175,31786,12.43,48.55,20.72,96.51,0,80.0,1819.1,0
26.15,59.82,2.74,26.82,173,1557,13077,7.61,56.2,22.97,12.72,0,76.3,1963.3,0
27.92,61.14,20.77,8.53,170,2720,15931,19.58,53.83,21.78,167.32,0,66.5,1352.0,0
24.92,53.65,17.95,8.5,332,5644,31478,5.91,55.65,21.3,14.82,0,49.5,1512.5,1
38.88,49.17,23.71,7.19,62,682,8586,14.55,59.65,28.38,48.23,0,44.5,2250.7,0
8.98,38.1,18.02,14.66,311,6842,33304,7.76,44.52,15.15,62.71,0,27.2,800.6,1
23.94,64.42,2.07,8.82,315,7245,36354,7.42,56.13,21.1,6.84,0,66.9,1792.8,0
20.05,71.54,57.66,29.75,217,4774,25439,14.42,54.08,20.18,121.22,0,37.0,1816.6,0
40.1,69.94,3.13,29.28,342,4104,26318,5.89,59.96,24.93,36.27,0,91.2,1070.6,1
46.74,60.56,6.47,15.37,232,2784,20730,13.85,60.9,33.63,93.32,0,37.9,2698.7,0
12.79,25.36,18.41,8.01,334,4676,25400,7.07,45.23,17.52,16.18,0,81.5,1306.7,0
40.37,66.54,2.27,37.17,198,3168,19464,9.49,63.01,26.24,135.75,0,47.9,2020.3,0
8.95,53.37,2.8,24.35,96,1824,10282,7.29,41.46,18.35,9.63,0,85.5,1144.1,1
24.78,46.12,31.38,8.17,317,5072,28788,23.22,50.68,19.57,254.5,0,79.1,1121.1,0
26.45,64.86,6.05,15.71,289,3757,22128,10.22,49.92,20.73,7.52,0,21.9,1797.5,0
45.5,58.39,16.43,14.48,237,5451,30939,10.62,66.77,32.62,23.55,0,72.0,2364.2,0
38.95,70.13,29.36,17.35,86,1376,11934,18.86,59.19,28.22,49.84,0,64.9,2203.0,0
9.72,60.11,54.29,13.31,237,2607,15653,8.03,45.51,20.12,43.37,0,85.8,1614.4,0
38.29,51.0,3.54,12.35,265,5830,31087,6.83,59.08,25.02,61.16,0,38.7,2229.9,0
29.78,49.77,1.97,71.04,339,6780,36241,16.89,54.31,22.6,212.31,0,78.4,1821.5,0
59.04,64.17,20.25,17.44,158,1896,16703,10.65,70.78,40.22,39.2,0,90.9,2698.4,0
17.61,34.93,3.13,8.25,343,4116,23515,3.08,46.21,20.19,21.46,0,82.6,1760.3,0
21.44,47.48,13.02,9.66,349,6980,36388,3.24,52.02,20.36,42.61,0,93.7,1548.8,0
62.05,22.09,11.41,38.0,140,1680,17209,9.2,62.14,36.02,116.54,0,44.5,2603.3,0
48.72,61.32,12.31,10.29,220,5060,29474,13.29,62.63,24.85,375.43,0,53.6,1653.3,0
9.62,64.68,15.74,7.21,82,656,5307,13.52,47.46,20.59,102.69,0,51.4,1449.0,0
24.97,43.46,28.55,13.11,195,2730,17309,7.9,50.22,17.63,319.43,0,47.1,1450.4,1
34.12,38.6,4.76,11.37,314,4082,25075,9.17,59.99,22.45,84.19,0,32.1,1945.2,0
40.09,69.3,12.15,29.49,183,1830,15626,12.83,63.24,25.96,49.52,0,21.4,2171.3,0
11.79,44.29,6.16,33.07,334,6346,32208,3.27,45.47,18.13,194.49,0,41.0,1469.0,0
55.73,64.65,5.76,10.69,63,945,10863,15.23,67.47,28.17,9.48,0,99.4,1527.4,1
6.29,54.79,0.31,21.01,282,5922,28883,3.8,44.36,16.96,276.12,0,43.5,1138.4,0
12.3,47.07,13.72,11.83,231,3003,17104,4.06,46.63,18.36,15.22,0,84.3,1278.7,1
53.03,63.7,53.91,7.9,178,3204,21391,9.48,67.1,35.72,75.87,0,31.9,2709.7,0
27.1,55.48,21.49,37.62,208,3328,20336,10.55,54.92,19.53,35.43,0,64.6,1493.2,0
27.71,77.42,4.17,41.45,71,1633,10139,6.1,55.74,18.74,165.81,0,29.3,1307.0,0
30.12,43.97,18.89,15.89,258,3612,22326,15.81,52.18,24.01,98.1,0,73.2,1814.3,0
14.01,35.13,5.29,8.85,205,3075,18201,9.55,48.73,15.39,58.05,0,28.9,1635.9,0
7.37,54.76,21.01,7.17,92,1748,8895,9.23,45.46,17.73,165.95,0,43.6,1363.3,0
32.92,62.14,28.96,19.21,218,3488,21436,10.38,60.44,22.73,181.74,0,30.5,1726.1,1
35.98,52.19,6.1,28.76,304,3952,24867,21.94,59.18,25.9,59.35,0,48.6,1811.2,0
30.98,81.98,0.1,14.18,342,5130,29561,8.09,58.47,24.33,45.03,0,45.2,2018.6,0
18.04,73.19,5.46,25.16,279,5301,28914,7.96,48.4,20.07,29.83,0,41.7,958.7,0
11.05,47.12,3.46,11.49,228,4788,23558,6.84,46.66,15.92,72.55,0,31.9,1509.0,0
22.69,55.96,14.46,9.35,342,3078,19433,10.16,52.98,20.71,3.53,0,61.6,1403.6,1
63.89,27.92,5.14,15.28,325,2600,23384,11.85,68.85,34.18,123.68,0,36.1,2386.4,1
24.31,70.77,0.55,3.93,348,5568,29969,6.03,52.0,24.47,59.04,0,86.8,1941.8,0
21.6,44.79,11.37,9.82,264,4488,24221,8.1,53.94,20.38,31.99,0,72.6,1367.6,1
24.86,57.98,31.15,21.51,218,2834,16981,6.46,49.97,22.67,49.32,0,88.5,1761.8,0
23.75,51.14,9.0,3.07,214,4708,25000,11.98,55.59,20.46,46.11,0,88.9,1570.9,1
53.19,32.66,7.08,6.1,328,6560,38704,20.06,61.33,31.61,122.11,0,46.7,2347.7,0
39.04,67.5,2.95,12.17,235,3995,24443,13.14,61.54,24.32,99.73,0,26.0,1858.2,1
16.97,39.12,7.35,6.45,117,1989,11589,9.37,47.41,19.07,53.77,0,40.3,1823.9,0
20.4,47.21,6.03,9.92,312,3120,19411,7.5,50.33,19.11,81.94,0,55.3,1811.8,0
25.49,67.79,79.25,3.89,157,1570,11555,23.34,57.25,25.49,80.14,0,95.4,1838.7,0
28.91,40.43,0.46,19.39,106,1590,11174,20.37,58.78,18.84,23.07,0,56.2,1186.5,1
14.08,77.36,4.09,25.45,263,5260,27069,3.97,50.84,21.39,155.57,0,95.8,1647.3,0
18.85,40.2,1.07,5.31,161,1610,11299,7.87,49.89,18.69,72.01,0,81.9,1660.6,0
56.52,37.46,29.22,15.01,65,1300,12765,14.06,64.86,25.46,109.73,0,57.7,1572.9,0
54.41,55.7,8.1,11.71,324,6804,38437,18.96,66.55,34.88,13.32,0,89.4,2460.0,0
20.75,79.51,23.86,17.43,136,2312,13490,8.56,49.29,23.77,79.32,0,92.3,1868.8,0
19.38,54.91,17.67,31.98,94,1974,11271,11.27,55.06,22.69,175.81,0,54.8,1770.9,0
39.17,69.72,39.47,6.65,170,3060,18778,4.86,59.79,28.09,94.27,0,85.1,1805.9,1
5.49,34.89,0.36,28.11,250,3250,17211,4.06,41.19,17.79,51.38,0,89.4,1516.6,0
51.32,49.5,3.49,36.42,285,5700,32572,14.69,65.16,32.49,53.79,0,54.4,2499.0,0
16.8,50.46,18.16,4.67,280,3640,20321,16.39,45.27,18.72,5.64,0,57.8,1502.9,0
34.98,36.08,13.2,23.91,86,1032,10206,9.29,51.94,22.37,33.34,0,41.3,1888.4,0
6.47,31.13,17.79,7.89,159,2226,12135,4.25,42.33,18.57,73.25,0,56.1,1252.1,1
39.92,51.38,12.85,19.39,141,2538,17211,9.71,54.82,24.66,5.6,0,59.1,1840.6,1
36.02,78.7,13.05,8.25,65,715,7742,17.28,57.91,26.99,206.06,0,71.5,2127.9,0
33.68,58.28,40.45,9.48,281,5058,28481,5.6,57.1,25.09,36.9,0,67.3,1659.9,1
12.57,44.76,38.13,8.95,81,1782,9828,10.96,48.55,20.66,82.5,0,91.6,1552.5,0
18.67,24.44,0.58,7.42,180,3960,21080,6.3,45.68,16.81,22.95,0,71.9,1411.1,1
30.91,49.42,8.01,20.7,198,3960,22612,6.24,51.34,17.45,163.97,0,31.0,1368.4,0
16.11,48.4,10.72,17.66,162,3078,16664,3.17,46.41,18.18,104.96,0,39.1,800.0,1
15.6,60.77,6.65,17.92,99,1782,10059,5.67,48.24,22.92,84.6,0,93.3,1632.9,0
48.92,51.19,0.76,10.59,322,5474,32221,6.55,66.73,18.93,94.86,0,24.9,1283.5,1
4.06,64.48,9.59,11.25,90,1170,6172,4.3,47.45,19.1,3.39,0,75.8,800.0,1
50.13,66.51,55.76,16.54,115,920,10892,14.9,66.03,29.28,137.09,0,26.7,1973.9,1
12.55,53.95,1.12,8.14,149,1490,9907,1.54,44.81,19.16,4.55,0,37.7,1766.9,0
37.83,54.16,25.45,9.84,307,4298,26351,9.96,57.46,23.05,114.49,0,84.5,1032.1,1
32.22,55.51,3.27,22.98,244,5368,28838,8.01,53.73,23.93,19.05,0,48.7,2114.6,0
12.14,28.83,12.9,16.66,167,3006,16062,11.09,45.34,18.35,83.67,0,58.4,1620.1,0
16.48,65.81,7.34,26.43,217,3472,18634,5.92,54.16,21.18,11.3,0,82.6,1548.8,0
42.11,80.46,6.44,2.89,281,5339,30135,7.83,59.49,31.71,89.66,0,66.6,2364.3,0
22.31,55.89,30.65,31.82,260,5980,30012,7.53,55.35,21.94,39.79,0,42.1,1857.7,0
74.75,43.26,54.44,22.98,212,1696,19244,11.11,78.11,56.27,115.03,0,96.0,3138.2,0
17.65,54.9,7.33,23.24,85,1870,11320,7.28,44.54,18.54,319.05,0,55.2,1431.9,0
16.94,48.48,15.34,5.01,232,2552,15580,8.9,48.59,19.25,63.81,0,29.2,1869.9,0
10.12,55.41,12.19,9.46,260,5200,26528,7.46,46.83,14.2,78.9,0,25.2,1522.8,0
15.52,50.32,1.2,10.21,286,4004,22311,7.38,50.36,20.3,86.99,0,85.2,1566.3,0
25.17,22.71,0.63,14.58,322,7084,35975,10.79,48.29,19.82,67.08,0,60.2,1761.6,0
69.88,56.43,22.27,38.27,171,3249,24070,17.78,72.45,30.69,45.22,0,62.3,1581.4,0
16.29,88.37,7.53,14.91,150,2550,14919,2.4,48.62,20.11,143.46,0,43.3,1005.1,0
3.59,34.96,5.51,26.64,87,1392,7653,1.69,41.51,19.01,17.66,0,86.1,1662.6,0
18.69,71.46,63.59,30.41,296,4440,24075,3.76,46.57,22.41,4.33,0,87.5,1132.1,1
28.02,61.01,1.34,19.94,179,1611,12429,7.99,54.08,23.32,29.81,0,63.5,1941.2,0
50.4,41.22,4.7,15.08,182,1638,15147,19.12,58.91,31.21,49.74,0,84.5,2205.2,0
29.05,34.85,29.15,27.71,305,4880,26779,16.5,53.57,21.35,171.53,0,82.0,1292.6,0
21.37,58.94,8.04,5.11,120,2280,12964,3.8,49.76,20.59,203.82,0,40.6,1098.6,0
17.42,60.41,13.16,19.25,193,1737,12301,14.23,43.79,22.32,58.27,0,91.8,1663.2,0
39.92,32.38,0.74,33.03,270,4590,27226,12.84,59.45,22.64,156.21,0,36.2,2063.3,0
26.59,68.9,37.94,14.37,175,3675,20436,9.5,59.66,17.43,35.31,0,69.7,929.3,1
40.2,47.58,2.21,18.71,88,1232,11188,6.94,55.23,24.58,34.6,0,94.3,1504.2,1
10.54,62.39,3.6,24.28,346,6574,32845,6.29,46.65,17.51,59.03,0,40.6,1255.9,0
18.96,65.55,2.56,10.48,321,5457,29230,13.77,55.04,19.26,4.83,0,62.3,1644.3,0
35.48,68.44,10.32,79.93,221,3978,23954,17.83,60.88,23.04,32.6,0,79.2,1637.6,1
7.85,40.16,25.46,6.36,211,3376,17328,4.14,45.63,19.04,54.4,0,87.0,1339.3,0
12.35,85.17,4.66,4.24,261,3915,21254,5.97,52.89,18.61,83.8,0,27.5,1632.0,0
24.14,41.19,2.3,19.88,339,6441,33456,6.17,46.3,19.93,126.23,0,20.9,1782.2,0
46.89,68.42,7.91,8.97,61,1098,10209,9.47,63.3,25.26,12.75,0,94.9,1256.9,0
54.92,47.51,59.98,14.43,313,6886,39169,9.95,67.65,36.52,23.96,0,61.8,2674.3,0
13.21,55.78,0.17,15.26,146,2628,14004,9.69,51.66,18.55,88.06,0,76.4,1441.6,0
29.89,53.13,10.52,16.89,193,4053,22530,7.56,55.4,23.71,5.39,0,44.7,2015.5,0
51.47,62.0,16.6,5.87,243,4617,27951,16.91,66.91,28.63,82.87,0,43.6,1935.7,1
40.09,70.72,24.65,8.24,312,3744,24410,14.46,59.49,25.51,47.46,0,70.6,2085.3,0
28.42,45.82,20.57,25.52,338,3042,20095,12.32,48.31,20.99,98.78,0,36.5,1658.8,0
31.75,41.85,1.16,9.28,198,2574,17475,5.59,51.44,21.56,52.43,0,77.1,1381.8,0
13.85,24.06,9.29,11.93,244,3416,19363,11.48,47.02,14.66,13.88,0,37.0,1039.0,1
20.1,57.7,1.23,9.02,322,5474,29333,5.88,49.88,19.16,140.86,0,21.7,1493.3,0
24.19,52.46,14.51,16.97,235,5170,27322,7.91,54.45,22.37,9.66,0,90.9,1333.2,0
22.96,56.63,1.2,9.8,144,2880,16537,17.98,52.11,24.39,12.32,0,73.4,1812.7,0
21.57,53.48,0.74,33.4,307,7061,35017,8.13,49.42,22.17,9.58,0,82.4,1515.3,0
12.31,66.38,5.48,7.85,138,2760,14389,13.31,48.18,19.53,27.59,0,69.2,1484.2,0
51.61,47.4,41.91,5.31,131,1834,16040,10.81,60.25,25.45,73.92,0,79.3,1422.1,0
26.23,60.24,18.57,6.09,279,3348,19869,13.56,57.73,20.12,10.48,0,33.5,1833.5,0
23.1,54.52,0.1,24.94,151,2567,15246,10.15,49.68,17.63,45.4,0,23.4,1835.0,0
9.6,40.58,5.03,6.05,167,3507,17810,13.49,43.88,20.75,61.81,0,87.0,1371.3,0
34.04,44.7,0.26,5.53,294,6468,34042,10.46,54.55,22.16,70.57,0,76.5,1607.8,1
15.69,68.8,5.23,19.78,224,3584,19729,8.38,53.91,19.5,69.7,0,71.0,917.7,0
16.2,67.36,17.35,36.84,176,2288,13371,15.36,51.15,18.8,116.88,0,47.3,1791.5,0
19.46,66.08,21.39,45.28,278,4726,25160,5.0,50.21,22.01,68.7,0,92.6,1158.8,1
38.89,52.47,24.45,11.6,213,3408,21859,5.92,57.92,26.28,49.22,0,31.4,2041.7,1
32.4,21.35,36.12,1.97,135,2025,13995,7.62,56.18,20.99,231.13,0,78.7,1132.7,1
5.7,30.04,6.83,11.17,250,4250,21362,6.63,45.77,16.0,21.63,0,59.2,1431.8,0
50.68,51.06,29.77,26.09,154,3542,22967,10.59,63.51,30.6,39.57,0,98.0,2145.8,1
30.44,32.23,19.51,6.67,62,992,8444,4.71,54.14,19.36,309.24,0,57.6,1225.3,1
29.72,72.17,11.57,8.93,149,3129,18870,14.97,57.4,20.1,23.15,0,36.6,1278.5,0
13.67,42.86,46.39,15.16,113,904,7423,7.92,47.94,19.63,63.75,0,66.4,1444.0,0
44.91,50.88,44.27,25.74,257,4626,27636,9.05,62.47,30.28,93.12,0,85.3,2254.8,0
25.18,81.03,34.18,7.02,117,1053,8769,8.35,53.98,21.88,280.54,0,74.3,1553.2,1
16.95,70.46,3.39,24.04,207,3105,17804,13.3,55.35,17.54,77.04,0,31.3,800.0,1
8.01,60.19,3.5,19.31,238,3094,17453,15.71,45.45,17.26,28.39,0,20.2,1445.7,0
23.25,58.32,34.69,10.81,227,1816,13314,9.86,52.47,19.38,20.42,0,24.4,1783.6,0
48.42,43.66,7.61,20.07,228,4104,26486,7.27,62.31,27.32,12.55,0,59.4,1739.1,0
16.93,66.42,23.95,23.12,124,2108,12537,5.89,56.45,19.2,7.93,0,27.2,1650.4,0
7.48,58.19,17.42,34.1,328,2624,16267,5.24,46.68,16.39,91.6,0,20.6,1139.8,1
18.52,52.97,21.55,31.31,251,4518,23452,8.36,53.75,18.03,10.13,0,59.0,1003.0,0
16.8,64.62,0.4,6.38,71,1420,8302,8.59,53.56,17.04,93.76,0,31.8,1433.0,1
27.63,64.88,8.43,16.83,231,1848,14185,9.29,54.58,22.26,128.0,0,38.9,1687.8,0
13.1,40.43,29.18,12.32,327,3270,20143,9.81,49.89,18.15,103.89,0,39.4,1460.7,0
15.43,68.75,10.1,15.76,341,5456,28350,11.45,44.31,20.08,134.8,0,34.3,1416.9,0
8.99,53.72,17.57,12.99,163,2119,12205,4.65,49.11,20.08,0.1,0,76.3,1733.6,0
34.66,56.25,21.16,13.92,215,1935,14566,19.56,55.01,27.19,186.34,0,97.8,1875.1,0
16.5,35.27,1.93,12.54,276,4140,23335,5.91,46.31,17.82,50.15,0,21.9,1197.6,0
14.54,35.72,2.54,8.69,300,5400,27072,10.65,44.12,17.48,32.22,0,33.5,1850.0,0
45.12,33.18,19.34,14.62,326,5542,31901,13.95,61.66,25.95,33.97,0,58.5,1982.2,1
52.92,90.9,0.84,21.96,158,1580,15250,9.92,67.6,29.07,37.13,0,80.5,1702.2,0
37.72,89.02,6.28,11.29,216,1728,14700,10.08,60.72,25.24,45.58,0,27.4,2324.1,0
49.77,29.47,37.53,9.26,99,2178,16522,19.25,61.5,34.57,6.96,0,84.0,2864.2,0
42.32,32.29,12.81,14.36,236,5428,29831,9.45,59.64,26.79,134.23,0,65.4,2327.6,0
21.73,47.32,36.2,15.83,131,2227,13331,17.15,49.53,20.62,162.61,0,67.2,1744.4,0
10.55,71.61,5.55,8.36,240,3120,17793,1.44,45.95,18.72,68.1,0,21.1,1675.9,0
17.71,64.38,15.18,9.92,170,3740,19704,9.14,47.77,16.72,84.64,0,25.6,1379.3,0
15.6,87.51,5.07,6.42,113,2599,13431,9.46,48.09,23.08,11.07,0,97.3,1527.3,0
35.83,50.43,1.77,15.44,197,2167,15937,9.84,57.36,21.87,125.72,0,79.9,1498.5,1
23.82,44.54,70.16,10.38,292,3796,22520,3.5,56.16,25.45,12.11,0,83.5,1925.7,0
4.44,55.84,2.91,28.87,138,3036,14727,9.23,42.61,18.71,191.39,0,32.1,1465.0,0
17.74,52.39,3.13,17.32,267,5073,27323,3.78,49.25,16.72,4.7,0,21.3,1183.0,0
8.11,54.59,27.67,19.15,91,1365,7992,10.71,44.86,18.09,12.43,0,71.2,1114.7,1
23.33,56.6,24.31,13.93,291,6111,32150,14.34,54.35,21.71,6.29,0,80.1,1829.8,1
45.63,86.8,57.14,21.5,238,2618,20159,19.46,65.03,27.46,135.49,0,94.1,1444.1,0
11.1,56.8,1.12,4.78,233,2563,14593,12.94,46.26,16.7,135.25,0,35.6,1491.7,0
52.41,39.05,1.48,12.53,94,1692,14181,15.25,61.11,32.6,54.2,0,75.6,2753.1,0
24.94,50.64,8.93,10.51,147,1911,13205,7.77,55.51,19.95,2.69,0,28.4,1565.7,0
35.77,65.89,13.44,25.19,174,1566,13274,8.67,59.9,28.6,9.67,0,73.4,2308.1,0
14.11,64.01,0.58,5.89,163,1630,11034,6.85,48.98,18.72,76.62,0,73.0,1421.3,1
25.62,63.19,2.59,14.51,249,2241,15467,6.99,56.0,21.46,62.52,0,51.7,1415.0,1
52.4,29.52,18.23,27.48,223,4683,28272,7.51,63.39,31.51,72.05,0,68.5,2341.4,0
48.19,31.61,16.56,12.0,135,2565,17921,9.52,62.79,27.56,38.0,0,69.1,2142.1,1
26.4,53.03,1.41,11.96,247,4940,26558,3.33,53.87,21.01,90.11,0,37.2,1901.8,0
22.35,61.69,40.25,15.03,139,2224,13384,8.03,51.66,20.7,105.11,0,72.4,1446.4,1
27.64,42.53,4.41,11.18,170,1870,13326,9.42,47.8,19.41,55.27,0,70.3,1576.1,1
32.11,77.41,32.74,16.22,79,1501,12009,12.15,58.75,25.35,178.89,0,52.8,2082.5,0
55.74,63.11,38.46,24.75,235,4700,30206,8.05,61.17,38.92,7.96,0,41.9,2842.4,0
16.22,47.23,10.1,15.44,287,2870,18333,5.11,49.58,19.45,125.72,0,76.4,1504.7,0
15.48,96.7,7.96,12.55,242,4356,22570,11.38,52.33,21.89,69.99,0,51.9,1446.9,1
20.96,48.02,4.89,20.47,155,1395,9853,9.05,49.94,19.9,181.9,0,75.1,1416.0,1
10.69,49.46,24.71,31.81,326,6846,34686,3.07,49.45,19.75,35.79,0,67.0,1483.4,0
36.44,48.76,3.28,8.63,236,1888,14773,14.87,60.65,25.67,72.26,0,35.9,2379.1,0
6.99,55.63,14.6,39.78,71,639,4393,2.8,41.57,21.72,56.06,0,94.6,1227.4,0
57.53,38.88,12.56,8.99,233,2563,21245,12.04,66.29,30.31,98.05,0,63.8,2117.5,1
28.17,66.06,4.29,15.93,90,1620,10997,4.05,59.61,21.27,54.66,0,31.3,1668.4,1
37.94,68.12,61.16,15.48,153,2907,18625,9.93,59.18,27.92,31.46,0,55.4,2167.1,0
4.57,65.01,28.09,16.03,342,3762,20527,8.1,49.19,18.29,77.68,0,42.2,1237.8,1
39.07,48.2,0.31,4.74,212,2968,19394,13.08,58.57,22.82,33.29,0,25.0,1955.3,0
32.59,48.27,8.23,6.04,94,1974,13731,23.62,52.47,21.58,78.12,0,51.4,1235.3,0
34.51,64.2,6.67,10.01,239,5019,27060,7.06,60.08,27.24,46.31,0,99.1,2266.8,0
23.7,58.23,32.16,8.55,98,2254,13089,9.72,51.05,22.91,17.87,0,97.0,1824.4,0
42.44,42.97,4.61,17.28,250,2500,18653,13.32,58.85,19.82,13.59,0,48.9,1450.3,0
12.88,24.64,97.05,25.95,206,4326,22518,21.99,42.33,18.52,9.84,0,34.8,1616.8,0
32.99,49.08,3.35,3.69,166,2324,15536,11.61,53.76,25.12,85.09,0,35.6,2340.5,0
6.68,62.83,4.19,6.32,205,3895,19101,4.8,48.56,21.36,282.6,0,96.8,1495.1,0
10.57,62.42,16.45,9.15,177,1947,11812,3.73,46.86,17.12,246.85,0,43.9,1478.1,0
53.58,32.28,2.63,6.41,267,4272,27021,6.88,65.12,30.68,175.61,0,47.4,2200.0,1
15.96,67.56,32.95,10.28,138,3036,16853,12.48,51.44,20.07,4.37,0,62.5,1802.1,0
12.29,82.77,1.75,7.5,344,4816,25662,13.14,47.39,16.95,59.53,0,36.4,988.5,1
31.0,49.73,61.4,16.84,332,2988,20656,16.29,55.53,24.1,7.14,0,85.5,2026.0,0
50.07,51.95,31.15,63.98,74,1184,12007,10.8,63.57,26.2,22.96,0,77.2,1799.5,1
19.25,47.15,27.46,7.51,227,4994,25749,15.13,54.9,18.59,3.64,0,82.1,1453.7,0
67.98,49.7,7.84,26.63,134,2680,20661,8.24,73.76,47.0,93.58,0,58.9,2890.2,0
16.58,73.17,10.81,60.99,318,5088,26424,1.83,53.86,19.09,13.27,0,44.7,1212.3,0
44.53,43.23,9.14,8.38,225,2025,17020,11.94,62.01,22.19,45.09,0,54.1,1641.0,1
28.71,58.63,65.64,45.79,184,2760,17162,11.31,56.39,22.86,260.2,0,29.6,1799.7,0
20.52,50.87,0.53,7.4,305,4270,24063,12.77,49.58,18.71,49.64,0,71.0,1555.8,1
35.69,57.86,7.21,26.3,235,1880,15362,8.12,60.11,24.64,51.72,0,84.1,1866.9,0
8.72,50.71,51.81,7.73,116,2320,12601,6.21,43.69,19.65,105.73,0,62.3,1274.5,0
23.79,67.31,6.92,4.1,263,5786,28427,3.71,52.21,21.77,31.25,0,54.1,1606.1,0
21.26,70.61,7.62,23.29,236,5192,26445,10.92,47.23,22.83,276.58,0,86.9,1581.9,1
33.8,60.61,14.97,17.05,282,6204,33450,6.02,55.72,21.67,26.46,0,25.4,1596.5,1
29.05,51.77,35.67,11.88,331,6289,33891,8.44,53.32,23.98,5.88,0,33.7,1638.6,0
34.79,66.8,5.23,4.62,320,6080,33082,9.65,59.2,24.97,47.81,0,58.1,2047.5,0
42.22,43.76,44.23,27.42,268,5896,32528,7.54,58.46,26.41,58.18,0,52.9,2025.8,1
24.25,61.44,4.98,23.88,122,976,7897,5.81,55.42,22.46,315.45,0,91.4,1290.4,1
30.25,47.28,25.34,4.16,300,4500,26251,4.74,54.26,21.4,178.81,0,32.1,1920.1,0
56.86,58.22,4.84,14.21,115,2300,18705,6.43,64.65,34.83,41.76,0,76.0,2144.5,1
29.39,40.6,1.14,17.25,291,4947,27691,15.93,56.42,22.85,36.41,0,71.0,2199.1,0
23.72,72.76,25.09,6.26,248,5456,28820,5.89,56.02,20.25,6.29,0,31.9,1792.0,0
43.48,36.15,8.97,22.64,327,3924,26082,10.22,57.58,27.57,75.23,0,78.7,2303.1,0
24.77,53.07,7.43,55.51,197,3152,18303,17.63,51.54,20.03,68.66,0,79.2,938.0,1
59.15,32.84,8.43,23.63,231,2310,19473,11.2,67.79,39.43,228.4,0,63.3,2743.9,0
49.41,72.44,14.18,35.49,279,6417,36091,8.97,67.05,31.84,113.99,0,30.2,2443.5,0
19.28,78.31,4.57,21.28,274,2740,17022,11.39,48.48,21.94,18.33,0,51.3,1595.1,0
21.57,37.14,4.06,6.28,335,7035,36303,8.15,48.19,20.12,26.83,0,61.9,1793.0,0
45.48,59.86,9.91,20.48,310,4650,28930,10.13,60.57,33.24,25.98,0,65.1,2632.6,0
43.2,50.56,0.54,5.63,173,2076,16114,16.78,60.5,24.31,10.18,0,67.0,1648.0,1
47.27,62.68,15.44,9.03,274,2192,18278,8.07,63.96,33.35,26.08,0,76.0,2446.4,0
25.39,78.65,25.96,10.55,176,3520,19831,7.65,52.55,25.12,73.3,0,94.7,1556.6,1
28.57,60.78,19.5,9.86,342,5472,30573,8.58,51.52,19.0,45.15,0,34.5,904.5,1
23.18,43.52,9.5,7.59,264,2376,15807,8.32,50.81,19.84,66.97,0,62.6,1716.5,0
23.32,44.64,12.5,10.49,148,3256,18123,4.36,52.13,18.05,39.67,0,75.8,1021.9,0
16.97,49.69,0.4,11.34,277,3878,22308,7.79,48.96,19.46,41.07,0,55.3,1565.8,0
49.15,44.08,36.52,26.42,134,3082,20097,8.44,59.57,28.41,2.91,0,71.4,1872.3,1
33.2,66.4,12.25,15.77,132,2376,15349,14.87,55.98,25.57,148.49,0,66.3,1873.0,0
34.27,67.68,5.71,22.13,284,4260,25022,9.45,59.46,24.75,151.3,0,87.7,1986.9,0
47.32,73.89,5.21,10.59,238,2618,20074,9.36,64.78,32.7,19.06,0,79.8,2406.3,0
5.78,48.63,16.17,21.77,139,1390,7890,8.33,45.3,16.14,193.12,0,49.5,1198.3,1
33.43,72.31,13.17,3.84,300,5700,30353,8.84,57.68,20.14,74.6,0,35.5,1320.5,0
50.56,80.25,3.12,5.66,271,2168,18624,11.42,66.8,24.55,48.96,0,22.3,1395.5,1
10.93,35.1,7.91,22.33,220,4180,21058,9.1,46.19,18.16,31.92,0,79.2,949.6,1
47.64,47.69,16.91,8.53,136,2312,17447,8.6,61.28,27.06,39.17,0,81.0,2042.6,0
33.52,53.38,5.3,13.0,94,1316,11051,18.23,58.32,24.25,18.75,0,89.0,1867.2,1
31.13,67.33,10.68,3.0,127,1778,12480,11.65,56.57,20.95,29.99,0,42.5,1517.1,1
31.57,75.1,4.41,9.69,122,1952,12926,8.97,56.53,21.14,80.32,0,53.1,1118.1,0
13.43,29.04,1.12,5.76,153,2754,14265,12.31,42.29,16.67,107.98,0,52.6,1647.4,0
4.26,44.96,7.37,8.11,190,3420,17029,5.4,46.86,17.89,71.27,0,62.7,1321.0,1
44.02,72.18,19.76,13.12,150,3000,19324,17.47,60.46,30.74,23.36,0,76.5,2123.4,0
11.96,42.22,3.61,12.95,225,2925,16893,14.63,42.85,18.04,18.84,0,66.5,1243.5,0
20.01,66.97,21.07,10.54,321,3531,21558,3.51,53.52,19.45,74.02,0,24.3,1501.3,0
70.08,63.6,16.61,20.95,67,536,11418,18.27,74.76,50.86,40.18,0,75.3,3025.9,0
28.18,66.66,10.62,9.36,147,1911,13303,15.08,57.43,24.8,63.99,0,69.2,2120.7,0
34.93,66.85,53.34,10.4,214,4066,24689,7.72,58.08,26.98,34.21,0,68.1,2196.0,0
18.35,48.6,32.24,5.95,328,2952,18582,6.73,48.51,20.67,57.56,0,94.3,1672.2,0
50.23,51.01,12.42,25.24,271,4607,28179,14.43,65.45,26.48,15.25,0,52.5,1995.3,1
6.25,49.82,12.24,7.48,192,3840,18324,6.3,48.81,16.89,69.14,0,48.1,1332.2,0
43.54,58.38,4.88,5.22,117,1872,14283,7.65,62.6,32.85,79.08,0,34.3,2708.7,0
9.21,23.03,37.92,5.88,215,4945,24164,4.25,40.13,15.91,69.69,0,45.9,1178.8,0
62.58,62.24,33.94,13.71,96,1344,14529,10.48,70.67,28.98,3.2,0,70.5,1493.2,0
37.7,80.84,20.33,11.51,280,2240,17392,6.41,55.9,25.65,50.61,0,59.2,1862.3,0
12.72,57.96,2.05,10.65,293,3223,18934,7.06,49.48,19.4,100.38,0,60.0,1420.8,0
27.44,53.16,18.24,22.26,182,2184,13577,4.07,53.7,20.18,84.67,0,29.0,1711.0,0
38.26,56.1,4.38,6.75,194,4074,23122,5.43,63.59,26.14,4.07,0,55.2,2299.0,0
17.84,62.96,3.14,16.39,149,3278,17721,11.42,45.1,19.81,170.79,0,48.7,1786.0,0
21.63,72.15,21.36,12.89,298,2980,19266,8.2,50.75,21.33,103.06,0,76.7,1603.6,0
52.1,53.98,48.18,15.56,245,3920,26403,12.14,61.67,29.19,134.16,0,28.2,1988.3,0
27.91,52.5,1.73,13.04,142,2272,14271,9.41,52.88,20.34,28.9,0,81.2,1341.1,0
48.5,34.39,2.69,7.77,133,2128,16226,7.72,59.1,32.79,39.95,0,59.6,2590.5,0
34.81,55.7,3.71,3.21,243,4860,27093,7.61,53.18,17.84,14.27,0,73.1,930.0,1
37.77,36.97,49.42,19.83,169,3549,21530,9.88,59.83,23.48,60.18,0,99.1,1630.6,0
45.53,46.79,17.88,12.12,287,6314,34633,9.51,59.49,26.98,63.93,0,83.9,2017.7,1
56.46,68.16,17.01,13.11,169,1521,15533,14.71,69.19,32.49,67.62,0,59.4,2125.9,1
13.53,70.31,10.55,11.96,321,7062,35134,6.53,48.96,17.39,22.16,0,50.2,807.3,0
41.89,61.95,11.57,5.01,147,1470,13588,10.43,55.05,31.13,144.18,0,90.6,2187.7,0
62.77,73.22,5.14,13.96,345,7590,43932,11.02,71.9,40.33,52.67,0,32.0,2703.9,0
42.33,30.25,2.52,12.4,68,1156,10046,11.19,64.47,21.97,67.66,0,41.1,1791.9,1
32.43,79.42,22.73,11.67,124,2728,16876,10.0,59.54,26.91,32.64,0,89.6,1986.5,0
52.37,42.27,9.54,34.12,298,6258,35333,14.34,63.85,24.39,45.67,0,40.6,1422.9,1
68.44,59.51,4.44,13.11,193,2702,21092,21.97,71.79,40.88,30.3,0,34.3,2708.9,0
35.93,45.02,15.03,11.31,266,5586,29801,9.15,54.46,25.64,182.15,0,85.1,1769.0,1
39.4,59.65,3.53,11.12,155,3410,21019,11.43,56.53,27.98,113.79,0,55.1,2042.7,0
38.0,55.27,10.06,6.41,231,3003,19752,9.88,62.2,22.02,166.02,0,90.7,1061.1,1
8.42,72.06,3.16,13.25,96,2208,10860,7.72,46.42,17.8,41.87,0,44.7,1533.2,0
43.72,91.97,21.39,14.33,161,2415,17823,8.43,61.63,31.18,66.21,0,66.7,2343.5,0
9.41,68.23,5.8,8.19,287,5453,27055,9.48,49.39,19.14,1.92,0,44.5,925.4,0
39.83,53.21,8.74,19.03,293,2344,18642,13.97,62.59,29.73,74.92,0,86.8,2117.5,0
7.77,77.99,21.09,16.31,100,1900,9206,4.47,44.06,19.92,43.06,0,45.8,1327.7,0
12.82,29.54,16.16,11.37,107,2461,13121,5.47,48.08,17.51,100.84,0,44.9,1518.9,0
21.43,46.29,7.65,20.03,317,4755,26420,9.47,53.74,19.21,44.03,0,63.4,1693.4,0
18.98,51.54,1.11,9.67,211,4431,23490,4.02,51.09,19.34,71.7,0,68.9,1941.2,0
44.95,50.84,38.19,19.66,69,1311,11430,10.49,56.73,28.24,5.0,0,38.3,2273.8,0
23.41,43.92,0.12,9.09,190,1520,11953,11.01,54.12,17.12,214.59,0,21.1,1299.7,0
10.05,65.44,19.9,31.44,249,3237,17441,6.83,48.62,17.77,1.75,0,35.4,1369.4,0
17.53,54.97,43.62,8.58,313,6260,31910,7.31,52.08,20.75,12.17,0,86.2,1437.5,1
31.12,52.95,5.49,11.09,225,4275,25063,10.41,54.84,25.64,271.39,0,90.9,1890.3,0
30.73,76.14,1.18,7.25,144,2880,16881,4.35,54.08,28.09,96.91,0,73.9,2135.9,0
31.62,48.3,4.31,16.94,84,1260,9874,11.51,49.76,22.13,28.91,0,41.2,1755.7,1
44.93,70.41,5.64,6.16,253,4301,26524,6.26,63.26,27.25,104.04,0,35.1,2024.6,0
49.93,50.89,9.0,11.35,95,1330,12529,9.51,63.14,26.49,33.97,0,34.8,1982.1,1
37.97,51.21,11.17,5.32,231,2310,17323,4.67,55.56,22.68,45.79,0,92.4,1573.1,0
25.88,43.59,19.38,16.81,311,4354,24859,4.82,50.05,20.22,26.96,0,61.4,1479.1,1
21.72,33.17,34.68,17.36,223,2230,14851,5.2,47.67,20.02,16.03,0,62.7,1777.4,0
63.37,45.08,9.38,13.13,302,5436,33642,17.4,68.35,39.88,66.75,0,58.0,2858.6,0
30.24,28.36,20.58,8.87,94,940,8988,11.14,54.42,23.32,18.15,0,74.8,1805.6,1
35.32,58.84,2.04,18.48,203,4263,23880,11.73,55.79,24.15,62.07,0,63.4,1990.0,0
19.6,50.28,5.98,6.92,223,2676,16034,10.99,49.98,20.49,22.01,0,71.2,1789.7,0
19.46,71.26,1.88,7.8,248,2232,14357,8.45,53.28,22.44,53.72,0,94.2,1461.3,0
12.02,44.12,17.65,18.44,282,5640,28513,7.09,47.9,18.66,9.32,0,80.2,1203.1,1
28.82,51.13,35.73,16.89,128,2432,15813,10.7,51.51,20.22,251.94,0,39.4,1491.2,1
19.45,73.27,32.98,16.93,233,5359,27741,3.64,51.83,22.22,21.61,0,43.2,1294.5,0
22.19,68.35,5.93,48.36,201,1608,12651,7.94,53.35,23.3,94.57,0,84.2,1922.6,0
49.24,57.04,4.0,13.5,160,3360,21865,14.71,63.96,30.55,55.3,0,61.1,2426.8,0
8.51,39.48,4.8,9.58,335,3685,20947,8.03,42.7,15.17,220.6,0,30.6,1384.7,0
17.08,63.8,5.08,11.19,87,1740,10191,14.93,52.18,18.21,345.23,0,25.1,1963.4,0
32.75,50.68,1.29,3.46,321,3531,22935,9.57,60.57,19.3,20.75,0,33.3,1502.9,0
31.46,47.2,2.15,15.36,260,2860,19171,5.75,53.94,19.6,112.96,0,55.5,1026.5,1
55.91,74.97,3.62,28.44,337,6403,36873,11.52,68.23,34.05,62.65,0,23.4,2580.6,0
5.69,77.0,0.12,9.89,312,5304,26646,4.12,44.33,16.73,182.58,0,27.4,1039.7,1
52.16,41.7,0.73,26.75,195,3315,21403,9.62,63.16,34.64,0.1,0,78.7,2470.5,0
11.09,80.74,17.99,6.81,188,4136,20244,12.24,51.79,23.11,102.78,0,94.2,1836.7,0
22.65,53.65,14.49,7.64,130,2080,13578,14.89,52.16,20.12,35.46,0,24.3,1632.8,0
8.23,66.74,43.62,7.62,248,2480,14522,5.96,46.17,18.17,42.09,0,36.1,1492.5,0
2.03,82.47,7.71,5.06,226,4746,23157,0.7,45.79,17.54,54.95,0,29.3,1071.7,0
51.51,52.56,8.81,29.22,140,1820,15636,8.65,65.47,34.55,90.41,0,65.8,2418.7,0
15.24,58.93,1.05,16.59,109,2180,11147,1.97,42.12,20.12,44.89,0,83.8,1511.4,0
40.16,65.85,2.48,17.68,255,3570,23499,12.32,57.37,22.58,12.27,0,54.9,1058.5,1
19.35,78.7,17.65,7.89,288,4032,22789,10.85,48.9,22.06,10.49,0,22.6,1661.9,0
56.76,55.3,4.02,19.65,324,3888,27265,16.01,67.59,37.08,37.44,0,50.1,2789.1,0
20.75,67.14,22.26,8.98,68,612,5266,15.51,52.35,19.32,18.19,0,33.4,1731.0,0
24.3,43.39,18.35,9.24,135,1215,10080,4.79,52.05,21.76,32.52,0,42.0,1965.4,0
16.87,32.78,20.63,23.18,210,3360,19131,5.56,51.85,17.13,29.69,0,29.0,1013.5,0
11.98,44.82,17.6,7.33,291,5820,29661,10.59,45.14,17.45,5.34,0,49.0,1439.7,0
42.82,44.78,18.45,6.69,324,6480,36011,13.05,55.79,26.83,123.52,0,64.3,1744.0,1
28.05,69.63,11.87,6.23,237,5214,28678,5.37,56.54,23.17,139.7,0,82.7,1498.5,0
2.55,53.9,17.01,11.16,180,1440,8537,9.36,43.28,16.4,8.08,0,50.5,1451.7,0
57.59,45.84,11.2,41.98,102,2142,16310,14.63,65.97,36.92,62.92,0,20.1,2681.8,0
24.67,41.69,3.46,10.42,189,1512,12444,15.26,53.29,19.83,7.53,0,73.7,1245.7,0
12.66,48.73,3.68,5.58,298,6556,32388,9.11,44.64,19.92,112.51,0,75.4,839.1,1
7.69,68.76,7.8,8.37,344,7912,36294,2.65,46.22,16.56,12.75,0,30.4,1229.6,0
13.18,41.65,0.21,9.22,209,3135,18049,10.29,44.41,18.21,23.48,0,58.8,1616.9,0
34.24,53.09,33.01,12.53,170,2380,15943,6.03,61.13,24.5,78.78,0,24.1,2146.1,0
44.23,49.27,4.69,15.15,193,3667,23590,18.07,61.16,33.42,2.12,0,69.7,2425.7,0
22.9,60.31,0.79,3.47,298,4768,26271,7.11,51.02,22.63,18.51,0,91.9,1910.9,0
81.33,82.61,8.29,5.85,244,5612,35583,12.75,77.88,63.85,6.2,1,52.9,3358.4,0
20.79,45.22,25.36,5.59,267,6141,31034,12.28,48.91,16.73,42.57,0,57.7,928.9,1
26.08,59.76,7.6,22.46,195,3705,21089,5.31,54.46,20.33,23.04,0,96.4,1427.1,1
10.95,54.77,4.57,6.63,248,3224,18259,7.9,46.6,18.96,51.59,0,78.5,1065.3,0
25.09,48.01,11.81,14.41,131,2620,15210,8.09,55.29,22.19,62.85,0,92.1,1543.7,0
46.15,55.76,12.81,16.11,316,7268,38843,15.1,62.86,30.88,39.71,0,31.2,2481.6,0
62.25,82.3,21.36,9.0,326,6194,37119,9.89,70.38,42.09,98.49,0,57.6,2742.6,0
39.85,53.96,24.12,2.84,67,670,8096,11.7,55.89,23.7,35.65,0,45.1,1936.0,0
5.87,53.96,18.37,24.61,110,2530,11817,2.11,42.79,17.2,47.2,0,69.7,1048.4,1
9.97,49.32,0.1,26.74,346,3114,18753,5.13,46.77,18.88,3.86,0,85.7,1240.1,1
5.87,61.23,0.1,12.03,223,4906,23385,2.77,45.74,18.34,42.75,0,31.1,862.2,1
14.05,40.0,56.88,8.08,259,4921,24898,7.76,49.74,18.0,12.41,0,78.6,1357.1,0
18.14,56.82,4.6,35.77,150,2100,12328,4.83,49.65,19.98,217.76,0,65.2,2019.6,0
12.08,61.69,4.98,7.93,344,6192,31980,7.69,49.84,18.03,32.69,0,28.1,1396.1,0
38.04,42.28,19.77,19.63,295,2360,17684,6.11,61.58,26.95,1.91,0,82.1,2087.8,0
11.55,78.97,13.07,4.97,141,2115,12190,6.03,52.95,21.22,65.66,0,64.2,1333.6,0
34.42,78.42,9.34,16.04,260,5720,31123,10.99,56.9,24.13,30.4,0,45.0,1897.4,0
42.4,88.72,1.86,5.59,223,3345,22206,13.66,59.26,28.03,152.67,0,30.3,2213.4,0
22.28,63.57,1.27,15.29,314,5024,27686,13.47,49.76,17.97,121.91,0,39.2,1241.7,1
49.66,61.23,18.24,12.21,97,1552,13257,18.61,64.58,33.04,181.22,0,64.1,2600.1,0
36.72,53.83,2.0,9.78,328,5248,30669,21.19,57.98,27.38,65.78,0,63.5,1830.5,0
17.66,56.02,8.59,9.62,227,3178,17440,4.5,50.95,21.59,134.38,0,94.5,1545.5,0
25.81,68.91,19.98,23.34,339,3390,22373,10.5,53.89,20.34,137.23,0,37.1,1111.6,0
18.95,55.26,38.5,11.58,248,5456,28185,14.15,49.76,21.45,11.94,0,35.3,1362.5,0
41.55,52.74,31.02,15.44,290,4930,27887,8.09,55.92,25.11,0.19,0,87.6,1954.9,1
37.37,63.38,29.93,67.25,137,1781,13740,18.04,57.2,25.76,8.31,0,48.3,2061.8,0
31.57,45.6,6.66,5.75,131,1703,12486,4.7,54.76,22.19,31.49,0,50.6,1953.4,0
8.4,78.7,39.29,7.67,199,3781,19330,7.73,46.71,19.78,67.63,0,34.0,1000.2,1
17.04,55.13,17.26,4.52,243,2187,13925,5.65,47.57,17.14,91.25,0,40.9,1621.0,0
14.78,66.47,32.64,4.4,293,3223,18492,7.07,48.5,21.73,43.47,0,89.5,1302.2,0
3.99,42.98,1.4,38.22,292,2628,15599,12.19,41.91,16.23,56.86,0,23.6,913.0,0
10.33,54.35,0.61,9.47,66,660,5418,6.17,45.2,19.68,57.82,0,66.9,800.0,0
10.52,49.09,8.42,2.51,185,2590,14146,6.53,44.03,17.97,26.47,0,83.6,1145.5,1
22.79,49.73,26.41,10.28,135,2025,12599,12.73,47.83,22.23,89.49,0,92.5,1642.2,0
40.37,37.94,7.88,9.06,291,5238,30063,6.83,58.98,26.56,10.74,0,71.6,2190.1,0
18.54,70.84,32.4,6.49,303,2424,15994,13.59,51.39,16.78,12.17,0,28.1,905.1,0
23.56,62.27,4.01,9.35,313,4695,25221,9.76,54.95,21.64,14.8,0,63.0,1567.2,1
23.57,33.72,0.6,13.39,220,4400,23558,7.94,49.21,18.71,4.07,0,68.2,1406.1,1
25.57,51.81,21.49,9.53,190,3420,20378,14.44,58.13,20.8,55.68,0,48.2,1938.7,0
27.73,51.74,14.76,20.31,213,3195,18546,10.46,50.35,23.29,13.6,0,83.3,1503.0,1
49.29,60.98,8.7,11.74,303,4242,26345,7.59,65.12,34.21,28.83,0,61.7,2402.0,0
22.46,52.82,27.99,12.28,292,4088,24261,10.67,49.76,17.67,62.48,0,22.7,1665.4,0
49.79,71.31,26.07,10.85,93,930,11821,10.54,63.06,32.75,250.02,0,94.6,1989.9,0
27.08,69.46,5.89,5.81,254,4064,23306,5.45,51.4,21.8,130.34,0,73.0,1340.4,1
24.48,88.1,27.3,5.95,137,2740,16248,12.43,54.62,26.64,97.08,0,95.8,1805.7,0
70.69,21.6,6.35,13.1,296,5328,34245,10.86,72.38,28.6,81.7,0,68.9,1564.6,1
44.05,75.51,14.59,7.73,201,2010,15375,12.12,63.59,27.87,47.71,0,73.9,1725.4,0
4.28,66.92,3.21,17.44,140,1960,10747,16.88,43.44,17.97,26.56,0,31.4,1254.6,0
33.83,52.37,4.6,9.96,138,2070,14817,8.98,59.47,21.7,474.06,0,20.6,1796.4,0
10.93,51.15,8.91,7.66,167,1503,9978,5.83,43.48,18.82,87.68,0,29.5,1189.8,0
27.91,53.68,5.67,14.23,236,2596,16440,6.9,56.36,23.13,34.64,0,36.6,2105.1,0
12.32,58.72,2.07,12.38,299,6578,30693,6.58,44.85,16.37,139.91,0,64.3,1061.2,1
31.09,46.89,9.88,4.51,238,2618,17224,5.92,55.36,19.69,69.16,0,39.7,1270.3,0
58.08,30.95,10.74,4.09,175,3850,24173,16.49,69.46,38.67,115.59,0,58.2,2845.2,0
35.2,47.21,2.59,17.16,90,1260,9961,12.99,55.89,22.96,129.91,0,86.0,1644.7,1
21.16,51.01,2.87,7.8,201,2613,15915,9.45,49.97,16.15,154.77,0,65.9,897.1,0
19.06,63.55,0.45,13.34,302,5134,28617,4.76,48.19,21.39,43.34,0,64.8,995.7,1
52.87,37.18,0.46,14.01,183,4026,25013,14.95,64.24,31.15,21.0,0,95.9,2136.1,1
34.42,64.64,6.66,25.08,87,1131,9479,11.97,61.38,25.84,122.3,0,45.4,2147.3,0
50.95,36.93,2.38,32.78,304,3952,26556,13.16,62.58,31.61,14.17,0,82.2,2191.7,0
38.88,60.96,37.72,6.13,71,1349,11121,12.04,61.4,29.93,79.96,0,89.7,2216.6,0
24.86,63.29,3.34,11.14,129,2064,13789,9.5,53.9,22.4,14.07,0,88.3,1773.2,0
32.59,53.04,1.02,11.31,156,3432,19023,19.43,55.97,22.48,119.33,0,54.8,1690.4,1
61.61,55.69,7.77,30.31,115,2300,17709,6.76,65.55,39.75,245.76,0,65.0,2781.1,0
26.37,65.46,3.21,5.14,64,1152,9199,3.14,55.59,23.53,495.05,0,54.2,1600.4,1
18.22,46.27,0.96,28.83,121,1331,10023,14.91,51.66,17.66,77.64,0,26.0,1326.2,0
17.19,59.63,20.96,17.07,162,2916,16449,4.64,49.65,19.84,22.11,0,93.6,1786.1,0
39.67,49.74,12.22,8.76,183,3111,19899,10.74,57.06,25.46,8.36,0,78.1,1826.4,1
20.25,78.25,0.88,20.56,349,7678,39469,8.46,51.19,22.67,110.65,0,84.6,1500.3,0
22.86,63.15,9.47,9.73,183,1647,12655,5.02,54.39,20.4,3.95,0,38.6,1514.2,1
46.35,39.34,0.59,4.62,177,3363,21984,12.75,59.55,28.42,30.04,0,66.4,2030.9,1
10.12,82.27,6.56,13.1,167,1503,10394,9.94,50.0,18.44,27.34,0,31.8,1384.3,0
27.99,70.03,6.77,10.4,328,6232,32979,14.64,63.43,23.22,77.88,0,81.2,1455.8,1
49.15,36.9,25.97,9.1,68,1088,11557,17.76,62.92,29.02,77.0,0,37.1,2230.5,0
31.6,32.11,19.94,7.58,259,2849,18518,4.39,52.73,20.99,29.59,0,63.4,1104.6,0
28.17,36.58,34.09,17.62,297,5049,28641,10.53,56.5,22.13,5.68,0,51.0,2100.7,0
37.74,40.27,2.27,12.07,348,5568,32140,14.32,57.82,20.69,90.26,0,92.2,1021.0,1
32.32,57.27,11.45,9.16,107,2247,14472,12.38,56.45,21.36,34.4,0,56.7,1525.9,1
24.54,56.23,0.31,8.47,209,4807,26046,12.41,45.34,21.46,23.88,0,44.5,1889.9,0
5.08,66.02,26.19,9.24,237,1896,11694,8.43,48.49,17.65,31.53,0,21.5,1240.0,0
38.93,50.34,6.85,8.59,334,6346,35259,13.72,57.41,25.5,37.16,0,70.2,1546.5,0
9.09,51.09,1.08,9.55,343,6174,30751,5.97,44.92,18.58,77.89,0,60.4,1368.1,0
40.66,56.69,5.89,18.84,176,3168,20062,22.21,60.32,24.91,23.6,0,73.8,1714.2,0
4.91,71.89,5.07,9.75,245,2205,12657,9.54,47.38,19.21,1.82,0,66.4,910.9,1
13.41,26.61,21.79,13.36,314,6908,34469,4.27,45.76,18.2,59.29,0,80.7,800.0,1
31.14,51.15,2.03,9.67,167,3674,21365,4.44,55.34,24.35,7.15,0,29.0,2081.9,0
23.48,74.78,12.17,4.2,308,4312,25097,6.39,53.76,19.31,9.03,0,22.5,1451.1,0
20.66,56.02,23.69,13.89,134,2814,14929,12.84,50.83,20.05,25.71,0,44.5,1734.5,0
68.17,50.58,20.18,7.93,205,3895,26689,9.13,72.6,54.1,226.29,0,88.4,3272.2,0
41.26,42.78,41.21,18.18,86,1548,11921,18.78,59.13,20.22,20.05,0,96.3,1214.5,1
5.31,68.54,0.1,32.89,161,2254,11599,10.21,40.26,16.66,47.33,0,39.0,1350.8,0
49.06,47.78,6.55,8.19,101,1919,15065,11.21,61.74,27.59,118.51,0,47.9,2136.0,0
45.48,47.66,6.92,20.97,95,1710,14149,20.94,60.73,29.75,176.49,0,97.4,2070.8,1
36.08,75.46,0.51,9.51,221,1768,14653,11.64,61.36,28.79,35.39,0,45.0,2216.8,0
18.81,39.3,25.5,10.13,120,2760,14269,4.84,46.74,16.69,27.07,0,69.9,1383.2,1
39.61,79.47,17.51,15.28,206,3090,20609,17.49,60.29,21.64,76.19,0,39.0,1240.3,0
28.42,57.54,11.26,3.74,159,3021,17906,8.95,54.63,24.06,156.05,0,88.8,1834.9,0
43.66,55.37,7.79,4.33,136,1904,14208,8.12,63.16,32.44,95.35,0,77.6,2509.8,0
14.19,59.28,33.87,12.61,60,1080,6768,4.53,48.44,18.1,299.68,0,33.4,1367.3,1
17.51,55.31,4.61,2.53,75,1500,9167,12.01,47.11,18.46,282.58,0,64.0,1239.2,0
10.94,47.08,6.11,23.36,275,4675,24463,10.97,46.98,16.98,18.86,0,56.4,1305.8,0
15.09,60.16,45.75,27.14,142,1278,9370,2.66,52.15,19.63,52.18,0,81.6,1070.2,0
19.98,47.65,1.0,15.06,150,2850,16554,7.27,49.02,21.48,106.18,0,78.2,1801.1,0
32.37,61.42,22.75,11.26,299,5980,31897,19.41,57.8,26.96,66.8,0,75.4,1960.0,0
15.23,89.69,18.99,23.7,234,1872,12872,7.07,49.72,23.0,4.91,0,76.5,1335.8,1
27.15,64.9,34.82,9.22,188,1692,12894,6.35,59.35,22.9,62.49,0,91.5,1904.5,0
48.51,52.17,1.42,9.72,150,2100,17385,9.32,66.83,28.84,54.81,0,81.7,2236.5,0
35.97,58.83,52.82,11.22,201,3819,22402,11.21,58.46,25.58,8.68,0,64.6,1874.2,0
19.67,50.2,0.44,7.41,315,6615,33638,13.54,44.63,21.06,57.2,0,90.8,970.2,0
1.55,52.24,6.18,26.44,146,2482,12623,15.62,41.21,15.87,18.24,0,48.2,1352.3,1
28.0,53.32,1.33,25.95,247,2717,17652,9.41,52.07,21.98,43.44,0,89.9,1734.1,1
18.61,62.13,0.79,6.93,143,1859,11694,5.83,51.54,19.77,124.73,0,68.9,1100.6,1
11.69,68.6,50.17,7.77,176,4048,20209,5.3,50.58,21.71,29.69,0,85.4,1611.8,0
28.67,86.64,19.08,9.88,315,3780,22784,9.31,57.3,23.49,21.83,0,76.4,1598.6,0
45.25,64.73,10.57,25.06,85,1530,12228,9.24,64.21,22.51,45.85,0,42.9,1219.8,1
17.18,38.55,1.72,9.85,333,7326,36555,11.74,46.74,22.36,122.62,0,99.5,1761.8,0
41.98,35.79,11.2,13.39,223,3345,21684,8.93,56.41,22.37,82.44,0,42.6,1652.9,1
23.35,53.99,5.79,6.42,281,3934,22688,9.96,53.16,22.2,114.42,0,63.6,1661.4,0
34.31,70.01,4.75,30.36,255,4590,26686,7.33,58.34,19.88,9.33,0,42.4,1650.9,1
47.99,51.88,14.44,6.04,121,2541,16855,11.89,60.25,30.67,1.66,0,56.9,2234.8,0
1.59,52.11,23.48,9.52,256,5632,26852,0.67,46.78,16.8,151.09,0,69.1,923.6,0
35.24,68.5,8.78,4.38,197,2758,18348,15.89,60.21,25.94,80.45,0,37.5,2018.4,0
65.77,54.6,10.2,25.56,166,2988,21630,17.22,67.51,48.56,91.17,0,62.3,3143.6,0
53.79,70.52,15.81,11.96,242,4356,27762,13.3,67.53,35.33,283.48,0,86.4,2379.5,0
12.28,32.43,2.0,35.42,102,1632,9799,6.65,40.8,20.13,154.65,0,90.6,942.7,0
31.63,62.15,26.46,6.76,134,1474,11856,14.84,58.56,24.43,7.64,0,43.1,1890.1,1
71.83,28.36,27.2,22.86,110,1760,17635,16.41,75.25,34.98,0.43,0,32.5,2095.9,0
20.96,59.0,11.68,15.43,209,4807,24532,3.85,53.22,18.56,10.68,0,46.0,1106.5,0
47.98,68.51,3.12,7.57,323,3230,23221,8.81,66.28,26.23,46.27,0,36.3,2051.6,1
30.1,30.58,10.42,8.2,62,1364,10476,17.95,55.46,24.49,33.27,0,78.3,2058.0,0
22.0,20.57,1.68,16.92,228,2280,13847,13.95,49.34,19.71,78.59,0,96.8,1623.8,0
47.77,67.76,21.61,11.91,112,1344,12791,9.99,63.35,30.66,162.26,0,45.5,2315.1,0
47.71,61.74,5.59,8.08,205,3485,22792,11.94,63.2,25.56,31.08,0,45.2,1714.9,1
13.02,38.52,5.59,34.78,70,700,4581,6.17,46.31,19.51,16.99,0,76.5,1400.3,0
53.04,58.67,43.52,12.51,209,3344,22657,6.45,65.25,36.7,53.86,0,74.8,2417.6,0
0.54,46.88,8.22,9.73,122,2806,13093,8.2,41.14,17.11,174.11,0,54.9,1502.6,0
21.42,52.31,23.38,6.37,174,3654,19505,19.43,51.32,18.51,13.7,0,45.1,1750.4,0
29.08,50.97,15.21,8.92,266,2128,16159,12.22,56.14,19.03,18.23,0,58.4,968.0,1
21.06,35.04,5.7,3.37,195,4290,22706,6.47,51.15,20.9,67.36,0,76.2,1019.6,0
27.98,68.52,1.98,12.2,142,1846,12853,7.36,56.26,25.24,305.09,0,53.2,2013.4,0
18.35,39.11,23.97,18.92,132,1848,11103,3.28,46.06,21.64,99.12,0,89.5,1267.1,1
26.32,56.39,21.56,28.82,128,1024,8042,6.19,51.91,23.31,28.27,0,73.6,1836.5,0
42.01,64.78,2.78,9.48,284,3408,23563,19.58,62.89,27.91,142.53,0,72.4,2332.1,0
27.75,42.55,4.3,16.24,172,2752,15780,18.37,51.97,21.74,138.38,0,76.0,1119.3,0
62.36,50.88,21.8,9.9,74,1554,13991,7.24,70.26,30.97,45.34,0,93.5,1616.0,0
27.47,47.37,61.69,4.16,322,6118,31995,16.95,53.66,22.44,18.61,0,49.8,1838.5,0
23.12,80.87,27.83,3.58,272,3536,21093,7.08,55.7,23.73,22.67,0,57.5,1860.7,0
75.01,68.72,17.29,11.41,169,1859,18833,17.79,72.61,33.73,81.05,0,26.4,1899.8,0
48.77,66.4,37.05,3.61,185,4255,25912,11.24,64.97,21.37,23.55,0,42.4,1318.7,0
38.58,88.16,5.04,10.45,68,1360,11900,8.09,61.74,25.17,131.9,0,45.0,2075.8,0
6.75,60.28,0.15,9.42,213,2343,13443,15.69,45.9,20.24,108.4,0,99.3,1312.1,0
57.95,49.96,5.81,4.24,64,1344,12650,24.48,60.2,32.28,6.45,0,53.0,2248.6,1
42.21,33.4,53.6,2.39,169,3380,21484,7.39,64.45,25.65,4.0,0,35.0,2236.9,0
10.76,44.51,32.05,7.83,333,3996,22753,9.5,44.99,22.69,24.55,0,95.0,1595.0,0
37.37,57.39,0.78,29.38,112,1344,11205,8.04,57.8,22.58,52.44,0,55.2,1421.6,0
13.74,68.97,10.46,14.14,279,5859,29383,15.28,48.36,19.09,4.79,0,41.3,1162.7,1
53.28,45.19,1.23,7.78,256,3328,23262,8.23,64.66,40.21,22.03,0,89.8,2744.3,0
55.02,78.76,23.34,7.45,150,2850,20349,7.84,64.72,35.91,41.39,0,66.5,2371.9,0
45.28,31.91,6.99,14.85,287,6314,34710,7.45,63.88,26.73,128.99,0,70.8,1696.5,0
18.58,49.37,36.45,12.7,221,4641,24152,5.85,48.06,17.5,191.88,0,42.8,1795.0,0
43.91,61.06,0.84,18.02,137,1370,12631,15.15,58.35,22.73,68.57,0,73.9,1364.1,0
8.76,56.97,19.86,34.68,234,5148,26076,5.64,49.3,19.2,93.72,0,87.4,1114.0,1
30.26,62.15,7.65,23.39,342,3762,22846,10.73,56.49,23.81,120.6,0,70.4,1871.6,0
22.69,56.93,4.68,23.08,68,816,6795,14.96,51.85,19.28,89.33,0,79.1,815.0,1
22.08,64.72,10.93,11.2,262,2358,16891,16.76,51.66,21.69,37.53,0,43.9,1892.7,0
9.32,51.34,9.97,3.1,192,4416,22404,6.46,44.05,18.22,230.81,0,96.6,890.2,0
29.19,50.49,6.43,3.32,262,4978,27313,6.81,51.02,24.47,34.53,0,78.3,1657.4,0
12.94,42.63,15.7,15.93,62,1054,6054,8.18,43.56,17.09,6.58,0,38.0,1486.9,0
19.31,87.61,16.24,8.5,324,3564,21560,5.01,55.57,20.1,114.89,0,39.7,1127.4,0
38.42,53.82,1.2,31.85,270,3780,23597,9.06,60.08,26.85,69.46,0,95.0,2038.8,0
29.0,61.53,13.57,28.64,268,5360,29156,19.36,56.06,21.68,115.68,0,55.7,1450.0,0
19.69,51.83,18.61,12.79,117,2691,15060,7.46,52.83,22.32,122.97,0,46.4,1585.3,1
13.17,78.88,1.18,8.89,197,2167,13264,8.72,52.77,20.45,3.87,0,57.5,1581.2,0
34.58,54.83,16.14,6.87,200,4600,25380,9.91,55.52,25.36,106.25,0,51.1,1840.8,0
35.99,59.91,24.44,31.29,248,3720,22740,9.17,58.83,27.78,52.44,0,77.1,2201.1,0
16.97,41.91,26.75,13.14,97,776,7003,3.99,47.88,18.84,105.06,0,49.4,1702.1,0
20.72,81.41,0.64,7.8,293,4688,25045,7.72,56.35,18.26,205.89,0,24.5,1505.8,0
29.79,58.25,17.93,11.27,224,2688,18061,12.75,53.53,18.15,186.52,0,21.3,1674.8,1
12.9,81.95,23.92,10.32,129,2322,12771,3.5,47.17,19.87,82.19,0,99.2,964.7,0
32.57,45.99,7.58,35.09,67,603,6913,14.82,53.53,24.54,74.39,0,75.5,2109.7,0
11.18,48.37,11.74,13.51,276,3588,20452,3.41,49.87,18.86,11.01,0,39.1,1463.9,0
14.44,47.09,4.62,12.3,128,1408,8431,5.73,47.37,19.69,38.24,0,73.5,1146.4,0
0.73,50.74,5.57,5.36,338,6760,32039,16.19,39.88,18.67,50.58,0,91.0,812.3,0
13.86,65.06,10.45,16.08,328,4920,26783,6.52,46.66,19.69,107.92,0,78.4,1108.9,1
4.68,24.28,2.46,12.5,160,2400,12480,8.98,43.04,17.78,122.98,0,77.1,1361.9,0
20.08,54.28,6.94,16.74,142,2414,14346,9.17,44.47,21.3,106.01,0,73.3,1549.7,0
17.15,43.29,5.38,12.58,149,2086,12948,7.79,50.12,18.63,170.31,0,81.9,1848.8,0
5.18,41.68,4.08,9.9,109,2071,11154,3.65,42.04,16.02,3.38,0,58.9,945.2,0
27.04,62.02,9.92,12.55,238,4522,23467,13.29,57.62,19.49,49.12,0,33.9,1371.9,0
52.79,59.5,27.37,7.66,116,1160,13146,10.53,64.63,33.41,145.42,0,41.3,2375.4,0
66.79,67.95,4.16,13.36,100,1700,16436,8.79,74.39,44.7,7.9,0,72.9,2756.5,0
6.14,60.81,16.17,26.43,295,6785,32640,7.55,44.08,15.62,85.97,0,34.2,1345.7,0
30.91,57.7,4.4,20.68,94,1034,9642,9.11,53.33,21.02,26.59,0,37.8,2113.4,0
35.27,46.62,2.3,10.23,283,2830,18765,10.99,59.05,26.12,83.89,0,83.4,2123.0,0
40.36,41.1,43.06,10.75,136,1088,11753,10.1,58.24,26.98,48.13,0,61.8,2070.0,0
21.44,63.99,15.05,17.31,348,4872,27351,10.92,51.75,19.06,3.35,0,23.8,1470.8,1
34.08,51.16,1.66,15.24,240,4320,24934,15.61,54.04,25.46,121.92,0,64.6,1855.3,1
41.24,60.99,15.02,12.18,63,1071,9899,14.95,60.14,24.06,47.12,0,42.7,1701.3,1
57.24,54.93,2.91,8.72,179,2685,19692,10.65,64.24,36.23,7.18,0,45.0,2790.6,0
29.3,24.35,32.81,7.15,317,6974,36184,11.72,50.6,18.88,51.63,0,33.6,1251.5,1
3.93,62.25,4.26,7.09,67,1206,6393,7.97,51.43,17.74,53.32,0,34.4,800.0,1
22.33,45.61,24.66,11.06,139,2085,13086,7.04,52.28,19.71,0.41,0,61.6,1572.2,1
33.99,67.96,3.33,14.91,337,5055,30025,14.39,58.17,25.49,89.5,0,58.7,1682.6,1
18.37,27.12,12.26,4.34,261,5742,29219,5.1,47.35,18.95,3.15,0,59.6,1494.4,0
38.86,83.49,36.51,18.89,132,1056,10714,14.74,58.08,22.79,83.32,0,38.8,1485.6,0
8.46,46.06,5.26,6.43,305,2440,15664,10.34,46.46,16.16,46.15,0,68.0,992.0,1
64.34,62.07,1.27,8.08,291,6693,38619,13.47,70.14,37.88,102.41,0,76.9,2255.1,1
17.97,44.31,12.06,10.46,268,4556,23298,18.96,48.87,21.04,74.65,0,95.3,1126.7,1
9.9,46.35,2.84,15.34,345,7935,38538,5.41,46.71,19.96,13.46,0,93.2,1594.5,0
13.2,65.28,19.55,30.1,134,1608,9189,11.22,46.96,18.09,51.01,0,90.2,865.5,0
48.65,51.97,13.4,9.21,242,4356,27658,19.28,64.73,29.56,152.75,0,35.2,2183.9,1
14.21,53.01,6.38,23.3,330,5610,28776,7.2,49.25,20.17,1.34,0,90.2,1465.7,0
32.03,67.74,18.34,9.57,120,2280,14096,11.38,54.25,22.86,70.96,0,42.8,1668.2,1
58.35,57.83,4.09,27.05,210,2100,18504,23.66,68.63,35.95,31.95,0,43.5,2583.5,0
12.78,61.72,37.34,11.67,342,2736,17660,9.54,49.4,19.16,424.64,0,51.4,1469.4,0
51.12,45.63,6.39,4.99,153,2754,20205,10.4,67.45,32.07,33.01,0,20.4,2553.1,0
40.88,65.0,21.59,7.94,75,675,9133,9.11,59.1,30.25,54.55,0,74.5,2443.3,0
4.06,56.67,4.49,12.26,201,3015,15830,6.91,47.09,17.16,27.37,0,59.8,1567.7,0
43.84,61.46,18.82,10.75,145,2900,18766,12.0,60.08,28.18,205.42,0,66.6,1972.2,0
44.35,60.46,0.48,6.62,325,3900,26542,13.4,59.36,28.97,65.91,0,79.9,2294.0,0
3.59,71.94,5.25,5.51,117,2457,13035,7.71,46.31,21.51,37.95,0,88.8,1288.7,0
26.0,62.57,1.46,19.69,344,3784,23119,5.8,55.41,19.32,348.45,0,22.4,1848.2,0
28.85,37.6,9.0,3.05,191,1719,12853,7.31,55.94,24.39,177.88,0,90.3,1950.5,0
20.91,46.08,8.57,16.49,265,3975,23062,9.89,47.92,20.26,65.67,0,78.9,1463.8,1
18.51,58.39,6.67,6.3,97,1261,8812,15.63,48.78,22.56,6.37,0,78.5,1701.5,0
7.19,60.98,59.58,37.98,127,2286,12309,6.85,46.55,17.93,40.06,0,23.8,1570.5,0
34.77,35.13,4.2,3.62,262,3930,24716,10.1,56.38,18.1,25.75,0,23.7,1213.5,0
0.91,40.11,23.48,3.45,71,568,4404,4.37,39.84,16.22,95.7,0,29.8,1740.6,0
27.08,71.4,8.9,9.43,111,1998,13297,14.4,55.35,22.99,31.36,0,94.9,1689.5,0
20.62,84.49,6.12,22.41,290,6380,32823,5.87,57.83,21.62,6.05,0,62.8,1582.2,1
23.54,30.19,3.41,44.94,130,1300,10174,4.28,52.84,16.22,18.54,0,31.4,1464.1,1
37.03,58.87,15.05,22.03,148,1184,12320,5.81,53.55,23.03,124.72,0,20.4,2007.0,0
20.74,55.72,6.09,13.29,105,1155,9022,5.95,50.97,17.68,221.61,0,40.5,1824.8,0
33.2,70.17,25.14,6.8,175,3675,21406,9.45,56.96,22.84,65.73,0,93.7,1204.3,0
24.36,62.45,51.85,7.7,325,3900,23993,14.54,54.35,25.25,9.99,0,81.7,1705.9,0
18.29,67.44,3.86,8.2,150,3300,16795,13.02,49.69,18.96,19.23,0,57.5,1549.4,0
26.54,20.79,2.07,9.54,78,1014,7949,6.81,48.63,17.14,26.77,0,63.3,1468.0,1
37.13,54.89,5.69,10.46,176,3520,21042,15.6,54.71,23.7,43.95,0,74.2,1435.0,0
33.93,41.41,9.44,13.73,176,2288,15062,7.96,51.16,20.27,90.26,0,50.5,1320.6,0
1.61,41.79,5.37,8.58,335,4690,23393,8.99,41.79,14.81,12.74,0,46.4,1264.5,0
37.0,36.61,52.83,13.42,176,2288,16162,12.95,55.24,28.06,44.88,0,60.1,2496.6,0
30.93,58.43,22.66,15.28,337,3370,21726,7.87,58.12,22.89,77.41,0,29.3,1937.5,0
3.44,60.0,50.78,6.31,243,5103,24362,2.97,45.65,16.43,71.92,0,25.0,1099.1,1
40.81,64.46,7.01,5.75,82,1804,13265,9.56,61.25,26.22,81.42,0,45.9,2176.3,0
28.69,48.95,5.45,23.53,277,2493,18153,11.61,49.22,22.57,3.07,0,63.7,2106.6,0
62.74,75.76,7.85,13.12,176,3520,23651,10.29,71.68,44.64,33.14,0,55.2,2802.7,0
13.0,41.02,11.1,11.13,250,5500,27328,5.5,50.28,18.28,69.76,0,84.9,1317.0,0
36.83,33.51,20.3,5.18,196,2940,19074,9.02,59.33,28.59,48.6,0,61.0,2335.6,0
20.68,58.28,31.94,19.33,159,2067,13481,10.46,50.71,19.54,167.71,0,79.2,1455.2,1
50.18,44.73,9.33,12.17,237,4503,27010,7.66,56.06,24.22,104.74,0,61.4,1371.3,0
25.7,62.98,5.12,29.89,248,5704,29685,7.12,51.56,19.42,35.87,0,73.0,902.8,1
60.41,45.13,5.76,13.67,287,5453,34049,16.48,65.93,34.21,74.18,0,76.5,2181.1,1
7.85,46.32,17.91,10.43,185,1480,9887,16.68,41.94,14.02,12.63,0,22.8,847.2,0
29.56,45.1,12.57,8.41,285,4845,27360,5.34,51.5,22.31,10.41,0,66.4,1914.5,0
36.85,44.02,10.0,31.43,85,1955,12733,12.45,56.58,21.91,1.09,0,23.6,1996.7,0
39.31,54.97,3.4,22.07,177,3540,21989,11.24,62.61,26.46,133.5,0,28.8,2401.9,0
52.92,58.59,31.25,13.91,289,4913,30480,12.5,66.56,23.32,19.88,0,59.2,1205.4,1
31.0,43.99,22.78,21.44,300,6900,35259,3.86,55.24,22.2,154.5,0,70.9,1994.3,0
5.68,37.44,2.27,14.91,62,1240,6368,7.94,45.46,19.36,6.48,0,96.1,1409.9,0
15.55,62.48,6.87,4.11,253,4048,22073,12.6,47.97,20.85,4.7,0,80.6,1741.8,0
9.5,60.82,11.72,21.43,223,2007,12541,6.24,47.16,18.53,17.15,0,74.1,1306.1,0
65.95,65.72,9.09,18.55,275,4675,30666,14.17,70.44,47.12,112.78,0,91.4,2938.4,0
23.49,39.35,7.61,6.32,149,2980,17689,11.8,48.31,20.57,38.4,0,89.9,1371.0,1
20.25,42.6,19.03,17.33,164,2952,16131,15.29,44.63,16.64,234.36,0,69.4,1020.3,1
34.12,67.35,0.84,7.37,164,1968,14192,10.93,56.97,25.26,73.25,0,30.9,2094.0,0
37.13,68.44,9.56,9.43,273,2457,18139,8.84,59.29,24.14,105.68,0,71.4,1224.5,0
25.79,48.86,4.56,13.34,264,4224,24291,8.08,50.2,22.21,44.97,0,64.7,2000.9,0
32.84,40.71,1.33,12.93,106,1696,12317,11.61,51.95,23.82,185.94,0,45.6,2149.5,0
41.97,44.48,9.38,11.6,174,1740,14278,15.98,58.14,24.19,0.63,0,21.9,1820.4,1
13.08,40.52,2.82,4.6,336,6048,30706,3.84,47.51,22.58,135.76,0,61.9,2102.8,0
32.75,66.97,4.48,12.52,263,2367,17498,17.21,54.76,25.05,24.29,0,54.8,2012.0,0
30.91,65.69,10.61,33.23,323,5814,31897,13.7,58.64,23.44,179.46,0,20.9,2041.3,0
44.33,56.22,54.58,14.33,234,3510,22534,13.1,56.47,30.23,260.93,0,60.2,2202.8,0
45.2,44.83,17.29,10.94,271,4336,25766,12.79,63.82,24.26,76.62,0,46.2,1698.8,0
17.66,41.78,4.92,18.44,267,2403,15326,13.3,54.29,17.76,32.12,0,32.7,873.6,1
6.63,45.77,7.23,13.33,116,2436,12466,6.5,43.65,16.41,3.01,0,22.5,1181.4,0
26.61,41.67,7.82,9.46,299,6279,33331,3.66,51.25,21.89,42.8,0,49.9,1692.2,0
35.01,58.4,2.5,21.09,302,5436,30596,12.48,57.15,23.64,93.09,0,29.3,2043.0,0
51.61,66.44,2.63,14.26,221,3536,23360,11.4,63.17,25.06,68.02,0,84.9,1519.9,0
10.97,66.91,2.41,15.55,237,2370,14523,2.75,48.16,18.67,236.43,0,83.0,1149.2,1
6.26,41.73,11.06,10.81,309,2472,15796,7.23,43.31,17.75,126.36,0,62.0,1249.9,0
13.26,46.03,16.82,11.47,229,2977,17226,16.1,45.16,17.78,8.17,0,44.9,1510.8,0
5.83,46.7,13.4,19.67,161,1449,9600,9.2,45.97,16.62,20.24,0,41.8,1394.5,0
32.54,70.29,57.09,8.99,181,1448,12090,5.66,57.21,24.56,151.28,0,26.6,1997.2,0
28.86,34.99,2.02,49.03,105,2205,13372,8.64,56.3,20.61,8.16,0,47.7,1771.2,1
35.32,54.96,64.55,8.55,101,1111,10812,10.73,57.69,24.59,97.67,0,94.2,1729.1,1
13.4,41.88,9.43,8.46,151,3020,16333,6.9,45.83,21.51,16.22,0,99.0,1370.0,1
40.68,52.13,3.7,22.68,339,7458,40458,10.69,56.96,20.45,25.91,0,24.9,1294.0,0
15.63,65.41,43.04,12.01,289,4624,24891,6.48,48.79,16.93,29.86,0,34.8,1123.6,1
29.7,50.15,9.48,17.45,197,4531,23680,17.43,51.08,22.83,103.76,0,55.0,1996.9,0
64.34,43.7,6.4,30.29,341,5115,32977,11.86,66.98,43.06,67.22,0,85.1,2864.8,0
14.21,66.21,3.61,15.55,284,5396,27518,6.36,51.04,19.11,63.74,0,60.1,800.0,1
16.7,56.95,4.68,14.9,257,2570,15733,8.17,51.62,20.09,21.64,0,22.8,1804.6,0
12.97,62.23,58.11,8.75,248,5208,26312,13.27,47.15,18.63,9.16,0,61.2,1511.8,0
17.83,58.97,5.44,7.31,310,4650,25114,5.02,52.42,20.72,21.59,0,65.2,1334.7,0
17.08,36.78,57.12,4.84,110,1430,8734,5.39,47.13,19.75,198.02,0,62.4,1404.2,1
18.53,74.58,6.01,7.94,140,1680,11525,6.86,55.14,24.79,49.77,0,91.1,1672.1,0
21.89,52.02,3.95,9.16,315,2520,17703,16.31,52.05,18.42,0.92,0,52.7,1588.5,0
33.83,67.64,3.04,7.8,233,3728,22140,15.18,56.56,23.27,66.65,0,28.8,2064.9,0
46.04,49.75,7.96,10.46,62,558,8454,19.14,62.26,25.97,312.12,0,60.3,1930.6,0
30.11,63.49,4.05,9.16,130,2080,13615,5.91,55.0,21.85,198.94,0,38.0,1999.8,0
24.1,70.16,17.91,20.21,95,1140,9278,4.16,54.82,18.73,36.66,0,22.6,1383.9,1
4.19,68.24,4.11,5.55,239,2390,14015,7.52,42.37,20.36,40.83,0,73.8,1124.1,0
64.92,56.58,27.06,22.06,103,1751,16008,10.28,68.65,44.36,260.64,0,57.5,2900.6,0
28.11,49.91,26.94,18.34,145,2900,16982,7.42,60.0,20.56,5.61,0,40.1,1940.5,0
29.13,33.87,5.04,7.0,329,7567,39338,6.76,54.27,15.36,29.75,0,23.7,1272.4,1
54.63,36.43,21.01,5.67,253,3542,24723,13.05,62.27,35.98,77.66,0,56.3,2438.6,0
18.97,71.75,29.23,17.05,236,1888,13613,19.07,44.93,17.9,26.95,0,32.8,1300.0,1
24.86,42.64,13.38,17.03,142,2982,17838,5.6,49.59,20.25,4.33,0,62.8,1714.4,0
43.92,67.06,6.84,7.57,214,2568,18936,8.21,63.28,32.36,6.92,0,97.1,2235.2,0
46.36,68.72,8.72,5.5,61,732,9250,7.22,62.6,30.17,69.26,0,70.3,2265.2,0
26.73,61.83,23.14,9.57,136,2856,16491,7.14,51.55,19.06,74.17,0,46.9,1481.3,1
28.19,60.87,5.21,1.77,106,1908,12382,15.87,50.09,21.15,10.78,0,38.1,1928.6,0
56.93,37.52,6.11,16.91,247,5187,31765,25.07,64.66,30.81,85.62,0,47.4,2161.1,0
22.37,34.76,2.63,8.33,197,2758,17061,4.22,46.86,17.02,91.31,0,70.9,1533.5,0
23.06,45.12,7.64,13.72,248,3720,21607,14.52,52.85,18.84,90.55,0,26.7,1693.1,0
35.32,79.79,1.36,35.71,64,1472,11200,7.26,59.12,24.82,180.77,0,32.4,2079.0,0
23.21,75.62,5.81,9.62,329,6909,35717,4.4,57.2,22.25,55.81,0,58.2,1869.2,0
23.84,55.56,7.01,18.29,282,4230,23412,18.86,53.63,25.04,62.44,0,96.6,1956.0,0
36.53,74.42,4.43,10.45,148,1184,11344,9.65,55.89,29.31,25.36,0,95.3,2010.8,0
41.33,40.98,1.6,9.34,257,2827,20016,16.53,62.18,25.37,8.86,0,20.2,2239.7,0
14.13,49.46,11.06,30.46,170,2210,12414,11.08,51.59,19.0,21.6,0,64.9,1131.6,1
27.89,78.81,30.05,8.73,301,5117,28714,9.21,59.51,24.61,33.95,0,42.1,2161.8,0
47.7,86.53,6.13,16.92,210,4410,26566,13.51,62.37,28.71,30.14,0,23.4,2083.2,1
36.18,66.57,4.05,14.72,138,2898,18151,4.87,55.02,24.58,54.36,0,76.4,2010.7,0
29.62,31.16,5.03,15.66,300,5400,29693,3.17,50.22,24.67,95.38,0,75.4,2170.1,0
34.62,75.24,29.7,17.74,136,2992,17718,15.07,59.45,22.71,26.67,0,59.1,1261.5,0
10.85,50.98,11.26,16.61,201,1809,10897,17.71,46.61,19.58,280.06,0,65.6,800.0,1
22.69,65.84,2.1,8.68,196,4508,22843,14.1,54.07,21.08,0.89,0,38.7,1327.4,1
15.05,56.49,18.53,9.4,348,4872,26195,13.64,46.91,18.51,95.38,0,63.3,1420.1,0
29.45,70.1,2.52,14.37,348,7308,38067,5.7,52.43,21.41,0.43,0,21.2,2000.8,0
53.62,55.7,0.93,4.0,348,5568,34642,7.53,66.44,39.03,54.36,0,73.3,2759.4,0
13.75,95.93,4.43,15.18,63,1323,6882,17.29,50.84,19.52,341.81,0,21.6,1290.4,1
26.43,69.48,2.76,8.62,341,7843,38625,4.4,55.0,21.88,21.37,0,50.8,1846.1,0
16.67,36.13,13.93,22.8,84,1764,10029,4.98,45.32,17.4,156.57,0,36.0,1510.5,0
12.88,29.82,9.94,3.76,286,4862,25632,10.28,41.62,18.55,464.64,0,68.8,1055.1,0
32.69,30.01,19.31,16.1,305,3660,23384,13.86,52.41,20.43,231.34,0,35.2,1333.5,0
11.58,63.92,10.75,14.33,269,5380,26841,5.77,45.65,17.63,42.87,0,43.7,1163.8,1
33.84,69.44,8.15,13.37,292,3504,21469,8.71,56.83,23.75,177.87,0,86.8,1924.7,0
35.98,15.82,11.21,26.89,125,2750,16394,10.51,53.49,24.75,117.32,0,84.5,2001.9,0
17.38,73.32,8.55,12.29,259,4921,26210,7.81,53.92,19.12,42.2,0,43.2,1412.3,0
27.83,60.26,0.57,14.17,153,3060,18024,5.84,56.2,21.72,85.43,0,32.3,1993.2,0
67.42,79.26,17.12,5.86,180,2160,19903,13.68,70.81,40.75,16.85,0,52.8,2399.4,1
3.64,40.48,49.1,13.16,226,3616,18687,9.27,45.81,17.31,31.47,0,28.6,1065.7,1
22.45,59.36,8.22,10.45,275,3300,21063,10.88,57.24,22.58,60.18,0,81.8,1778.1,0
59.83,59.25,8.27,10.35,251,5773,33818,26.88,66.71,25.32,36.85,0,27.1,1418.7,1
34.66,43.39,0.7,4.67,303,6666,35185,22.28,51.31,21.29,22.81,0,44.2,1827.1,0
40.32,35.96,33.16,34.39,199,2189,16762,24.22,59.29,25.0,61.51,0,90.6,1964.8,0
52.8,68.97,39.7,6.87,95,2090,16686,23.44,68.58,34.47,185.29,0,37.0,2507.9,0
45.99,58.44,25.16,10.22,73,1387,11340,8.97,65.84,23.78,24.97,0,49.3,1297.0,0
33.55,60.91,1.69,4.99,242,4356,24807,6.94,53.4,22.44,394.55,0,69.3,1592.8,1
39.01,75.44,34.57,5.11,215,3225,20733,17.64,55.79,25.88,204.18,0,30.4,2180.7,0
14.65,54.4,0.36,5.16,102,1122,7807,12.49,52.75,19.92,121.94,0,86.5,1537.9,0
23.36,59.72,8.82,30.86,207,4140,22817,6.57,55.05,24.4,81.68,0,91.4,1526.6,0
53.56,60.29,10.42,4.65,233,5359,32052,13.14,63.1,34.67,12.7,0,82.9,2394.3,0
54.59,60.69,26.94,8.63,140,3220,21956,6.91,64.61,35.9,60.76,0,69.4,2545.4,0
29.32,33.87,20.85,9.58,89,1335,10250,7.21,49.28,21.81,13.94,0,75.2,1474.9,1
26.06,54.7,23.93,7.83,163,2282,14779,12.48,52.57,23.07,128.41,0,94.5,1735.2,0
14.62,72.38,30.36,7.23,183,2745,15530,10.78,49.71,21.68,139.73,0,84.5,1306.1,1
38.36,53.08,9.7,9.41,142,1278,12786,17.63,57.87,30.0,20.83,0,93.9,2470.7,0
3.72,47.91,22.73,5.8,132,2376,12338,7.4,38.23,19.63,5.87,0,94.7,888.8,1
15.27,69.53,1.06,21.31,230,2530,14882,11.62,50.23,19.09,98.78,0,66.6,1783.0,0
32.91,55.21,8.82,31.01,123,1230,10639,7.82,56.77,23.21,55.68,0,36.6,2063.7,0
30.34,45.56,0.46,25.79,183,2562,16257,15.97,55.44,21.33,103.26,0,42.2,1790.9,1
26.62,42.08,37.03,3.84,188,3008,18603,8.38,52.68,24.09,31.53,0,95.2,1863.6,0
23.94,54.19,47.7,3.68,334,7682,37781,6.71,55.94,24.2,30.95,0,76.0,1855.0,0
6.73,45.08,1.32,4.75,168,3360,16483,7.35,39.92,17.1,158.23,0,44.1,1348.9,0
54.21,68.52,11.41,16.83,327,7194,39952,8.39,69.01,36.79,35.24,0,89.4,2436.7,0
16.69,43.59,5.9,8.91,178,3560,18686,3.8,52.16,19.16,8.79,0,95.0,1228.5,1
31.25,59.17,6.29,51.33,295,6195,32535,4.15,47.89,24.02,1.75,0,79.9,1701.1,1
57.55,61.3,8.99,12.36,87,1131,12590,13.74,71.16,39.56,11.96,0,32.8,2834.0,0
42.51,64.49,2.0,23.12,168,3024,20226,8.03,66.49,27.71,57.59,0,25.7,2321.6,0
60.35,78.55,2.99,23.37,264,2904,22965,9.4,72.17,39.97,37.25,0,37.3,2714.7,0
16.44,34.71,12.92,6.69,304,5168,27439,16.63,47.99,19.41,124.51,0,93.1,1570.4,0
20.87,64.12,0.28,7.36,166,1826,12775,18.21,49.7,20.34,25.32,0,48.0,1570.3,0
48.07,64.34,13.74,30.77,112,1120,12312,11.55,60.27,35.19,5.14,0,85.6,2554.1,0
25.08,38.7,5.76,4.37,70,910,6820,4.99,52.73,24.22,0.22,0,91.9,1774.5,0
13.7,58.91,26.78,11.07,274,5206,26592,7.82,49.26,18.21,59.13,0,22.4,1679.8,0
62.45,48.71,13.74,18.51,117,1170,13922,20.52,66.92,41.85,36.84,0,92.7,2793.7,0
19.18,76.03,18.47,16.22,177,2124,12787,10.57,54.76,20.97,22.79,0,69.0,1533.7,0
29.92,46.47,1.82,9.6,106,1272,11018,10.27,55.33,24.01,144.8,0,67.5,1699.6,0
26.85,51.77,4.64,9.36,152,1824,12206,14.99,53.47,20.01,37.72,0,45.3,1848.0,0
31.45,49.29,85.57,5.72,122,2196,14143,12.67,53.48,18.3,26.32,0,27.1,991.2,0
16.64,42.43,8.53,7.02,73,1022,7096,7.9,44.6,20.37,127.46,0,77.8,951.3,0
3.52,31.76,6.67,32.41,66,1386,7399,6.89,40.52,15.83,108.62,0,40.9,1324.8,0
34.59,42.51,31.05,13.77,278,3336,21525,8.31,52.73,21.02,11.96,0,57.8,1252.9,0
34.85,57.16,0.5,8.43,338,2704,19648,21.15,57.81,21.96,71.31,0,40.7,1759.9,1
8.21,59.24,11.48,17.65,121,1694,10335,5.03,45.11,17.94,149.96,0,58.1,1220.1,1
21.57,67.19,3.54,9.25,330,4620,26179,7.57,55.78,21.26,21.57,0,53.2,1951.2,0
8.27,70.75,6.89,6.32,326,5542,27346,3.58,41.87,19.33,40.94,0,65.7,1334.0,0
41.67,61.01,3.34,8.59,152,1520,13423,6.74,60.34,22.39,147.57,0,69.5,1215.7,0
8.8,66.95,0.58,5.21,85,1105,7094,9.38,46.01,18.35,80.65,0,49.6,1647.2,0
35.31,62.86,8.08,31.72,106,2226,14897,6.18,60.9,27.88,62.66,0,75.4,2284.6,0
38.24,38.48,23.35,17.75,276,3312,22292,8.94,59.31,27.41,0.43,0,63.1,2248.3,0
25.38,60.72,45.53,17.67,318,2544,18173,13.91,54.72,22.21,47.72,0,38.8,2126.7,0
60.67,55.18,14.67,8.82,334,4676,30653,14.47,69.14,36.34,176.84,0,30.4,2481.5,0
1.93,46.53,7.39,11.75,240,2640,13577,4.64,45.45,15.49,22.41,0,47.2,1139.4,1
41.87,55.18,22.04,9.04,136,1224,12580,8.73,63.64,26.15,29.54,0,92.6,1710.8,1
34.04,60.36,10.55,5.22,91,1911,13031,3.67,55.87,24.87,96.79,0,56.4,2217.7,0
48.49,51.97,6.87,20.92,65,1365,12419,10.66,66.14,36.65,151.64,0,79.2,2719.4,0
61.47,69.88,2.96,19.62,217,1953,18356,9.98,68.73,33.66,31.75,0,78.2,2149.5,0
28.24,60.12,23.85,15.46,133,1995,13222,9.47,53.37,22.04,313.94,0,95.5,1053.7,0
23.87,68.11,10.41,12.38,217,4340,23958,6.18,49.47,20.43,6.27,0,26.9,1934.0,0
53.67,73.85,49.78,7.16,132,1320,13622,5.77,64.88,30.23,34.2,0,77.3,2004.4,1
16.88,49.06,24.29,14.88,193,2509,15308,12.68,42.38,18.48,49.47,0,83.3,833.1,0
42.19,48.33,8.17,6.79,187,2805,18322,12.17,62.09,27.77,76.97,0,90.4,2158.7,0
32.65,72.35,20.26,7.38,296,4144,24226,15.81,56.57,25.04,72.39,0,62.0,2057.0,0
56.65,43.46,9.06,6.82,271,2710,21339,9.48,58.95,27.47,220.13,0,30.0,1998.5,1
7.15,53.53,1.25,8.23,268,4288,20856,11.25,44.19,15.64,112.53,0,25.7,1122.5,0
6.15,47.69,10.91,7.76,61,1098,6114,4.69,47.18,16.31,102.22,0,27.8,1267.3,1
20.77,40.14,30.12,18.87,69,1380,8489,7.22,43.35,17.49,40.48,0,36.9,1045.3,0
27.82,62.47,29.01,6.63,120,1080,9282,12.39,53.92,22.83,7.63,0,25.1,1496.9,1
38.76,50.99,12.83,12.09,60,900,8936,17.27,56.08,27.08,20.85,0,45.1,2025.9,0
13.73,41.09,7.17,17.54,349,8027,38668,8.48,47.23,19.74,27.33,0,76.3,1310.8,0
4.26,68.88,0.15,25.23,298,4172,20948,9.91,38.9,20.4,7.49,0,71.0,1309.9,0
70.27,35.13,5.6,15.33,304,5168,33903,11.97,69.62,32.24,50.88,0,81.7,2033.1,0
20.32,52.78,68.79,3.89,227,2043,14337,13.78,49.55,19.67,114.98,0,53.5,1316.9,0
46.37,68.35,19.45,10.61,283,3396,23673,12.11,61.08,31.23,13.04,0,86.7,1982.8,1
12.02,68.73,18.97,18.7,115,2185,11764,5.49,49.93,18.12,75.55,0,66.6,1346.4,1
22.83,61.41,21.47,6.75,76,912,7449,10.49,49.84,18.74,45.36,0,48.0,1667.0,0
8.95,41.8,14.52,27.04,226,3842,19186,3.25,50.7,18.14,288.46,0,25.2,1329.6,0
64.89,57.41,13.22,26.68,192,1728,17454,12.29,70.54,25.68,280.42,0,39.2,1370.4,1
18.63,60.33,9.07,16.47,282,4230,23217,8.6,50.09,19.77,115.19,0,53.3,1431.2,0
6.98,48.37,8.8,21.61,77,1386,7661,5.21,44.63,15.65,0.72,0,46.2,1297.2,0
54.52,60.65,30.7,25.17,128,2944,19812,24.82,66.07,31.13,30.44,0,41.6,1950.0,1
20.77,32.83,7.5,12.65,121,1089,8646,3.16,45.94,19.43,52.9,0,35.0,1871.2,0
58.47,28.7,27.52,20.64,153,2142,17727,10.5,65.11,30.74,47.41,0,77.1,2066.3,0
34.27,45.37,27.28,6.1,205,2665,18163,5.02,54.24,22.61,21.5,0,58.6,1955.0,0
28.75,65.4,22.1,18.83,210,2940,19085,18.32,53.57,23.04,18.81,0,76.2,1993.8,0
42.03,67.9,0.58,15.44,84,1344,12049,10.7,62.94,29.53,58.9,0,64.0,2306.3,0
15.74,35.81,2.4,54.36,340,4080,23262,2.87,45.44,17.65,172.56,0,39.3,1398.5,1
19.48,77.02,5.67,9.66,159,2226,13444,5.1,50.52,22.23,24.43,0,90.2,1414.5,1
30.07,56.35,28.21,26.19,171,3078,18673,18.0,53.57,20.95,47.08,0,23.5,1734.6,1
41.73,31.77,30.98,21.55,344,6192,34052,11.37,60.6,21.2,292.93,0,87.1,1065.8,0
27.91,59.55,0.64,11.42,119,2499,14891,15.9,52.96,22.33,68.85,0,78.0,1804.1,0
4.44,74.08,5.89,4.1,172,1892,10855,17.86,41.36,19.16,5.56,0,96.7,1046.4,1
30.87,47.73,28.5,9.59,177,1947,13601,14.56,57.47,19.53,10.7,0,41.9,1240.6,0
21.99,69.66,4.31,11.39,64,1088,7913,9.95,52.41,17.51,48.64,0,30.2,1044.6,1
27.8,76.64,55.95,21.6,253,4048,23641,6.01,57.03,22.48,29.01,0,70.7,1450.5,0
24.8,55.61,10.08,14.4,239,3346,20269,15.61,54.24,19.9,35.95,0,69.8,1481.0,0
24.39,43.82,41.54,12.43,273,4095,22793,16.36,53.84,24.51,26.52,0,86.4,1628.4,0
28.67,72.56,8.4,19.97,167,2672,16034,12.57,58.9,21.93,59.66,0,55.0,1097.7,0
45.68,72.5,5.87,19.39,183,3294,21143,19.09,65.03,28.24,36.17,0,67.8,2216.0,0
11.58,36.12,6.75,21.79,227,3178,17968,6.96,45.94,18.08,102.8,0,69.3,1235.2,1
21.33,53.47,32.35,7.31,248,2976,17928,18.27,53.52,17.74,50.79,0,26.0,1415.9,1
10.9,65.81,6.02,21.81,346,3806,21728,6.26,41.22,14.7,42.92,0,32.3,1178.9,1
20.7,66.64,16.6,26.61,148,3256,17748,11.62,44.52,21.14,100.3,0,46.0,1701.1,0
27.86,50.66,9.52,60.53,84,1512,10688,17.17,54.14,20.16,54.59,0,29.0,1793.4,1
11.69,40.62,42.62,16.41,155,1705,10634,11.54,51.99,18.74,52.12,0,57.7,1341.7,0
31.55,78.56,2.6,23.44,181,3439,20799,8.25,57.35,27.11,154.53,0,97.6,1560.0,1
31.62,56.34,8.4,16.05,245,3430,21139,8.69,52.08,25.65,44.43,0,60.3,2043.9,0
13.42,52.32,2.0,17.81,120,960,6892,1.6,41.93,22.05,65.25,0,93.8,1623.6,0
22.3,46.18,12.95,23.45,73,1314,9159,8.86,45.75,19.08,27.46,0,30.3,1712.5,0
4.39,51.98,7.74,4.61,193,1544,8455,4.96,42.38,15.76,162.79,0,39.5,878.2,0
13.66,31.38,0.94,14.53,178,2670,14869,7.58,50.27,18.83,187.84,0,58.9,1246.9,1
19.35,69.98,28.44,14.82,82,1066,7096,12.82,50.01,20.23,64.24,0,61.9,1249.4,1
17.54,50.94,7.06,8.47,138,1104,8435,9.22,50.6,19.05,25.36,0,70.5,1023.1,0
5.91,23.49,10.21,4.85,223,4014,20581,8.28,47.23,14.65,106.03,0,37.6,800.0,1
10.25,40.23,7.85,9.22,187,2244,12053,6.2,53.59,15.83,155.95,0,37.6,1301.3,0
22.22,69.36,10.06,14.73,71,1349,8650,7.94,52.97,22.1,141.96,0,76.7,1708.6,0
50.0,52.87,0.25,10.73,280,4200,27038,17.4,59.98,31.57,118.51,0,75.3,2434.3,0
40.09,43.17,25.35,14.45,124,992,10955,12.58,64.28,29.1,237.28,0,88.9,2493.8,0
27.14,56.99,6.06,6.97,284,5680,30729,17.71,57.53,18.59,38.12,0,33.1,1392.7,1
36.17,50.52,19.34,13.35,243,4131,24348,5.03,58.98,28.16,54.61,0,82.6,2292.8,0
52.53,56.66,1.01,14.96,80,1200,11849,13.83,67.02,25.08,189.86,0,61.4,1331.0,0
9.37,59.79,11.13,5.72,249,2490,14815,13.29,47.01,17.9,50.47,0,45.4,1365.2,0
54.17,42.75,35.92,5.36,80,1360,13035,20.97,66.19,37.52,178.95,0,91.0,2633.2,0
37.6,46.36,7.62,19.69,150,3150,19741,12.92,54.58,24.0,4.26,0,73.6,1744.4,0
45.74,43.98,3.3,13.19,61,1281,11847,15.45,61.77,27.15,33.65,0,70.4,2233.5,0
10.11,44.43,1.57,6.61,209,4807,23628,8.27,46.76,16.5,28.07,0,67.9,984.7,1
19.83,45.58,29.39,9.5,68,1156,7584,8.25,49.84,19.68,249.55,0,77.1,1667.6,0
44.18,50.64,4.09,16.18,231,2310,17727,6.94,61.7,23.66,52.45,0,70.2,1487.9,1
25.46,45.88,55.38,7.02,318,3498,21850,9.15,50.52,24.3,156.23,0,95.6,2153.9,0
23.12,57.4,4.27,30.77,275,4125,23956,8.28,54.57,18.9,16.25,0,54.3,1681.8,0
52.68,50.3,9.84,17.05,187,3740,23754,16.01,62.1,23.73,91.55,0,95.6,1097.9,1
23.33,44.4,9.19,20.04,189,3213,18653,9.64,52.19,20.27,52.88,0,69.9,1717.5,0
31.12,26.12,0.96,13.51,202,3030,19213,7.8,48.61,16.8,22.61,0,35.3,1267.5,1
52.47,41.45,11.38,17.56,275,6050,35492,7.57,63.47,31.73,19.42,0,45.9,2600.9,0
55.97,49.53,16.75,43.36,109,981,12723,11.85,65.44,24.59,14.54,0,63.1,1699.8,0
13.0,69.36,20.33,9.36,195,3900,19864,13.87,50.59,19.03,160.8,0,28.0,1425.9,0
22.67,53.95,11.09,9.66,163,1467,9866,6.58,50.13,22.26,65.85,0,75.5,1473.9,0
39.42,32.3,25.12,43.1,240,4320,25106,18.06,55.22,23.39,83.39,0,70.8,1794.8,1
59.66,56.47,20.92,26.58,64,768,10902,8.97,68.56,29.91,57.64,0,65.5,1629.4,0
13.26,48.21,3.23,10.99,259,2072,13392,4.47,48.76,19.52,114.39,0,73.5,1088.8,1
40.26,63.56,7.7,7.61,233,3495,21982,9.47,65.94,31.56,158.29,0,94.1,2482.8,0
23.86,33.06,2.31,9.5,98,1568,9825,12.88,47.28,18.86,33.73,0,35.7,1768.5,1
52.08,73.17,2.15,41.27,347,3817,26862,7.5,62.9,28.42,161.1,0,91.6,1606.2,0
14.5,61.71,18.68,12.86,185,2775,15614,17.21,45.73,16.53,19.64,0,23.4,1607.1,0
53.01,51.87,11.34,22.93,76,1672,13315,6.06,63.63,28.72,59.28,0,73.7,1924.0,1
39.11,31.84,13.78,14.08,310,6510,36580,8.4,57.11,23.01,365.18,0,76.9,1658.3,1
21.3,33.09,19.76,14.78,187,1683,12737,6.86,51.18,18.96,20.48,0,49.9,1684.1,0
6.89,65.28,4.87,17.4,301,5418,27365,7.15,48.31,21.93,0.78,0,94.8,1068.4,1
34.95,67.05,7.7,11.34,231,3234,20546,10.03,60.05,23.68,30.61,0,35.0,2057.0,0
25.39,70.62,14.0,10.45,151,1812,12434,19.99,54.4,23.64,39.37,0,91.5,1801.0,0
5.0,80.01,1.52,31.48,235,4935,24050,11.82,49.05,18.57,91.69,0,42.4,924.0,0
53.9,66.24,26.85,10.7,281,5901,34548,19.19,65.76,30.71,128.53,0,71.1,2045.8,1
21.8,61.11,6.31,16.7,74,1258,8171,9.96,51.97,19.34,64.44,0,39.6,1492.8,1
51.18,90.83,16.13,23.24,225,4725,28663,13.87,68.91,31.84,55.73,0,86.1,1880.0,1
36.38,46.82,81.27,17.17,233,2330,17189,16.23,56.06,24.1,19.39,0,31.4,1684.2,0
54.45,53.49,9.68,19.24,289,2890,22865,14.66,66.34,30.15,106.8,0,67.9,2056.6,0
2.14,31.88,3.63,4.58,238,1904,12150,4.67,38.9,18.3,30.79,0,93.0,800.0,0
30.39,64.37,3.66,14.02,221,1768,13352,10.25,55.3,22.96,21.9,0,28.1,1933.9,0
65.2,51.95,0.93,26.38,79,1422,14985,23.16,75.28,48.4,97.31,0,97.4,2926.4,0
14.11,45.7,21.86,47.18,72,1080,7198,5.69,45.48,16.8,192.02,0,55.5,1570.8,0
29.88,46.01,5.21,24.54,103,1751,12635,8.46,54.55,19.9,105.87,0,25.6,1644.9,0
9.44,43.08,2.84,14.24,104,2392,12355,5.95,49.13,18.58,72.92,0,98.8,1432.0,1
63.59,52.47,18.76,17.35,80,960,12563,14.58,69.88,41.7,123.92,0,63.4,2702.3,0
21.82,33.37,5.55,18.86,105,1575,10450,4.72,49.46,17.46,12.86,0,52.1,1206.1,1
31.55,34.72,13.76,3.59,318,3498,21864,5.84,53.41,20.59,0.34,0,81.8,1202.4,0
26.07,38.39,8.11,6.1,273,3822,22366,8.27,54.31,17.38,68.08,0,22.2,1229.9,0
42.24,45.7,6.1,13.28,152,2584,18009,10.51,56.41,26.74,11.18,0,68.5,2113.4,0
17.08,48.04,10.08,11.63,281,6182,31288,10.7,49.75,22.61,56.43,0,70.5,1295.5,1
25.66,24.27,5.65,9.73,207,3726,20990,13.6,48.41,20.59,20.93,0,69.8,1747.5,0
26.52,47.27,30.67,15.38,209,2508,17091,5.46,58.19,23.56,95.69,0,65.7,1807.0,0
6.07,42.38,1.14,16.48,142,1562,9040,14.22,40.71,18.38,53.17,0,49.6,1598.3,0
3.98,66.74,0.46,4.85,91,2002,10327,12.29,44.07,20.21,70.9,0,85.9,998.7,1
33.54,41.5,7.82,5.34,302,5436,29631,9.75,52.34,24.37,88.46,0,89.0,1788.5,1
4.61,70.06,2.85,9.5,85,1700,8860,6.12,47.52,16.84,156.74,0,30.5,911.0,1
22.88,81.13,20.42,17.08,323,7106,36048,3.88,56.05,24.62,320.09,0,81.7,1409.3,0
12.77,72.5,6.54,10.77,326,3912,21915,17.7,47.39,20.79,42.06,0,88.2,1059.2,0
28.8,40.27,4.55,8.81,246,2706,18257,14.07,51.12,21.66,122.47,0,87.1,1502.4,1
41.48,62.79,6.68,28.72,291,6402,35053,11.63,58.36,21.98,43.79,0,45.4,1664.7,0
41.25,40.53,3.72,18.18,75,1725,13195,16.3,56.99,23.11,51.62,0,41.2,1842.9,1
32.38,42.62,5.34,10.97,262,2620,18570,5.07,57.56,21.88,6.88,0,49.0,1935.1,0
31.35,43.62,12.59,36.01,325,4875,27838,5.63,56.51,21.97,88.86,0,49.0,1815.0,0
44.0,57.04,29.93,12.94,310,4030,26928,16.77,59.42,24.62,158.93,0,60.1,1848.1,1
32.13,41.89,6.95,21.61,118,944,10163,5.94,55.39,15.96,103.45,0,25.0,1150.1,0
18.06,55.58,5.8,6.84,112,1904,11432,7.64,48.67,18.95,142.66,0,61.5,1668.7,0
4.57,73.94,22.83,5.27,100,1300,7495,8.72,42.02,18.79,83.23,0,56.5,1242.1,0
48.57,38.47,0.34,7.51,64,960,10240,10.36,57.43,27.91,38.29,0,31.9,2073.1,1
65.18,30.88,5.39,16.81,62,1302,13314,15.07,67.13,38.58,41.34,0,63.0,2478.6,1
19.31,45.4,9.03,11.28,131,3013,16627,4.18,51.73,20.7,27.14,0,69.9,1757.2,0
20.61,76.42,13.77,11.0,343,3773,23440,9.03,51.76,17.15,318.51,0,45.6,830.3,1
4.12,65.33,2.55,14.03,225,2025,11828,2.21,47.44,16.96,54.75,0,38.9,1182.4,0
20.57,42.18,8.51,13.35,125,1375,9985,8.98,49.13,18.93,233.05,0,20.9,1911.8,0
25.11,39.32,12.53,25.47,321,5136,27932,13.14,49.5,21.48,15.43,0,60.8,1666.4,1
13.71,59.85,10.71,8.73,334,4676,24592,22.14,44.91,15.98,27.31,0,24.0,800.0,1
13.03,56.46,12.82,5.19,205,3485,18335,2.19,54.3,21.93,37.6,0,60.5,1694.3,0
27.23,64.34,16.29,32.51,121,2420,14733,6.0,57.53,24.55,21.08,0,81.4,1419.8,1
24.61,37.67,7.16,9.2,97,2231,13824,22.44,51.88,23.77,12.57,0,85.5,1785.0,0
14.12,53.74,0.99,25.1,335,7370,35586,3.49,47.68,18.11,40.53,0,21.9,1686.6,0
48.61,68.44,0.86,15.52,275,3850,24840,7.98,63.42,28.82,41.21,0,52.5,1822.1,1
1.48,71.93,29.35,29.42,115,2415,11043,13.93,45.71,20.15,43.24,0,76.2,800.0,1
45.4,36.42,16.97,8.39,189,3780,24066,11.21,62.31,26.92,73.76,0,31.6,2272.3,0
14.23,53.72,21.67,20.55,287,2583,17163,9.28,50.45,17.59,54.36,0,58.0,1530.3,0
24.15,50.71,39.63,10.29,203,4669,25578,5.44,56.8,20.37,18.14,0,78.7,1378.5,0
33.41,42.45,20.83,8.16,158,1580,13357,10.08,55.72,24.02,70.23,0,31.4,2210.3,0
28.11,43.97,17.68,33.4,194,2716,17289,11.87,49.73,20.94,33.91,0,76.1,1516.0,1
20.61,63.51,16.0,7.79,217,2604,16135,13.53,49.78,21.74,22.97,0,98.1,1324.3,1
18.51,43.51,4.49,7.58,94,1410,9631,15.66,48.03,17.16,29.83,0,38.5,1071.1,0
24.59,53.15,47.3,6.23,203,2842,17278,10.47,48.05,20.34,52.75,0,46.4,1471.9,0
43.83,62.3,11.71,9.31,75,825,10446,8.63,62.36,27.7,21.68,0,20.7,2365.9,0
34.91,81.29,3.77,13.4,347,6246,34661,10.73,56.78,27.01,53.08,0,50.7,1759.4,1
11.8,59.49,3.53,11.05,146,1606,9882,10.12,50.2,17.63,79.44,0,58.5,1203.1,1
55.48,65.81,25.33,15.38,317,4755,30133,17.18,67.48,36.45,82.46,0,44.0,2693.0,0
7.68,58.94,4.32,4.72,160,3680,18120,7.5,43.45,19.67,51.56,0,73.9,1583.0,0
48.4,51.92,0.63,11.9,102,2346,16656,7.16,59.81,31.0,84.44,0,29.9,2536.0,0
36.77,51.65,8.39,5.18,273,4368,26323,7.17,54.28,26.17,22.95,0,73.1,1934.4,0
8.13,53.26,25.5,9.36,77,1155,6890,15.72,46.02,21.4,279.77,0,86.9,1243.8,0
45.55,22.91,8.03,10.56,184,3864,23733,14.06,58.41,26.43,0.39,0,56.4,1827.7,0
37.4,50.09,24.41,11.95,250,3000,21422,15.4,59.09,24.4,55.38,0,37.2,2127.9,0
34.04,61.57,26.34,15.11,169,1352,12438,10.76,61.26,24.38,78.66,0,90.0,1518.1,1
14.68,43.95,29.25,5.71,146,1898,11826,10.22,48.31,18.98,194.44,0,69.7,1602.7,0
26.73,76.79,13.33,9.31,324,3240,20710,7.63,57.74,22.18,126.77,0,56.8,1340.5,1
16.05,56.88,18.03,48.0,278,3058,17427,4.29,47.86,20.89,41.48,0,75.9,1372.4,1
30.51,53.03,4.55,11.62,196,3920,23754,6.39,58.19,20.7,26.95,0,81.1,1868.6,0
10.39,67.54,1.58,10.85,204,3468,18062,12.9,46.89,17.71,71.63,0,59.5,1479.9,0
58.56,63.46,11.41,3.84,320,2560,21428,6.97,66.49,42.36,13.11,0,98.4,2669.7,0
28.28,71.99,0.16,13.47,269,3228,20272,5.0,56.35,23.85,9.6,0,42.4,2012.0,0
21.35,74.91,9.4,4.7,211,3165,18657,4.39,47.31,19.51,2.06,0,48.3,1294.9,1
35.6,76.98,1.62,2.75,218,1962,15632,15.56,61.24,25.54,20.16,0,47.9,2046.0,0
57.35,61.85,1.72,15.86,250,3250,22947,10.64,63.93,35.6,133.34,0,41.2,2579.5,0
16.4,39.45,30.69,15.81,213,3834,18853,6.1,46.75,20.05,74.87,0,91.3,1776.8,0
41.38,51.43,15.35,4.63,332,6972,38486,8.64,60.0,25.42,118.16,0,51.6,1899.5,1
29.33,79.58,15.54,5.24,319,5423,30789,14.09,55.38,24.32,2.94,0,27.6,2148.9,0
24.21,58.89,7.77,7.62,194,2910,18159,15.04,54.06,22.01,24.04,0,68.9,1566.2,0
2.71,48.49,8.0,39.07,190,2850,14516,10.13,45.69,19.81,7.44,0,61.9,993.4,0
33.07,46.83,5.42,14.4,315,6615,34642,10.59,51.87,23.52,74.24,0,82.0,1530.6,0
40.27,38.84,8.55,17.22,282,6204,34254,9.61,59.16,28.86,203.3,0,90.9,2093.3,0
49.03,68.79,13.27,25.47,119,2618,18214,13.4,62.35,35.6,187.39,0,83.8,2445.5,0
40.97,48.22,3.1,30.38,313,4382,27403,12.23,55.51,19.97,73.86,0,21.7,1270.7,1
23.17,40.26,4.55,13.29,103,1854,11787,5.08,48.23,20.63,2.32,0,88.1,1728.4,0
13.82,41.95,10.24,16.02,278,6116,29865,18.6,47.74,20.36,71.02,0,71.7,1573.2,0
3.14,15.86,7.29,12.31,82,1312,7093,8.1,38.76,14.44,7.65,0,81.7,1048.3,1
42.13,65.59,25.68,3.73,248,3472,22704,5.49,61.29,26.49,34.01,0,29.6,2173.6,0
33.24,51.44,25.86,14.49,208,4784,25882,11.92,55.83,24.67,19.07,0,66.0,2081.9,0
26.14,36.57,6.14,8.78,190,3230,18830,16.7,53.38,23.75,17.4,0,73.9,1922.3,0
13.6,75.81,8.99,2.1,107,2033,11557,10.13,47.47,21.59,52.44,0,89.2,1531.9,0
5.86,55.7,56.32,7.63,70,910,5123,10.77,43.23,19.17,37.1,0,50.0,1256.5,0
60.14,21.38,26.36,9.06,196,2548,21123,13.02,62.97,37.98,44.78,0,92.3,2519.7,0
54.26,65.83,3.64,21.1,266,2926,21564,10.95,66.84,33.91,80.32,0,87.2,2192.2,1
62.98,39.84,4.93,11.08,238,3570,24387,8.49,66.52,30.66,3.43,0,26.1,2208.8,1
58.44,63.93,1.31,7.78,275,5225,32238,14.1,66.69,32.15,38.2,0,70.3,2149.1,1
26.24,62.58,16.99,5.51,82,1476,9716,9.29,55.0,25.1,58.55,0,87.2,1732.9,0
13.72,57.06,5.72,10.6,349,7329,36430,16.47,48.73,18.21,56.64,0,34.2,1721.9,0
21.21,36.22,11.54,13.27,254,5588,29134,3.92,49.89,17.42,69.34,0,65.8,1339.2,0
14.38,36.51,21.92,16.96,265,2385,14954,5.25,48.38,18.87,0.1,0,57.6,1306.5,0
16.5,54.27,27.12,19.85,213,4260,22778,2.47,48.26,21.45,119.49,0,97.4,1582.3,0
35.07,40.88,5.9,5.16,252,5544,29583,8.84,56.42,23.32,36.95,0,22.8,2146.0,0
12.37,73.29,4.06,14.12,152,2584,14388,1.93,47.62,22.94,30.37,0,75.9,1318.2,1
30.01,53.48,28.31,10.98,71,639,5940,8.92,54.06,21.21,39.02,0,46.9,1873.3,0
8.82,39.93,7.2,10.4,320,6720,32651,5.26,41.85,14.56,28.96,0,22.4,1094.9,1
28.14,69.98,25.89,13.72,292,6132,32234,8.98,54.96,21.62,34.98,0,76.4,1490.7,1
26.28,26.34,2.43,33.88,114,1824,12287,11.3,51.55,15.85,142.25,0,25.2,1813.0,0
57.17,53.02,36.44,10.18,130,1950,16719,18.46,66.39,37.55,144.52,0,58.5,2557.4,0
9.79,63.34,9.9,12.94,158,1896,12174,2.62,47.22,18.37,120.66,0,34.7,1446.9,0
18.09,39.57,2.8,6.68,155,2945,17035,8.36,40.81,18.9,117.4,0,68.9,1856.0,0
19.19,48.51,11.49,6.26,186,1860,11923,3.42,49.65,17.56,48.46,0,58.2,1315.7,1
43.79,44.88,30.61,6.08,230,4600,27317,10.08,57.94,30.64,8.05,0,91.7,2204.2,0
27.66,38.13,7.4,4.67,116,1276,9833,7.07,56.45,17.72,23.48,0,32.7,1909.7,0
36.01,56.15,2.94,8.13,261,2610,19392,10.56,56.21,26.72,71.66,0,58.8,2109.3,0
29.82,67.77,12.89,35.05,284,6248,33059,10.33,58.82,22.77,13.38,0,44.7,1968.8,0
11.03,85.06,26.98,7.53,132,1584,9563,1.45,45.51,21.93,51.58,0,90.7,1248.5,0
15.19,66.43,1.94,9.92,257,3855,21913,7.17,44.59,20.77,63.43,0,86.9,1310.7,1
39.03,50.96,0.63,5.2,205,4715,27165,15.89,58.03,26.74,82.1,0,43.0,2495.5,0
33.11,71.72,0.87,10.65,257,2570,17982,4.38,57.42,29.5,20.83,0,96.7,2265.6,0
20.09,38.06,3.93,6.33,156,2808,15902,10.16,52.91,20.57,29.29,0,84.9,1382.9,0
4.9,46.96,0.11,9.9,284,3124,17753,1.23,39.98,18.49,62.1,0,85.9,1007.1,1
12.33,69.29,8.4,9.86,63,1449,8168,2.62,46.78,19.51,66.53,0,44.2,1496.7,0
33.49,45.13,17.95,11.33,272,4352,24965,6.26,53.45,24.4,8.41,0,90.9,1632.0,1
13.97,55.87,18.59,23.66,87,957,6605,7.91,46.56,19.32,3.65,0,57.7,1167.4,1
57.91,44.48,15.19,35.51,123,1476,14876,20.71,64.84,24.96,12.11,0,49.6,1622.1,1
74.19,51.77,5.27,35.3,322,3542,28061,17.46,72.85,41.16,68.92,0,37.0,2587.6,1
22.98,53.96,19.97,13.0,131,2489,13898,11.06,53.95,20.41,72.8,0,97.6,1346.9,1
41.54,62.07,12.89,13.51,199,3781,22919,14.29,62.12,30.55,12.74,0,97.4,2345.6,0
33.25,57.49,29.62,12.89,229,2977,18928,6.38,56.86,25.83,45.21,0,59.7,2139.2,0
42.65,65.72,9.75,19.33,303,3939,26152,11.94,59.82,31.16,77.1,0,98.4,2214.8,0
66.09,60.88,2.98,8.06,333,4329,30278,8.77,72.81,43.14,46.14,0,89.1,2418.5,1
29.31,52.0,15.1,6.62,343,4116,25371,11.66,51.01,19.96,249.79,0,28.1,2017.1,0
1.33,45.86,2.45,3.66,251,3514,17601,0.58,40.73,16.91,72.09,0,79.5,867.0,0
33.71,41.28,49.51,20.8,155,3100,19122,11.61,57.03,25.57,82.0,0,92.0,2016.9,0
51.7,14.09,18.22,13.93,118,2596,18020,11.15,59.28,32.98,272.03,0,58.8,2460.0,0
5.72,53.27,21.18,7.44,145,1450,8616,12.75,45.88,18.22,26.19,0,84.3,959.6,1
60.69,37.85,17.06,31.92,109,1635,14902,8.37,69.53,36.57,15.83,0,33.9,2542.3,0
64.36,41.86,1.54,8.19,256,2560,21973,9.25,66.75,41.55,86.55,0,94.4,2508.7,1
44.02,50.49,9.39,30.12,311,6220,33517,9.61,62.92,32.43,18.2,0,87.6,2364.8,0
7.91,47.18,15.81,7.22,258,5934,29933,1.81,42.54,19.19,35.65,0,38.7,960.5,0
26.41,63.21,3.91,13.58,260,5460,29363,4.77,59.67,20.51,109.31,0,27.4,1693.6,0
14.51,52.5,17.07,15.86,334,3340,19966,10.77,49.88,18.59,5.57,0,55.3,1735.9,0
34.46,79.4,25.71,8.86,295,3245,22178,4.51,57.51,29.14,188.42,0,66.8,2326.5,0
12.06,87.91,4.82,5.62,77,693,5702,6.06,49.71,20.15,54.76,0,47.4,1315.4,0
51.78,50.41,3.34,12.41,217,4991,29105,13.17,62.25,30.78,5.55,0,44.0,2461.2,0
22.91,42.3,32.2,7.65,111,1443,9986,15.64,55.58,18.67,151.79,0,20.6,1814.8,0
21.15,28.55,0.1,4.71,311,4665,25150,7.24,46.86,13.53,30.45,0,20.2,800.0,0
19.63,82.42,4.43,4.1,204,4284,22428,9.19,56.87,20.24,10.28,0,31.9,1544.2,0
18.24,44.14,7.83,13.63,206,4326,22319,11.4,50.16,20.57,74.56,0,80.3,1847.2,0
25.23,46.9,16.73,3.06,243,4131,22983,4.73,53.63,22.52,150.56,0,92.4,1764.2,0
4.07,44.51,87.46,10.22,73,1314,6436,8.79,46.14,17.54,317.15,0,30.3,1349.5,0
35.78,50.1,6.95,19.19,331,7282,38504,11.0,58.82,22.71,24.98,0,77.2,1633.8,1
15.55,47.85,44.58,4.91,250,4500,23329,5.18,46.49,15.91,50.67,0,40.1,1464.0,0
42.36,67.4,6.85,5.41,138,2208,15468,14.85,64.28,30.59,189.12,0,30.9,2553.3,0
44.69,13.81,17.84,14.71,77,847,10094,11.45,55.33,20.85,8.61,0,51.7,1188.9,1
44.49,52.19,2.71,2.47,282,3102,22094,18.42,62.78,25.68,68.47,0,80.2,1835.3,1
34.95,65.77,9.25,11.67,300,2400,17534,19.32,53.41,22.65,26.19,0,63.7,1366.1,0
31.6,44.64,30.75,9.06,99,1584,11594,18.55,53.8,20.1,68.6,0,31.4,1648.2,0
49.76,63.82,5.78,28.88,72,648,9966,12.73,65.34,24.61,242.28,0,31.5,1920.1,1
35.3,56.34,1.67,31.73,297,3267,21206,21.93,58.44,26.0,43.8,0,43.5,2238.5,0
34.85,44.23,11.09,14.82,177,3363,20213,6.53,52.92,21.98,14.49,0,73.1,1784.2,1
39.84,27.82,8.68,7.97,156,2184,15152,9.26,57.54,26.2,63.85,0,43.9,2372.5,0
59.25,61.1,3.91,12.75,211,4431,29189,9.35,71.08,39.04,92.88,0,28.5,2686.9,0
65.36,59.77,35.41,20.55,342,6840,40944,8.61,72.25,36.34,190.58,0,68.1,2278.3,0
6.8,43.89,13.81,18.49,197,2955,15152,3.83,44.77,20.42,232.6,0,99.0,1393.8,0
44.72,66.4,6.4,2.95,314,5966,34227,18.61,63.04,29.84,7.1,0,79.0,2224.4,0
11.59,47.72,83.32,5.02,72,1224,7222,11.37,45.14,19.51,59.29,0,61.9,1541.9,0
28.14,70.52,2.22,19.09,337,3033,20544,11.38,56.28,21.2,98.1,0,31.0,1763.2,0
11.96,59.55,28.25,5.62,208,2704,15911,14.8,46.2,20.9,49.97,0,94.3,1750.0,0
19.89,77.2,3.93,14.86,257,2056,14965,13.82,54.09,21.05,71.34,0,68.1,1342.1,1
7.04,60.45,4.11,19.83,322,5474,27335,9.55,38.53,16.36,89.05,0,20.5,914.3,0
45.52,55.42,10.34,17.37,94,1316,11699,16.49,58.85,28.05,52.65,0,36.4,1984.8,0
37.96,26.73,16.27,16.2,153,1377,12848,6.82,54.66,24.47,40.36,0,36.0,2290.6,0
66.18,55.81,17.59,9.05,123,1599,15869,9.2,69.81,45.12,137.12,0,60.3,2843.4,0
44.06,51.41,0.34,5.3,313,6260,35932,13.81,63.69,22.09,10.27,0,20.1,1885.4,1
6.95,79.23,5.07,35.67,89,1513,9215,16.9,46.56,18.72,16.45,0,40.1,1395.5,0
50.96,58.2,16.21,3.79,117,1170,12678,11.56,63.16,29.84,94.56,0,44.1,2411.4,0
14.93,66.74,33.07,13.03,100,1800,10180,5.22,44.4,19.6,23.57,0,27.5,1596.5,0
31.47,76.06,16.62,8.65,129,2064,12764,8.48,58.02,22.76,18.4,0,98.8,1443.5,1
10.39,75.09,4.64,26.91,270,2970,16940,12.66,48.67,21.13,74.13,0,78.8,1281.8,0
59.29,53.69,10.63,12.38,212,4028,25665,17.12,67.71,34.28,228.46,0,74.1,2100.0,0
14.93,86.93,15.64,7.18,347,6940,34659,6.13,47.31,23.04,14.86,0,71.8,1523.7,0
17.3,47.41,2.18,9.15,233,2097,14313,7.95,46.93,19.35,36.58,0,92.9,1373.2,1
53.98,74.96,11.81,20.67,327,6867,38839,13.07,68.76,32.7,16.0,0,75.5,2170.7,1
20.64,43.8,9.57,23.04,72,648,6292,5.27,54.12,19.43,58.18,0,74.0,1794.6,0
55.49,67.9,6.16,17.91,256,3840,25603,12.04,68.19,30.75,225.85,0,35.9,1997.6,1
26.47,40.54,14.65,12.94,327,6867,34995,8.9,52.95,16.31,14.15,0,70.7,1022.1,0
20.75,64.28,15.17,6.78,77,693,7018,4.78,50.65,17.08,49.58,0,48.3,860.4,1
5.37,42.19,53.35,7.83,230,3910,19262,1.08,44.64,19.41,153.77,0,97.7,878.8,1
44.52,39.45,8.39,16.0,313,2817,20571,14.03,59.09,26.6,24.42,0,76.9,2122.3,0
61.85,40.51,11.37,22.31,266,4788,30689,14.23,65.36,24.62,69.97,0,28.0,1681.3,0
30.8,62.47,2.57,4.98,292,4088,23932,4.8,54.87,21.28,142.62,0,33.8,1703.2,1
62.02,62.42,11.92,4.35,219,4380,28389,7.59,69.42,43.6,36.27,0,54.5,2930.1,0
15.91,62.35,0.55,10.71,128,1024,8118,9.68,48.61,16.16,32.54,0,21.0,1442.5,0
36.46,58.32,2.44,13.94,116,928,10111,12.44,57.16,25.55,94.54,0,66.8,2117.2,0
19.77,47.74,2.82,13.4,249,3237,18850,9.54,54.59,17.45,7.26,0,57.9,1744.6,1
56.61,44.18,15.02,16.72,155,2790,20207,12.39,63.46,23.73,41.53,0,27.6,1619.8,0
21.27,39.47,12.57,8.79,218,3706,20297,16.59,48.97,20.49,124.42,0,66.2,1591.4,0
31.77,38.58,24.0,25.44,257,3855,23472,7.04,54.76,21.42,93.42,0,74.2,1415.0,1
45.41,73.2,9.37,30.09,112,1904,14518,15.98,60.21,29.8,5.28,0,82.2,2563.4,0
54.53,39.12,9.66,16.68,282,4230,26893,9.37,66.09,29.76,56.55,0,85.3,2308.7,1
60.97,41.02,2.64,8.92,121,1694,15700,10.41,66.49,34.23,56.78,0,70.4,2126.4,1
5.41,40.03,20.36,2.27,226,2486,14030,4.07,44.28,17.87,57.18,0,50.4,1236.8,0
45.88,35.1,0.1,8.12,66,858,9667,10.31,57.8,27.04,77.25,0,27.2,2459.1,0
27.97,59.57,8.3,13.15,261,4176,23666,11.61,54.81,19.77,7.13,0,78.9,1100.9,0
30.73,46.96,3.13,17.77,312,3432,22323,13.78,58.27,20.23,18.58,0,40.5,1670.0,0
32.62,52.54,22.11,9.8,154,3542,20717,15.42,57.3,23.56,34.76,0,58.9,1630.6,0
10.72,53.25,16.78,11.37,192,2880,14888,2.18,42.06,18.14,24.07,0,82.1,1170.5,0
37.71,59.33,18.4,33.41,347,5205,31163,13.51,60.61,24.43,50.86,0,63.4,1729.3,1
16.41,56.52,2.41,6.27,137,1781,10832,6.36,48.98,21.94,205.82,0,92.7,1554.9,0
9.33,72.76,16.58,4.46,228,3192,17344,1.96,45.99,18.2,9.46,0,99.5,800.0,1
42.92,44.98,17.61,2.88,201,1608,14799,15.22,54.67,26.95,9.25,0,29.8,2080.1,0
43.91,46.12,0.1,21.5,195,3705,23400,12.36,61.56,29.37,27.83,0,71.9,2431.3,0
49.07,53.67,5.73,5.43,143,1287,12789,14.26,62.02,28.86,90.77,0,25.4,2237.9,0
23.38,53.9,1.37,9.8,293,4981,27154,6.48,48.16,16.44,9.12,0,27.5,1215.7,0
58.74,32.76,17.16,19.82,228,3876,25680,7.15,62.87,25.3,26.6,0,53.7,1670.2,0
27.35,31.35,3.58,30.65,162,1944,13254,3.41,52.48,19.63,56.63,0,67.4,1603.9,1
53.38,52.89,4.61,12.49,69,759,10622,11.43,65.83,36.26,22.14,0,97.6,2570.3,0
49.78,75.79,1.22,6.63,67,804,9735,8.58,66.69,34.99,114.04,0,80.1,2566.5,0
19.64,77.27,9.92,14.94,268,3216,19518,11.97,52.4,20.89,16.18,0,49.6,1800.4,0
20.7,38.24,0.5,6.42,111,2109,12360,9.33,51.22,18.89,12.66,0,38.1,1811.9,0
30.93,48.54,28.02,11.62,239,4063,23505,9.29,54.75,24.75,17.91,0,62.4,2335.9,0
64.65,57.44,0.4,5.24,302,6644,38820,11.65,73.84,44.58,2.25,0,85.9,2649.9,0
22.02,59.56,0.95,7.34,264,2640,16790,7.2,52.47,20.87,81.03,0,22.0,1818.8,0
32.83,40.4,15.34,46.78,96,2112,13923,13.84,54.17,22.86,42.6,0,42.7,2102.7,0
33.25,80.54,37.32,23.12,208,4576,26712,7.06,58.62,23.79,98.17,0,36.7,1636.6,0
21.43,46.45,33.4,8.1,125,1625,11672,3.32,53.6,20.09,64.89,0,69.7,1409.0,1
57.3,60.53,1.31,9.31,153,1224,13738,9.92,64.67,38.09,30.03,0,57.4,2747.6,0
20.52,50.06,5.1,18.72,298,3278,18895,10.5,54.32,20.94,32.27,0,63.8,1889.3,0
34.14,50.13,11.04,9.48,312,5304,29002,11.76,57.03,23.24,15.4,0,52.8,2003.8,0
36.97,66.35,0.4,25.2,291,5820,31028,9.17,57.48,26.46,215.43,0,55.4,2292.6,0
44.57,69.77,11.28,4.73,138,2346,16427,7.06,61.02,26.59,4.73,0,63.1,1922.2,1
32.98,65.21,8.91,11.66,211,4431,24581,10.48,59.46,24.4,7.54,0,69.5,2180.7,0
16.97,41.75,13.32,7.52,238,2618,15691,8.71,48.46,21.18,8.48,0,61.5,1686.8,0
56.34,34.82,37.95,14.19,316,6004,34366,13.45,61.13,37.45,7.85,0,76.2,2620.8,0
1.02,94.9,4.82,13.07,166,3818,17726,4.57,42.65,19.94,19.15,0,24.8,1320.8,0
24.98,59.6,15.29,12.34,333,5328,29806,17.74,54.16,20.85,71.52,0,58.2,1694.2,0
28.2,41.53,8.43,15.7,174,1392,12352,5.87,52.31,19.57,144.6,0,58.1,1378.5,1
40.26,69.13,8.57,14.34,269,5111,29546,10.44,60.13,26.29,16.5,0,26.9,2143.2,0
19.54,41.41,15.63,6.14,246,5166,26613,6.73,51.49,19.85,8.46,0,64.7,1344.8,0
39.93,84.53,45.34,11.38,326,5216,29881,9.47,59.3,26.26,72.85,0,90.5,1730.2,1
32.1,48.88,29.82,11.4,215,4300,24598,9.11,57.67,22.79,83.98,0,80.8,1743.3,1
39.95,67.88,15.3,11.81,198,2970,18622,14.02,58.8,28.0,272.88,0,38.4,2508.6,0
44.88,54.33,9.29,45.5,221,3757,23257,16.25,56.21,29.02,65.52,0,25.6,2331.0,0
37.86,32.14,8.27,12.38,244,5612,29976,4.16,58.48,24.58,15.13,0,92.6,2087.5,0
46.51,40.24,23.21,32.52,316,5688,33316,24.87,60.11,29.63,34.4,0,94.7,2235.1,0
34.55,43.49,3.69,3.77,202,1818,14739,12.1,56.72,20.07,0.11,0,32.0,1757.4,0
16.46,44.73,13.29,8.56,129,2709,14318,25.05,47.93,22.0,6.47,0,84.6,1746.6,0
13.66,57.81,10.55,10.46,126,2898,15023,9.45,52.4,17.65,131.81,0,23.3,1633.4,0
36.72,18.52,15.72,30.7,83,747,9136,10.02,54.13,24.32,34.5,0,61.6,2146.9,0
14.67,57.91,3.11,3.27,110,1210,7789,7.73,47.03,20.16,2.59,0,66.7,1660.3,0
3.96,25.36,17.85,21.78,269,3497,18107,2.63,43.19,16.41,61.07,0,68.7,1137.0,0
59.68,60.37,14.79,16.78,243,2430,21096,14.25,68.05,41.54,184.77,0,93.4,2598.5,0
64.3,42.99,2.98,16.81,341,5456,34655,9.9,68.86,29.47,26.21,0,84.8,1989.6,0
14.53,57.02,8.96,10.77,316,4424,24538,4.0,52.64,17.8,42.96,0,52.0,800.0,1
21.52,34.99,17.03,13.37,183,1464,11224,10.41,50.49,17.32,62.47,0,60.5,1169.4,0
16.81,45.56,34.78,11.8,293,6446,32720,8.75,48.91,18.09,110.64,0,69.2,1089.8,0
35.87,24.3,1.95,8.09,318,5406,30853,5.8,54.25,24.18,164.59,0,91.0,2039.9,1
16.12,36.31,0.13,20.88,165,1815,11387,11.42,49.38,15.68,20.85,0,29.5,1319.4,1
19.81,76.02,2.71,12.78,255,2550,16442,5.32,54.68,17.67,98.16,0,35.6,1005.1,1
42.31,76.42,68.03,7.6,275,3025,21870,10.84,63.18,27.13,68.29,0,30.5,2020.8,0
10.17,36.34,21.94,15.57,263,4734,23920,9.28,41.03,17.51,34.57,0,34.0,1295.7,0
30.4,49.92,14.29,10.73,137,1781,13327,8.57,56.16,24.34,40.66,0,76.4,2172.0,0
9.32,61.87,2.14,9.31,162,1620,9889,15.27,49.24,20.95,108.57,0,51.7,1404.8,1
13.77,56.21,8.07,4.4,92,1472,8690,9.32,47.86,19.35,54.93,0,74.6,1698.5,0
8.09,46.36,18.84,8.9,172,2924,15640,5.15,45.02,17.31,26.37,0,51.1,1570.7,0
26.37,31.64,33.93,8.63,80,1280,9074,4.59,52.62,20.91,152.24,0,81.2,1493.0,1
30.0,68.16,7.21,14.62,202,2222,16215,10.81,57.67,24.29,209.81,0,74.9,1929.5,0
2.8,47.38,121.18,9.67,106,1696,9266,4.08,41.52,18.95,44.09,0,27.9,1309.0,0
25.04,30.32,2.26,60.96,283,2547,16860,7.66,49.98,19.23,384.57,0,42.1,1710.3,0
7.9,54.32,7.34,4.85,288,5760,28771,6.2,48.33,17.37,3.13,0,55.1,945.3,0
65.39,49.85,31.24,5.77,304,4864,32305,19.79,71.28,43.73,44.42,0,69.2,2771.7,0
45.1,47.37,15.74,8.81,154,1694,14435,12.63,57.36,28.8,78.15,0,65.9,2206.9,0
33.2,56.9,24.98,15.16,252,4284,24968,11.49,55.27,18.56,53.96,0,54.0,1094.4,0
46.02,51.81,35.76,10.01,348,8004,42034,11.94,59.08,30.43,125.41,0,31.5,2351.5,0
22.14,71.82,10.62,8.44,167,1837,13068,13.96,53.89,19.27,320.26,0,56.7,915.8,0
41.97,41.3,4.01,5.95,196,4116,24065,6.1,59.12,23.68,57.35,0,98.3,1435.1,0
14.23,43.44,17.75,15.76,346,6228,30790,11.82,43.67,18.46,11.58,0,50.4,1200.0,1
25.62,66.57,12.43,62.85,216,3672,20719,10.99,54.84,21.53,25.65,0,92.4,1391.8,0
12.76,92.43,22.22,6.45,197,1970,11918,11.45,53.46,21.28,4.79,0,57.1,1234.1,0
75.35,90.08,10.75,17.2,196,1764,19143,9.88,75.98,59.51,12.92,0,21.9,3322.3,0
3.83,65.98,25.0,31.23,318,6360,31391,4.14,42.97,20.57,67.76,0,84.4,1050.7,1
8.39,49.74,34.84,13.26,300,4500,23659,17.41,47.04,16.76,180.81,0,55.9,1558.2,0
14.73,46.99,20.77,14.92,141,1692,11040,2.85,46.4,20.33,7.34,0,94.1,1829.6,0
52.23,49.19,20.42,11.61,214,3638,25147,28.07,59.21,35.27,31.75,0,74.5,2653.5,0
24.07,28.88,13.27,35.66,323,5814,30857,8.79,50.96,21.69,46.41,0,94.8,1846.8,0
16.31,65.24,9.57,19.66,205,2665,14669,4.77,52.23,23.52,18.76,0,88.5,1756.6,0
39.37,74.82,53.95,24.11,213,2130,15961,9.41,62.29,26.95,62.65,0,31.9,2185.4,0
73.14,52.97,15.54,11.27,139,1529,17130,17.41,73.42,35.01,0.83,0,85.1,1847.7,1
19.8,86.39,27.52,18.31,272,2448,15779,9.37,56.49,24.12,36.47,0,73.3,1671.8,0
42.43,95.89,10.56,11.65,297,2970,21836,5.08,61.22,24.6,159.55,0,39.0,1645.2,0
45.31,68.28,12.14,19.36,296,5032,29425,22.12,64.07,32.87,40.98,0,83.8,2433.7,0
16.14,44.94,16.31,9.55,319,3828,21451,7.8,47.36,21.23,78.4,0,47.1,1723.5,0
8.4,42.13,19.56,24.57,348,6264,30613,9.82,44.23,15.87,84.94,0,23.3,1284.2,1
17.32,66.61,8.92,16.89,90,1620,11064,4.59,50.19,18.74,16.73,0,28.6,1078.0,0
34.88,70.8,6.61,9.25,129,2580,16336,18.47,58.66,23.46,47.64,0,44.0,1728.7,1
26.93,45.15,4.11,20.6,226,5198,27244,13.82,46.64,20.38,35.83,0,47.0,1422.1,1
21.91,37.61,8.27,10.08,218,4578,24637,10.92,47.88,19.67,447.33,0,70.7,1414.5,1
13.84,29.34,3.56,5.81,132,1452,9774,9.07,46.52,18.67,9.48,0,67.0,966.6,0
14.65,39.35,8.09,10.3,347,5899,31293,3.39,51.37,18.82,32.59,0,90.8,1660.7,0
34.11,48.73,31.15,10.35,225,3825,23725,6.54,59.17,24.13,72.13,0,52.4,1986.1,0
22.66,71.36,56.63,6.08,229,2061,14999,8.78,53.64,22.46,64.07,0,66.3,1462.3,0
24.81,46.41,12.91,16.43,112,2464,14766,11.14,54.49,22.77,233.17,0,81.0,1761.4,0
1.13,10.0,2.37,15.69,222,1998,11233,6.22,39.41,15.07,4.53,0,92.1,1258.4,0
17.96,45.17,8.37,12.07,166,2158,13754,6.93,47.02,17.82,15.09,0,42.4,1318.7,1
51.85,50.0,13.82,19.9,151,2416,18796,13.8,62.15,31.6,107.72,0,96.6,2099.9,1
49.39,49.67,6.95,9.79,174,3480,22282,12.71,58.99,30.61,93.46,0,78.5,2032.5,1
46.79,16.25,3.44,4.99,277,3878,25175,10.41,57.7,21.94,106.62,0,66.9,1414.9,0
44.45,49.88,3.86,8.25,261,3915,25512,10.72,62.1,28.39,73.11,0,60.0,2125.3,0
27.93,74.8,9.63,7.4,210,4620,23580,18.61,56.09,26.58,147.64,0,84.7,1816.2,0
45.97,48.01,3.66,9.78,139,1529,14024,10.23,59.45,25.41,114.98,0,52.2,1512.8,1
16.76,44.88,4.31,12.95,272,5440,27481,6.19,44.71,14.94,28.91,0,24.1,800.0,1
49.03,43.42,30.96,41.02,234,5382,30535,10.85,63.24,31.5,276.78,0,44.5,2488.4,0
19.05,57.3,22.65,4.84,268,2412,15569,11.98,52.16,21.41,305.94,0,44.0,1575.1,1
42.83,32.15,0.85,20.76,79,1106,9921,15.59,57.48,25.05,43.72,0,47.8,1984.7,1
38.42,38.0,5.79,6.67,277,2216,17486,6.53,57.97,21.36,41.35,0,34.5,2243.6,0
24.7,71.83,11.39,16.04,332,2656,18965,9.85,55.81,19.19,2.17,0,20.5,1948.7,0
2.76,65.07,0.94,8.31,84,1008,5199,1.78,50.34,16.54,204.71,0,63.5,1273.3,0
57.03,46.86,17.24,14.0,151,3473,23064,20.15,66.62,38.2,0.28,0,83.7,2695.8,0
36.29,62.29,7.28,32.43,184,1840,13870,10.68,53.93,24.86,108.62,0,57.4,1971.3,0
27.2,41.21,7.59,5.0,137,3014,16408,15.6,52.98,18.6,17.78,0,30.4,1609.0,1
32.06,41.02,4.62,14.68,81,1053,7675,5.27,61.96,18.74,330.9,0,20.4,1054.7,1
6.85,40.71,6.1,15.06,265,2915,16575,7.28,45.66,16.4,22.88,0,24.3,1276.4,0
14.52,31.45,29.67,22.51,330,4620,25636,5.05,46.68,19.09,30.44,0,91.5,1180.3,0
48.91,53.58,23.31,12.72,122,2806,19136,7.23,64.19,32.74,26.42,0,77.2,2421.0,0
57.08,84.85,41.18,96.19,295,2360,20046,25.35,71.67,32.18,25.23,0,32.7,1991.9,1
12.21,25.04,18.01,24.79,234,3042,17925,11.68,42.2,16.24,54.82,0,44.0,1238.0,1
31.99,80.29,12.94,17.79,152,1368,11952,8.85,57.56,25.66,130.56,0,70.4,1687.2,0
28.65,14.27,4.5,15.2,145,3190,18908,6.44,51.69,18.6,30.05,0,37.9,1780.1,0
42.54,62.49,16.49,17.38,75,750,9739,10.64,66.99,25.67,0.44,0,33.3,1764.7,1
21.11,27.14,35.49,13.23,130,2860,16260,10.92,50.35,19.88,48.47,0,53.9,1677.0,0
41.16,62.67,1.08,13.28,252,5544,30748,9.56,60.08,31.19,86.24,0,99.0,2476.7,0
44.92,42.81,8.78,4.9,66,1254,10983,5.78,58.74,29.27,93.99,0,46.8,2376.3,0
26.79,65.77,2.43,17.31,293,6739,34813,17.07,52.65,20.66,6.14,0,51.2,1495.5,1
41.77,42.93,24.96,17.2,323,5491,31519,5.15,57.58,27.04,75.33,0,28.1,2342.8,0
15.01,62.4,14.28,15.07,316,3792,21817,9.49,51.79,17.94,31.41,0,58.9,1463.6,0
47.18,51.75,31.76,15.3,219,2847,20349,4.98,59.01,31.03,8.42,0,80.7,2347.5,0
8.88,73.12,0.98,19.23,148,1184,7754,1.18,48.74,17.71,57.26,0,56.9,1263.9,0
46.79,52.09,35.42,16.07,183,2196,17255,7.53,64.19,30.32,4.39,0,95.1,2218.6,0
46.89,58.1,1.04,12.84,275,2750,20953,22.4,65.2,28.22,346.52,0,77.2,2077.8,1
34.84,55.83,5.09,14.86,256,4096,24304,11.41,55.9,23.01,50.6,0,58.5,1742.6,1
26.41,68.1,2.55,25.5,106,1590,9959,12.32,51.2,21.18,23.47,0,50.6,1875.6,1
18.39,68.96,2.36,29.38,187,3179,17674,3.3,46.99,21.59,25.3,0,75.0,1442.2,0
41.07,55.54,2.83,6.75,294,2940,20820,15.07,57.18,23.12,219.84,0,24.4,1974.6,0
5.96,28.95,9.82,9.63,293,3223,17391,15.3,41.98,17.55,126.46,0,95.8,1372.9,0
18.16,40.31,23.01,21.57,164,3444,19339,2.19,48.36,20.81,25.14,0,68.5,1414.4,0
37.46,66.71,34.28,17.04,259,4403,25593,11.62,59.8,25.83,50.97,0,76.7,2027.3,0
19.14,31.71,12.55,8.31,310,6820,34870,9.73,46.72,20.52,44.32,0,95.5,1526.2,0
21.21,43.89,2.58,12.65,189,2079,13701,10.74,49.44,19.98,136.1,0,81.2,1356.4,0
29.4,45.78,1.24,19.54,155,2480,15696,6.98,52.18,18.61,32.59,0,22.0,1611.0,0
27.75,51.43,10.22,38.52,274,3014,19783,12.34,54.69,21.88,41.01,0,53.8,1761.9,0
8.59,49.29,21.75,50.02,91,1911,10927,10.72,44.02,17.34,2.57,0,30.3,1333.3,0
23.37,55.48,14.52,4.1,126,2016,12762,6.86,49.16,20.4,6.47,0,46.5,1572.1,1
33.19,38.88,13.11,20.3,151,1661,12638,8.37,57.93,24.04,49.83,0,94.7,1595.2,1
43.1,41.87,0.74,8.37,188,3760,23327,6.95,60.7,22.84,139.31,0,45.6,1629.9,0
54.05,81.56,7.95,24.34,195,2535,20073,15.07,70.05,36.85,29.94,0,32.2,2602.5,0
36.25,75.95,11.99,5.35,332,3984,25524,10.62,56.77,25.02,0.39,0,96.4,2033.1,0
3.05,62.61,13.68,8.08,235,4230,21249,4.53,45.18,16.21,128.23,0,37.9,1197.4,0
68.1,64.14,0.1,10.97,203,4669,30424,11.17,69.05,48.43,85.28,0,64.8,2919.4,0
37.59,58.83,3.34,18.21,284,5964,33176,12.97,52.89,26.56,336.12,0,34.7,2462.1,0
21.2,53.94,44.87,9.75,207,2691,16396,4.71,50.74,21.42,49.98,0,79.8,1689.2,0
23.84,41.68,10.66,7.87,220,3300,20051,4.57,51.74,19.19,58.48,0,47.5,1845.5,0
34.56,76.46,18.24,4.37,148,2812,17469,6.07,60.71,25.28,11.75,0,65.5,1970.5,0
13.65,82.74,5.53,8.18,233,3728,20728,16.05,53.1,19.28,11.44,0,69.5,800.0,1
12.16,46.41,13.21,18.28,307,2763,17923,4.57,46.55,22.5,5.32,0,38.5,1792.9,0
26.01,71.16,6.61,29.75,308,2464,18038,22.18,50.8,24.15,0.82,0,61.5,1576.5,0
68.53,48.12,5.29,6.52,223,5129,32613,17.56,63.56,49.42,111.98,0,78.3,3131.2,0
40.37,42.71,7.95,6.89,259,5180,29953,4.49,54.73,27.84,71.47,0,69.4,2179.9,0
12.59,47.97,9.24,7.83,153,3519,17925,12.37,51.19,16.47,23.32,0,52.4,1643.7,0
1.37,48.85,6.03,11.35,267,5607,26893,6.85,42.51,16.26,34.75,0,30.6,803.2,1
11.7,63.46,4.48,13.68,99,891,7267,9.54,49.53,17.1,7.03,0,95.9,844.4,0
33.28,47.74,14.67,10.13,309,3399,21728,8.09,56.5,24.29,128.4,0,91.7,1455.2,1
20.76,67.24,7.19,4.72,266,5586,29472,13.03,45.5,19.78,33.91,0,77.2,1137.4,0
45.95,43.45,3.38,3.6,86,1118,10083,17.64,61.24,28.86,15.39,0,81.1,2155.3,1
14.15,53.52,21.31,9.06,301,6923,33630,6.92,49.09,21.13,21.75,0,90.5,1535.6,0
25.41,37.42,19.3,16.76,133,2660,15761,4.78,53.62,22.6,75.42,0,73.1,1744.4,0
50.68,34.85,32.68,12.23,90,2070,15681,17.27,63.56,34.72,69.49,0,74.1,2581.2,0
13.77,59.91,12.15,33.46,161,3059,16818,3.57,47.0,18.45,39.78,0,36.4,1546.4,0
17.97,56.03,4.92,4.9,334,4008,22433,10.87,47.47,20.84,189.01,0,75.3,1630.5,1
24.64,47.5,29.89,12.95,314,7222,36848,2.67,50.23,21.45,4.7,0,86.6,1913.6,0
31.66,40.5,4.93,28.13,98,1078,9164,4.45,54.06,23.88,109.52,0,94.4,1996.6,0
26.35,36.99,15.99,10.18,200,3000,18623,7.52,50.46,21.9,23.2,0,68.8,1943.7,0
6.23,59.78,3.17,5.66,284,5680,27163,7.33,47.1,20.12,172.74,0,82.0,800.0,0
13.43,44.06,14.88,2.4,333,7659,37431,15.15,47.45,19.14,33.68,0,49.6,1464.1,0
21.98,78.93,27.57,10.06,131,1310,10541,4.29,51.93,23.43,14.01,0,77.7,1608.8,1
20.66,57.14,11.65,8.96,327,2616,17503,12.11,52.08,21.44,260.08,0,83.7,1931.0,0
48.81,62.42,9.55,8.25,270,4320,27180,5.93,65.01,29.39,34.49,0,47.5,2156.3,1
57.59,75.66,75.48,14.58,119,1666,15301,7.67,71.51,37.76,39.05,0,28.3,2635.2,0
50.99,42.11,0.34,36.21,262,4978,29783,7.03,61.77,26.23,35.48,0,43.4,1942.0,1
12.31,61.27,6.05,5.34,148,3404,17269,12.45,47.15,17.54,68.54,0,83.3,1545.7,0
53.41,62.07,37.63,6.85,188,2068,16718,7.84,66.25,35.01,256.64,0,93.7,2422.1,0
30.0,46.78,15.44,11.15,286,4862,27587,3.97,50.06,20.83,9.61,0,43.5,2046.2,0
20.3,31.52,11.72,18.77,164,2788,15918,7.61,52.61,19.39,78.81,0,95.2,1647.0,0
26.1,22.19,15.23,9.67,150,1200,10113,9.85,50.24,20.56,1.11,0,59.2,2162.9,0
34.91,40.94,5.83,17.29,208,4784,26897,9.61,51.41,28.22,107.09,0,99.4,2245.7,0
54.48,71.29,1.11,5.14,265,4240,27159,7.25,69.0,37.36,25.58,0,67.6,2507.9,0
41.05,42.81,4.83,12.54,122,1220,11665,8.28,58.51,25.5,227.18,0,32.6,1937.3,1
2.66,68.96,6.15,12.08,164,1804,8743,5.61,47.58,18.71,38.2,0,79.7,1317.3,0
58.46,43.12,9.81,31.22,122,1342,15235,7.72,67.38,33.21,57.86,0,47.0,2440.7,0
4.82,55.23,7.51,24.06,88,704,5366,8.55,45.34,18.57,80.71,0,67.2,1535.4,0
36.2,62.5,11.04,13.05,332,3652,23760,16.47,58.23,28.12,15.3,0,41.0,2098.8,0
44.45,70.02,3.27,6.89,245,4165,26624,8.22,63.23,25.03,53.53,0,77.7,1548.0,0
41.59,47.65,3.05,3.0,172,3268,20851,5.65,57.9,25.18,28.84,0,26.9,1978.3,1
8.84,44.95,6.5,7.16,295,2655,15014,10.74,44.87,17.12,60.85,0,64.8,1082.5,0
47.16,24.87,9.63,45.23,121,2783,18198,10.74,59.99,27.23,8.03,0,28.2,2422.0,0
33.68,48.12,6.27,4.11,132,2640,16851,10.84,57.63,20.3,37.47,0,93.0,1284.1,0
19.46,98.0,12.89,7.04,288,3168,19068,8.88,57.44,18.24,11.22,0,32.5,1389.9,1
15.09,51.3,5.57,13.15,320,6400,31960,12.87,48.84,17.79,36.3,0,49.3,1586.0,0
34.05,33.25,2.93,26.04,283,3962,24385,19.2,52.36,21.84,433.53,0,40.0,1863.2,0
35.87,52.3,29.8,5.66,167,2505,17303,12.04,56.25,28.72,24.36,0,77.6,2275.1,0
8.51,65.68,3.36,16.09,288,4032,21083,13.08,45.31,17.01,18.08,0,25.2,1139.4,0
37.0,45.59,51.01,7.6,80,640,9173,16.02,55.42,24.73,120.13,0,35.6,2223.3,0
44.8,38.26,65.62,5.86,98,1078,11082,7.82,61.26,31.19,34.84,0,71.8,2323.0,0
7.67,92.69,17.9,8.52,179,2506,13611,2.1,47.18,19.54,92.28,0,38.3,1398.5,0
41.68,60.58,10.46,11.86,281,3653,23777,11.17,58.95,25.38,170.31,0,76.4,1523.5,1
46.42,77.97,23.8,5.69,288,3744,24231,15.02,64.99,26.5,121.86,0,33.3,1994.4,1
19.9,49.0,30.98,23.79,252,4536,23951,18.46,46.47,19.64,92.78,0,72.5,1508.0,0
63.99,81.6,18.55,29.07,203,4263,27041,9.79,74.96,44.91,144.45,0,57.5,2859.7,0
15.48,68.61,1.61,7.96,215,2795,15584,5.33,45.76,17.13,163.21,0,21.9,1367.3,1
20.59,62.67,0.1,19.43,153,3519,18329,7.08,53.61,20.8,7.66,0,68.9,1036.0,1
15.57,36.57,3.2,4.87,308,4004,22304,4.03,45.57,17.24,37.64,0,61.6,1454.6,1
58.89,43.96,3.13,10.91,270,3510,24712,12.37,69.27,35.26,282.96,0,45.3,2519.1,0
23.38,61.75,3.02,20.14,146,2628,15248,7.24,53.43,23.36,52.22,0,84.1,1653.8,0
21.33,49.79,10.69,18.73,221,2873,17414,3.98,48.74,18.67,29.94,0,54.7,1310.8,0
12.86,60.59,11.01,13.3,160,3200,16358,5.87,50.48,18.2,69.49,0,63.3,964.0,1
53.64,47.85,19.26,25.02,311,6842,38445,8.93,62.42,35.57,103.03,0,96.3,2431.2,0
15.72,61.32,3.37,7.83,294,4410,24744,7.56,52.73,20.37,57.62,0,74.2,1454.2,0
17.27,45.17,1.46,12.84,203,3654,19454,16.3,48.69,18.61,29.87,0,23.8,1720.0,0
3.89,61.75,16.45,12.57,155,1395,8222,0.5,41.02,18.89,70.21,0,86.6,1185.7,0
16.27,39.87,9.92,15.68,267,2136,14684,5.25,46.47,17.81,21.21,0,33.8,1753.6,0
8.36,49.86,16.46,17.52,94,1974,10783,7.67,43.59,15.76,32.72,0,73.6,1332.7,0
25.46,51.77,7.19,5.6,254,3302,19838,13.06,51.59,20.6,85.82,0,88.9,1715.8,0
40.16,41.47,20.84,18.35,207,2898,19114,5.7,54.28,32.86,199.99,0,91.3,2266.8,0
18.87,45.37,17.21,5.91,136,2312,13897,5.71,46.83,19.83,67.4,0,32.6,1832.2,0
20.77,59.2,15.76,21.16,193,3088,18115,6.4,47.42,23.19,60.02,0,58.0,1896.3,0
10.81,65.62,0.42,34.84,137,3151,15620,15.29,44.63,18.54,76.2,0,55.0,1528.5,0
59.03,58.76,29.29,9.02,109,1090,13213,7.42,66.08,37.24,95.76,0,58.0,2335.3,1
52.6,62.6,7.09,6.93,146,1168,13782,9.68,69.98,34.73,75.41,0,29.7,2555.4,0
41.09,56.29,2.19,33.04,123,1599,13971,12.1,59.3,27.83,46.76,0,75.1,2166.1,0
39.22,44.58,21.13,11.7,96,1632,13260,14.26,60.12,23.29,55.2,0,67.9,1816.3,1
11.13,29.1,10.0,5.44,149,3427,17477,7.84,39.79,15.51,53.28,0,83.2,1116.7,0
34.74,47.06,0.49,7.02,304,6080,32857,12.27,58.72,24.69,62.79,0,94.5,1822.9,0
32.96,53.18,22.84,7.25,232,2784,18439,4.29,56.69,23.1,148.16,0,47.5,1921.3,0
35.99,45.58,8.56,25.1,346,3806,24668,13.64,56.03,26.05,49.37,0,76.0,2131.9,0
3.39,78.29,21.09,6.64,131,2751,13415,1.52,45.47,16.95,45.15,0,63.6,800.0,0
16.28,59.15,21.13,2.99,281,4777,25667,6.41,51.76,23.43,265.65,0,95.5,1278.2,0
10.63,53.63,1.58,11.82,246,4182,21559,14.07,43.53,19.49,17.12,0,83.1,1192.5,1
15.51,63.21,14.25,14.54,331,4634,25224,7.77,53.09,16.7,175.53,0,37.4,948.3,1
19.28,85.34,6.7,17.17,240,2880,17821,12.78,55.51,21.32,8.11,0,44.2,1577.6,0
28.01,50.78,11.86,2.39,218,5014,26057,4.89,51.77,20.91,17.43,0,60.2,1698.4,1
35.15,40.54,1.39,10.91,222,3996,23749,11.68,55.1,24.14,26.69,0,38.5,2032.6,0
52.24,59.83,13.31,9.41,308,6160,35557,15.85,64.78,32.59,1.74,0,51.7,2552.4,0
13.64,37.76,22.55,15.67,298,5662,28710,13.1,48.29,17.27,0.55,0,60.1,1157.1,1
40.46,40.7,64.93,3.7,121,1331,11568,12.98,59.15,30.28,42.27,0,95.1,2252.9,0
27.16,76.36,5.79,13.33,226,3842,21828,3.49,52.98,22.4,16.67,0,25.8,1918.4,0
4.74,74.44,2.53,13.58,276,4692,23713,9.66,45.77,18.09,68.9,0,85.2,897.1,1
29.54,64.75,6.83,24.08,306,5814,31393,4.33,56.22,20.65,31.95,0,57.6,1593.0,1
50.12,60.85,0.29,15.06,216,3672,24383,14.03,61.33,34.59,24.91,0,90.6,2481.3,0
48.59,36.68,7.88,18.49,315,6615,37414,8.36,67.23,29.05,13.37,0,23.8,2282.8,0
21.97,42.87,36.9,5.8,152,2432,14054,8.75,51.47,20.37,37.27,0,65.1,1415.0,1
25.38,74.85,3.24,11.42,67,1005,6971,14.66,55.11,19.82,212.26,0,72.0,987.2,1
39.86,47.4,9.74,26.6,257,2827,20017,11.88,60.38,26.01,61.53,0,93.9,1752.8,1
36.43,43.0,12.75,9.03,202,2222,16122,14.35,57.85,22.82,28.6,0,64.0,1552.2,0
30.43,52.15,2.98,19.38,275,4675,26363,3.65,56.0,23.92,35.24,0,86.7,2080.4,0
18.83,63.66,6.01,6.81,196,3136,17735,5.83,52.36,22.37,212.86,0,98.1,1880.2,0
45.21,51.89,36.35,10.59,79,1817,13480,9.65,63.62,23.95,5.09,0,45.4,1599.6,0
18.09,52.33,5.26,4.6,175,3850,20294,6.77,47.54,21.76,43.02,0,99.4,1526.0,0
44.4,22.33,15.13,11.53,72,1512,12599,14.16,58.94,25.7,260.66,0,34.1,2271.0,0
11.15,53.94,2.21,7.33,278,5282,26373,12.48,46.38,19.7,28.05,0,74.8,1292.8,0
37.56,69.96,16.62,24.13,77,1155,10421,10.38,56.25,25.83,13.01,0,72.1,1749.7,1
10.67,53.97,4.91,41.13,67,938,5475,10.38,47.29,18.26,141.21,0,30.4,1214.0,0
42.8,86.05,3.95,4.31,300,2400,19078,4.83,62.98,30.18,29.98,0,27.2,2532.6,0
52.77,44.17,1.99,5.78,323,3553,25218,8.28,65.09,34.73,84.95,0,68.2,2514.1,0
27.35,47.66,0.72,21.13,119,952,9570,8.36,54.23,22.67,11.33,0,53.4,2070.7,0
36.83,44.94,51.56,7.67,174,2088,15507,7.33,60.01,21.81,1.42,0,26.7,1603.7,0
50.21,44.52,8.01,11.54,211,2321,19022,24.01,64.76,23.81,215.23,0,80.2,1241.1,1
47.33,63.05,22.55,30.06,103,1442,13005,7.33,63.07,31.01,12.69,0,28.6,2439.4,0
15.55,50.88,37.9,30.57,163,2445,13778,4.51,50.76,20.98,108.49,0,85.0,1191.5,1
22.33,84.17,3.42,5.55,271,2168,15345,22.06,50.11,20.62,106.65,0,28.1,1832.9,0
56.26,58.71,30.59,38.71,286,3432,24320,14.15,65.57,36.06,13.67,0,77.1,2315.9,0
26.09,41.92,18.47,18.16,195,4290,23123,14.73,50.53,21.06,72.98,0,89.6,1034.5,0
36.54,40.11,12.94,22.21,298,5066,29779,17.13,55.39,27.28,75.69,0,88.3,2209.3,0
20.01,80.0,24.84,8.13,137,1918,12450,5.44,52.47,23.01,7.24,0,80.0,1906.7,0
27.91,58.31,1.76,7.65,348,3480,22805,11.04,59.52,20.53,12.58,0,35.1,1705.8,0
58.45,74.58,4.59,4.27,314,5024,32217,8.73,67.16,41.63,33.12,0,57.9,2822.0,0
21.87,56.04,2.11,5.76,114,2508,14320,14.5,52.74,19.64,6.96,0,48.3,1886.5,0
27.37,55.24,33.95,18.33,201,4020,22368,8.26,51.88,17.85,127.61,0,56.6,1476.1,1
23.56,75.1,1.56,16.02,279,4185,23697,9.26,55.41,24.55,88.97,0,79.7,1744.5,0
44.87,60.59,58.64,19.5,84,1764,14087,14.0,61.81,31.28,1.66,0,88.6,2234.4,0
34.16,60.43,1.75,14.0,187,3553,21016,7.43,59.17,23.3,80.44,0,72.6,1787.1,1
18.85,48.92,16.26,11.98,338,4056,23040,7.96,52.16,15.59,65.5,0,21.1,800.0,1
6.97,68.07,16.2,7.97,230,2300,13222,13.64,49.26,16.58,94.97,0,30.1,952.7,1
28.7,53.89,40.16,10.25,243,2430,17988,10.98,53.08,22.25,176.52,0,47.3,2154.6,0
42.32,46.67,5.85,20.83,204,4692,27394,9.88,57.12,28.46,38.96,0,92.7,1817.5,1
25.44,87.29,6.05,19.83,218,2180,14760,6.69,55.1,26.1,60.62,0,68.4,1948.5,0
36.67,50.51,28.09,14.14,111,999,9108,15.7,56.26,25.72,29.14,0,84.2,2024.3,0
27.1,43.14,57.65,6.93,343,7889,40211,4.2,54.14,22.29,160.4,0,56.8,1970.1,0
40.15,72.06,0.46,9.1,194,4074,24387,5.5,61.26,24.6,182.0,0,94.6,1480.5,0
46.34,65.18,15.13,5.41,77,616,9845,13.26,63.01,23.7,67.85,0,42.2,1470.4,0
5.33,45.06,4.19,9.81,267,5874,28177,11.74,48.99,17.97,170.82,0,89.0,1127.9,1
22.17,53.82,19.53,4.46,193,4053,21639,7.63,53.16,18.65,13.15,0,33.8,1747.2,0
22.66,65.03,22.22,9.93,184,3496,19920,3.84,52.22,23.49,32.77,0,78.0,1809.6,0
25.84,58.17,21.57,8.15,61,488,6346,11.89,49.35,23.73,87.15,0,74.7,1932.4,0
13.91,66.79,8.58,12.07,212,3392,18845,10.7,48.01,17.51,93.72,0,29.0,1383.6,1
32.97,54.9,2.58,7.62,291,4074,23998,11.43,57.13,23.31,57.88,0,87.3,1352.4,0
17.0,67.27,13.18,18.88,216,3024,18019,11.35,49.77,18.67,37.32,0,86.2,1455.5,0
28.48,50.37,23.34,4.54,68,1156,9175,8.93,57.02,25.8,66.97,0,89.4,2007.7,0
24.98,45.31,36.49,4.68,201,4422,23653,7.46,49.83,19.53,17.25,0,40.8,1541.0,1
11.6,70.8,9.04,10.35,330,6270,31180,3.53,46.77,14.97,90.86,0,31.5,1122.7,1
20.73,59.37,4.23,14.27,233,4893,26186,13.19,52.93,18.07,145.0,0,56.8,1324.3,1
39.99,65.3,1.9,9.51,251,2259,16948,16.25,59.34,24.72,16.52,0,88.7,2021.5,1
17.94,73.36,23.96,10.01,68,748,5256,7.93,50.21,19.58,6.49,0,83.9,938.6,0
34.28,46.41,11.5,12.89,199,2985,18337,4.21,53.66,20.93,44.0,0,75.2,1390.9,1
27.82,62.99,16.82,16.41,273,5733,30926,9.16,59.24,22.32,28.63,0,98.8,1361.0,0
5.24,89.8,2.6,9.43,227,4540,21978,11.34,47.61,20.01,36.91,0,71.9,800.0,1
6.22,52.6,0.1,13.65,220,2860,14241,8.59,47.09,17.93,125.93,0,92.0,1672.0,0
11.39,36.9,51.44,21.98,271,5691,27990,1.79,48.26,17.21,257.98,0,56.5,1530.6,0
10.23,67.33,24.98,5.36,158,1738,11123,8.24,50.09,21.36,5.72,0,83.4,1648.4,0
73.52,30.03,7.66,26.02,189,3213,23910,13.05,75.47,54.09,0.86,0,74.8,3149.8,0
38.48,38.54,9.16,24.86,131,2620,17153,11.33,57.31,22.96,69.03,0,23.8,2332.0,0
23.15,55.09,39.69,7.38,342,6498,33446,8.14,52.34,19.89,84.22,0,49.8,1541.4,0
23.79,54.57,3.49,16.65,136,1360,11311,5.33,50.15,20.29,25.55,0,85.8,1313.8,1
20.4,57.82,24.36,4.85,241,2169,14445,16.7,53.99,21.1,66.91,0,50.2,1643.4,0
41.92,88.1,0.27,14.6,88,1760,12694,9.36,61.09,26.5,5.69,0,43.4,1847.0,1
18.8,56.27,31.28,27.63,323,5814,30426,7.76,52.67,20.26,98.21,0,22.1,1763.0,0
24.43,46.34,13.35,6.5,275,5500,28855,11.41,49.95,19.01,116.4,0,32.4,1633.5,0
39.71,45.38,9.74,7.73,125,2625,16758,7.39,55.67,23.44,12.45,0,32.6,1788.2,1
22.08,48.16,18.39,15.13,161,1771,12465,5.53,55.26,21.49,48.17,0,94.4,1629.7,0
7.71,36.79,1.05,9.89,259,2849,16178,9.45,43.59,17.45,14.41,0,30.6,1369.4,0
55.12,63.4,3.26,13.66,135,2700,19119,6.63,66.33,22.73,47.94,0,59.2,1173.0,1
30.46,59.53,7.84,52.8,237,4740,25796,4.3,53.13,23.75,66.28,0,82.1,1539.8,0
38.81,62.0,14.43,9.5,258,4902,27652,11.49,61.93,23.0,14.78,0,59.4,1844.8,1
38.28,67.01,2.34,4.76,197,4334,24857,10.34,61.12,21.33,50.87,0,53.0,1254.6,0
42.72,64.29,7.16,8.2,341,7843,41497,12.5,58.68,31.22,68.32,0,92.4,2427.1,0
12.43,34.28,4.53,13.61,175,3850,19269,10.05,43.85,20.5,44.71,0,91.8,1344.5,0
9.33,50.78,15.56,5.65,199,1592,10359,7.77,46.62,22.49,64.6,0,87.5,1630.2,0
55.49,51.4,37.75,8.08,328,4920,30708,8.84,60.69,36.0,82.39,0,59.1,2645.2,0
32.21,75.66,2.72,24.78,141,2115,14542,10.05,60.46,25.78,28.2,0,65.5,1979.3,0
0.65,76.98,3.15,32.43,256,3328,16771,6.84,43.82,18.17,75.08,0,34.5,1291.3,0
32.39,48.61,13.76,9.62,90,1080,10850,8.98,59.28,25.37,235.81,0,88.5,2020.5,0
10.71,40.13,9.07,9.77,332,2656,16785,4.67,46.38,16.6,25.59,0,34.7,1088.3,0
17.38,57.38,18.99,5.83,81,1215,8020,8.79,50.64,16.53,17.73,0,34.1,1636.0,0
28.34,50.22,5.09,14.19,256,3584,21939,10.44,54.2,26.91,22.68,0,97.5,2029.7,0
18.38,53.75,11.81,51.11,331,6289,32585,10.35,50.42,22.25,59.43,0,48.3,1668.6,0
55.24,73.23,7.34,9.77,220,3960,24960,21.18,65.1,38.72,53.53,0,96.8,2692.2,0
8.49,59.03,4.95,9.97,262,6026,29447,8.08,52.0,18.88,49.82,0,95.0,949.6,0
37.31,47.8,19.6,16.41,174,1740,13595,5.52,59.97,24.05,28.64,0,92.3,1576.7,0
27.02,45.12,23.84,9.29,83,1162,8899,14.09,58.17,22.48,1.43,0,92.8,1699.2,1
10.73,33.46,5.98,9.39,103,1442,8264,13.12,42.31,16.07,43.44,0,68.2,1379.8,1
44.61,63.44,14.63,27.91,301,2709,20607,11.87,61.27,24.6,20.02,0,23.6,1882.4,1
31.26,59.23,2.95,5.61,127,2159,14844,6.22,57.19,26.16,71.08,0,89.8,1911.8,0
7.41,63.45,23.48,6.36,199,4577,21723,8.82,48.49,19.81,8.19,0,98.1,1230.0,0
37.52,54.75,4.95,17.93,242,4598,26234,11.27,52.38,23.37,120.75,0,83.7,1448.8,0
18.31,39.16,2.81,11.14,319,6380,32458,10.91,48.63,21.36,87.83,0,72.0,1582.9,0
53.73,55.84,42.19,6.39,318,3180,24154,10.11,67.84,32.45,48.16,0,36.4,2155.5,1
40.83,72.09,8.24,14.51,118,2714,17672,11.28,62.43,30.04,157.35,0,95.0,2010.9,0
30.15,55.87,15.47,9.97,173,2422,15869,6.97,56.22,21.5,22.32,0,24.8,1865.4,1
26.88,79.64,24.85,13.5,324,6480,33591,6.93,59.32,19.66,27.57,0,52.6,1123.0,0
54.34,58.78,17.38,10.28,233,5126,30568,6.54,67.61,37.52,22.09,0,49.1,2531.7,0
22.08,84.52,12.47,5.01,328,5248,29551,13.45,53.35,21.29,28.52,0,88.3,815.6,1
3.65,85.73,6.97,23.0,192,3648,17546,3.85,47.62,15.36,90.26,0,28.7,991.9,0
30.04,41.54,37.61,33.63,170,2210,15574,20.44,55.38,19.68,4.94,0,33.1,1383.7,0
35.7,45.3,2.15,7.01,112,1904,13697,13.52,60.09,22.02,43.91,0,41.7,2203.7,0
17.22,48.14,32.3,32.02,183,2013,13080,4.84,50.71,18.55,177.03,0,52.1,1672.8,0
20.8,29.38,18.56,11.43,120,2040,12322,10.44,49.08,19.39,1.49,0,65.9,1874.9,0
27.09,61.96,12.71,1.98,215,2365,15047,14.85,52.97,23.32,70.6,0,89.8,1501.2,1
4.19,61.55,5.89,15.72,338,6422,31643,6.82,44.45,18.69,7.84,0,54.4,1006.2,0
48.19,57.88,2.37,3.25,128,1920,14630,11.67,60.62,23.66,59.21,0,41.5,1264.3,1
26.96,36.65,8.78,9.09,220,3300,19817,9.06,51.25,19.24,84.02,0,25.8,1641.7,1
62.08,78.83,22.97,18.61,152,2584,19562,14.81,73.73,41.91,79.12,0,44.2,2768.3,0
46.88,26.79,20.52,16.2,339,5424,33021,14.51,60.13,30.88,3.38,0,54.7,2507.7,0
25.42,35.16,15.55,7.91,68,1292,8923,9.26,57.97,22.44,102.76,0,77.7,1543.1,1
13.88,68.29,73.39,17.75,250,4500,23520,8.76,49.97,20.35,93.98,0,48.0,1141.1,0
34.28,59.74,53.98,20.92,203,2233,15224,13.57,56.98,24.05,169.03,0,81.9,1844.5,1
45.82,45.79,7.66,8.49,82,984,9993,7.72,61.29,27.98,44.06,0,46.6,2032.2,0
10.64,55.82,3.21,9.93,246,3690,19282,9.98,47.81,15.01,93.81,0,20.3,1453.8,0
10.09,56.94,9.35,13.73,268,4020,21419,14.94,46.43,19.07,259.42,0,31.0,1479.1,0
49.7,72.66,27.92,6.08,150,1500,14608,6.62,62.85,25.44,96.12,0,37.1,1674.0,0
35.01,36.76,9.2,7.49,280,3360,21668,7.07,57.66,22.51,18.39,0,49.4,2007.9,0
30.72,59.38,6.14,22.19,326,5542,30038,7.25,54.16,20.68,25.78,0,24.0,1989.6,0
22.97,71.18,20.28,48.35,146,2482,14599,7.81,52.67,22.28,146.55,0,86.6,1358.1,1
46.29,40.03,15.75,17.54,255,2295,18649,13.98,59.5,28.59,42.99,0,38.7,2468.3,0
15.73,54.23,51.96,14.28,67,1541,9488,12.56,48.86,22.69,152.0,0,81.4,800.0,1
15.32,54.12,11.95,36.51,149,1937,12153,7.94,50.09,20.15,18.95,0,69.4,1037.7,0
12.62,30.8,51.38,6.99,303,3636,20540,7.25,47.9,20.73,33.65,0,89.8,1526.5,0
14.96,59.38,5.16,12.8,236,4012,21907,5.78,47.47,19.15,21.33,0,51.7,1293.5,1
22.58,60.28,30.02,20.03,67,1206,9151,6.8,53.94,19.75,70.84,0,73.5,1085.7,0
79.49,77.44,6.48,7.4,174,2610,22917,18.06,78.65,60.95,156.96,1,49.7,3200.9,0
31.52,54.68,24.89,4.56,93,2046,12413,7.29,54.53,23.97,55.39,0,80.9,1931.9,0
36.85,61.57,39.05,19.96,91,819,7868,17.38,56.72,26.56,102.59,0,53.0,1818.4,1
14.15,77.08,14.64,21.57,159,2226,12627,4.98,45.95,21.09,57.67,0,93.9,1246.8,0
36.19,45.37,19.56,20.21,141,2679,16515,6.53,60.26,26.43,57.54,0,95.6,1930.3,0
23.81,37.29,47.78,20.42,153,1836,13405,14.59,55.71,21.5,124.29,0,96.7,1544.2,0
20.42,56.83,7.05,12.85,252,3024,18418,17.17,52.64,22.42,7.12,0,76.4,1776.6,0
50.5,52.04,10.75,13.27,308,3696,25108,13.86,61.8,29.86,68.87,0,39.1,2223.7,1
41.99,53.64,34.28,13.98,112,1344,12366,5.02,58.8,28.42,52.47,0,86.5,2036.4,0
18.49,48.66,16.76,23.69,158,3634,18312,11.8,49.6,16.06,19.02,0,36.0,1394.4,1
34.46,42.4,31.02,14.41,126,1008,10630,5.05,56.38,22.79,26.04,0,79.6,1397.3,0
55.56,69.01,14.45,12.83,217,3255,23590,10.39,65.77,31.78,251.46,0,97.7,1830.6,0
62.07,54.69,20.19,14.89,118,1062,13195,9.54,70.4,36.05,120.41,0,51.0,2374.3,0
33.26,88.68,0.2,15.92,220,4180,23938,16.69,58.47,19.75,44.94,0,21.3,1364.5,1
46.56,39.4,6.23,6.45,75,1425,12123,19.35,59.04,23.94,89.03,0,85.7,1524.3,0
38.77,85.1,22.07,28.02,108,2268,15500,19.22,63.58,28.44,52.74,0,87.2,2188.9,0
28.38,59.39,7.76,8.19,318,4452,25752,5.69,53.84,21.11,11.4,0,37.3,1856.7,0
18.03,55.28,6.76,12.72,344,4128,23904,5.1,50.13,20.59,135.4,0,62.3,1125.0,1
36.07,38.49,45.41,6.94,329,3619,23854,16.14,58.96,21.89,34.5,0,53.0,1583.8,1
26.17,45.06,12.06,10.79,294,2646,17484,15.73,48.02,21.66,152.12,0,20.8,1750.2,1
37.09,73.88,3.21,16.81,296,5328,31041,9.45,59.84,25.6,7.37,0,79.8,1497.2,0
17.46,15.02,9.59,14.7,256,2816,17673,17.62,51.05,19.3,49.06,0,45.8,1738.0,0
36.56,28.07,10.97,8.83,88,1144,10214,7.02,53.61,27.01,140.25,0,95.6,2057.2,0
15.57,30.82,67.29,8.06,208,3328,17815,6.68,48.86,19.27,405.01,0,85.9,996.8,1
12.27,72.57,19.0,14.24,300,3600,20490,15.82,50.1,17.08,42.43,0,84.5,1132.3,1
54.12,65.21,10.99,23.3,343,3430,25967,20.84,67.05,31.92,150.77,0,80.0,2113.4,1
33.35,39.8,8.48,28.81,244,5124,27239,10.15,55.01,24.08,76.5,0,62.1,2027.7,0
11.61,47.93,37.06,40.8,244,5368,26161,6.13,47.24,20.3,4.27,0,35.9,1625.4,0
28.27,56.95,15.57,8.0,305,3050,20192,10.74,60.4,22.04,200.31,0,62.6,1683.5,0
32.02,70.3,6.6,7.67,165,3300,20265,10.85,58.08,20.26,63.38,0,30.1,1872.4,0
37.28,39.8,9.37,11.35,81,972,9593,7.58,55.02,25.61,168.92,0,96.5,1607.3,0
46.29,57.0,4.89,10.97,339,3729,25437,11.43,61.99,32.12,102.55,0,31.1,2507.4,0
30.69,49.84,48.44,5.16,333,7326,38136,16.57,57.63,23.12,320.66,0,22.2,2295.7,0
16.34,53.46,18.16,20.17,133,2660,15115,11.63,52.52,16.29,182.67,0,21.1,1111.8,0
11.29,41.55,7.47,7.65,316,4740,25129,11.36,45.82,19.4,119.38,0,85.7,1390.2,0
29.2,58.15,3.04,8.27,341,2728,19177,13.64,55.62,19.84,92.86,0,53.0,1671.3,1
39.11,43.26,2.92,15.78,92,1564,12749,17.49,55.96,18.75,98.86,0,33.5,941.5,1
21.2,56.43,9.74,5.95,184,1840,13104,11.93,48.8,21.29,38.41,0,81.7,1696.9,1
17.59,78.44,9.45,10.46,242,2904,18163,6.23,56.33,19.12,41.06,0,61.9,907.1,1
17.82,70.66,8.11,19.0,77,847,6813,14.85,49.07,20.38,92.48,0,66.3,1837.6,0
18.5,75.85,28.64,12.55,179,4117,21202,2.73,53.33,20.45,11.26,0,64.6,1600.4,0
28.72,59.75,58.08,19.07,256,5888,30564,5.62,53.4,25.85,28.46,0,91.7,1612.8,1
24.41,71.99,6.57,21.96,325,6500,33471,6.88,54.54,21.31,14.12,0,47.8,1751.1,0
10.04,27.97,5.24,11.58,223,1784,11085,12.11,47.59,22.1,11.21,0,95.9,904.6,0
50.71,29.58,22.05,1.63,202,2424,18926,12.21,60.07,31.21,160.01,0,30.7,2478.6,0
45.75,39.92,8.96,25.47,190,1520,15550,19.35,61.6,28.82,28.46,0,67.5,2364.8,0
20.27,40.96,3.68,11.84,149,2980,17824,6.58,53.64,19.9,24.55,0,77.7,1731.1,0
27.09,70.72,2.99,19.58,179,2685,16036,15.66,54.07,19.82,30.01,0,71.1,1458.4,1
12.36,32.37,4.94,27.67,160,3520,18184,12.81,48.68,19.23,68.87,0,94.4,1348.1,1
21.26,34.65,0.1,4.07,221,3757,20847,3.95,53.16,16.63,1.59,0,36.9,1202.9,1
1.78,53.17,42.56,12.15,324,6156,29550,3.35,45.13,18.49,103.15,0,80.3,831.1,1
21.27,57.05,8.44,30.76,167,2171,13882,9.02,58.9,18.18,14.22,0,56.1,1547.8,1
36.18,68.13,1.3,10.76,329,4606,28561,22.86,57.74,25.75,118.64,0,42.2,1834.6,0
22.92,50.99,2.7,21.88,161,2576,15843,8.82,51.71,19.15,96.96,0,24.0,1633.2,0
23.83,52.26,5.86,6.32,302,6040,31944,6.26,48.27,17.37,133.01,0,32.3,1075.2,0
43.91,68.31,12.03,16.24,92,1656,12644,5.51,61.45,27.36,439.2,0,40.6,1948.5,0
32.41,41.5,18.25,5.75,140,2100,14612,4.9,54.88,24.39,31.78,0,69.5,2015.3,0
15.64,56.84,5.52,20.92,144,1152,8624,10.75,50.29,20.88,40.51,0,96.6,1854.2,0
39.22,63.55,47.41,9.29,322,2898,21779,7.74,58.99,28.24,197.23,0,43.4,2440.3,0
23.27,49.44,21.43,28.72,222,1998,13560,6.97,51.29,19.24,28.96,0,26.9,1449.5,1
60.21,67.91,26.21,29.36,258,2580,20730,12.52,70.17,41.84,19.29,0,48.7,2834.4,0
25.48,42.15,5.87,8.48,67,1340,9772,6.13,55.75,22.44,16.77,0,99.7,1612.6,0
11.76,78.44,7.19,33.37,101,1212,8268,2.45,49.45,19.36,152.36,0,82.6,1439.5,0
17.59,50.28,11.58,8.57,179,3580,19327,6.32,45.38,16.54,290.3,0,32.7,1619.0,0
22.85,48.41,9.01,18.31,192,3840,21921,16.28,49.83,20.75,81.68,0,34.7,1871.8,0
47.72,33.09,4.51,11.95,64,832,9602,11.45,63.08,26.41,26.45,0,67.6,2169.1,1
20.13,38.2,88.56,9.46,275,5775,29483,9.98,47.84,20.89,48.78,0,35.5,1739.4,0
10.51,42.83,28.29,19.71,305,6100,29315,6.59,49.07,21.75,280.1,0,99.8,933.1,0
13.69,38.08,4.08,8.96,185,4070,20439,8.15,47.81,17.33,91.37,0,84.8,1661.0,0
7.03,37.26,33.44,8.67,264,2640,15053,3.63,45.43,15.26,30.26,0,21.6,977.2,0
32.96,55.66,13.26,12.22,273,3549,22403,8.71,56.77,21.94,23.2,0,43.1,1531.1,1
22.1,64.02,0.19,21.01,149,3278,18295,13.01,47.43,17.0,37.29,0,41.9,1278.5,0
38.72,59.19,6.37,14.04,124,1612,12800,9.66,57.97,25.38,44.22,0,85.6,1919.9,0
41.48,10.0,0.39,9.82,142,2414,17329,6.16,54.98,20.37,36.53,0,52.4,1832.7,1
25.06,39.38,1.38,8.95,237,5451,28391,6.62,51.09,19.7,1.46,0,44.9,2028.6,0
47.4,72.06,2.96,10.75,239,2390,20271,26.01,65.41,31.63,49.34,0,74.3,2270.5,0
5.75,34.84,9.94,16.9,198,2178,12271,11.91,45.39,15.97,182.05,0,86.6,1095.4,1
38.55,53.18,7.2,6.4,89,979,10325,6.73,56.74,23.65,127.91,0,96.8,1371.4,0
48.71,38.56,2.42,8.19,233,1864,15962,9.96,61.16,34.82,90.13,0,89.2,2606.6,0
26.27,74.58,7.53,19.56,274,5480,30028,10.94,50.62,24.58,151.0,0,76.8,1873.2,0
18.81,43.08,5.44,7.42,119,2023,11992,15.99,48.63,19.8,142.68,0,49.8,1532.6,0
54.91,65.32,7.92,8.62,150,3450,23521,7.88,61.35,30.84,15.83,0,61.8,2070.0,1
14.41,44.13,2.84,11.96,65,520,4604,14.12,45.1,17.23,36.19,0,64.3,971.9,0
28.68,18.61,14.11,7.48,281,5901,31072,5.59,48.49,19.15,144.32,0,62.8,1989.7,0
17.42,62.06,0.68,9.24,64,704,6111,9.53,47.71,23.25,32.74,0,97.6,1719.5,0
16.35,26.21,7.36,13.19,225,3375,18928,5.11,49.51,17.44,16.85,0,82.0,1429.5,1
10.41,41.3,33.79,18.74,123,1968,10166,2.67,45.47,15.49,42.03,0,25.0,1058.6,1
51.95,82.99,8.16,7.7,193,2509,18129,19.06,67.96,31.48,45.52,0,68.1,2330.4,0
14.1,98.0,8.73,7.44,73,1387,8751,9.0,51.52,22.08,48.68,0,77.7,800.0,1
19.43,55.3,1.06,24.14,111,2109,12650,7.08,48.37,19.14,58.7,0,48.2,1847.4,0
37.07,41.63,13.95,8.26,237,2370,17796,8.49,57.48,22.34,12.99,0,31.1,1973.5,0
26.71,55.39,41.33,7.77,332,2656,19253,3.41,57.01,22.67,213.41,0,43.0,1627.8,1
18.16,35.29,5.17,3.68,227,5221,26103,6.96,45.48,18.27,76.69,0,34.1,1330.6,1
17.25,48.67,7.49,23.67,95,1045,7407,7.31,50.21,19.38,65.73,0,66.6,1619.1,0
27.46,79.04,13.31,27.8,133,1197,9399,10.87,56.28,20.77,37.63,0,54.0,1139.9,0
18.1,58.14,1.47,12.04,108,2484,13577,16.88,49.11,22.19,216.11,0,99.7,1570.6,0
39.13,33.66,45.02,13.7,256,4864,28433,7.91,56.08,25.33,164.42,0,96.9,2055.0,0
37.93,61.1,9.46,12.19,268,5896,31952,11.35,64.1,28.32,143.54,0,86.1,2100.5,0
29.65,29.33,1.83,6.31,90,1980,12832,7.37,53.25,21.71,57.32,0,69.9,1913.2,0
35.26,26.85,6.12,17.68,244,3416,21802,14.83,53.9,19.36,36.85,0,32.3,1645.0,0
19.37,66.49,7.02,27.66,137,1370,9384,14.06,44.75,18.88,343.64,0,46.9,1692.9,0
26.83,43.54,6.36,12.17,167,2505,15478,7.74,55.16,21.96,56.04,0,53.4,2032.7,0
18.22,78.6,17.72,18.69,162,2592,15398,9.72,49.92,19.43,99.47,0,79.3,1220.1,1
52.62,39.18,6.36,7.2,266,2926,21268,6.67,69.19,32.56,1.89,0,78.1,2187.7,1
12.48,73.41,5.87,6.82,135,1620,9995,13.22,45.62,22.4,129.75,0,80.9,975.5,0
25.08,79.62,5.83,16.13,156,1872,13177,7.79,52.28,24.18,127.43,0,95.0,1963.1,0
28.58,57.33,22.57,30.43,308,4620,26719,14.71,56.52,18.61,111.06,0,53.0,882.9,1
26.21,50.46,5.53,8.47,291,6693,34528,9.74,50.9,19.02,129.27,0,30.3,988.2,1
48.7,45.99,0.21,10.92,153,2907,19581,8.26,61.17,32.31,67.25,0,89.4,2574.6,0
21.66,46.93,6.82,16.7,337,2696,18038,20.09,53.53,23.63,109.99,0,99.6,1453.1,0
28.06,30.97,4.89,9.32,345,4485,26760,6.92,47.13,21.49,49.66,0,75.7,1719.0,0
34.66,64.61,35.96,16.3,225,4050,23927,4.98,57.34,23.76,109.88,0,41.4,1903.4,1
29.43,64.08,9.75,6.88,310,2790,19632,23.0,56.02,23.51,22.08,0,54.8,2190.3,0
31.14,51.56,4.01,15.82,271,5691,29909,10.61,53.52,23.89,179.16,0,52.2,1847.6,0
16.71,55.45,59.92,10.6,189,3024,16380,8.83,49.41,19.46,2.58,0,69.7,964.1,0
10.41,48.19,4.25,4.67,282,3948,20992,8.65,41.25,20.01,56.93,0,79.0,1470.1,0
19.71,36.75,21.6,6.56,123,2214,12897,10.57,53.21,17.99,69.17,0,48.0,1756.3,0
38.68,35.44,15.73,14.83,237,5214,29225,8.28,58.1,29.12,87.05,0,92.1,2217.4,0
28.95,46.47,9.3,27.48,242,5566,28914,7.17,49.79,21.88,14.66,0,62.0,2147.9,0
25.56,49.11,7.81,5.55,62,1178,8664,10.25,51.75,23.74,1.39,0,85.0,1925.8,0
22.44,72.33,30.88,22.44,207,3519,20265,12.9,55.79,20.88,56.0,0,90.2,1481.9,1
60.1,65.03,9.67,15.64,158,2528,19642,8.56,65.58,34.87,23.37,0,88.7,2211.7,1
57.06,78.11,7.06,21.67,78,1794,15680,12.25,67.76,40.79,24.5,0,68.5,2803.3,0
25.67,65.35,6.56,11.11,129,2451,14753,22.13,50.77,20.23,83.4,0,38.1,1371.6,0
8.33,31.23,4.84,17.78,137,2329,12690,3.87,44.4,17.25,81.51,0,70.8,800.0,1
75.59,32.73,7.89,36.96,73,803,14488,12.95,73.1,46.32,12.59,0,72.3,2487.8,1
81.97,39.1,1.92,13.66,252,3024,26383,13.94,74.07,52.01,89.07,0,51.4,2891.0,0
48.54,49.71,1.01,6.77,247,5187,29385,13.67,63.06,33.07,26.91,0,65.5,2555.0,0
23.47,43.36,11.7,29.07,305,6100,32240,10.11,53.11,18.79,112.65,0,63.7,995.5,0
56.87,65.38,9.08,16.75,90,1620,15163,12.13,67.0,31.55,34.75,0,20.4,2277.8,1
44.36,72.68,2.86,14.11,104,1768,14477,12.6,61.95,25.23,16.99,0,69.9,1514.1,0
27.42,36.88,1.69,35.65,261,5220,27478,14.06,55.89,16.71,0.69,0,26.8,1340.3,0
31.47,30.36,2.32,28.34,289,4046,24527,8.73,54.07,18.04,33.71,0,49.1,1414.8,0
11.64,79.67,5.68,16.25,284,5396,26905,11.52,50.95,19.06,81.29,0,56.8,805.5,0
46.49,58.47,9.01,7.08,139,1390,13092,8.49,61.95,30.46,59.81,0,79.4,2272.6,0
43.09,46.97,3.22,9.77,79,1580,12953,5.87,60.03,23.76,249.15,0,34.9,1844.8,1
24.72,78.72,21.14,13.66,237,3555,20198,4.66,56.0,23.44,8.64,0,95.3,1847.2,0
9.71,73.68,3.22,11.98,324,4536,24367,5.82,49.15,17.21,329.52,0,25.1,1308.9,1
16.67,46.13,1.99,9.17,161,2898,15550,8.39,50.75,14.43,10.89,0,24.5,1601.3,0
13.54,68.06,78.2,10.84,260,3380,17879,3.82,52.44,19.81,430.95,0,31.8,1417.4,0
39.32,72.28,8.91,22.89,239,3585,23209,12.55,62.37,23.63,87.33,0,32.8,2019.0,0
26.01,67.58,2.8,13.79,137,1233,9887,3.44,54.47,22.6,40.99,0,66.9,1645.8,1
44.94,74.02,33.74,9.19,196,2352,17678,10.36,67.25,28.93,14.57,0,83.0,2238.1,0
7.48,40.76,3.94,18.08,116,2320,13253,8.42,42.31,17.23,4.99,0,77.1,1071.9,0
40.79,55.39,38.97,17.05,304,4864,29261,22.98,55.45,27.08,129.89,0,34.8,1887.4,0
30.73,79.68,1.9,11.92,314,6908,36505,5.79,56.98,27.07,46.92,0,90.8,2106.3,0
39.48,49.15,27.66,6.26,218,3270,21109,18.72,54.53,24.31,1.73,0,33.4,2098.0,0
15.12,45.32,3.06,11.34,310,2480,15900,8.77,45.36,17.3,59.62,0,67.9,1560.3,0
25.11,56.67,41.79,12.11,269,4573,25612,4.64,52.39,21.84,24.35,0,61.6,1626.8,0
21.5,31.25,12.81,20.68,240,5280,27888,14.56,51.36,19.44,234.01,0,68.7,1518.9,0
46.48,59.9,3.16,7.93,175,2625,18993,19.67,59.93,28.3,86.79,0,39.0,2167.5,0
7.97,30.01,27.95,10.32,86,774,6187,4.51,43.46,16.77,2.86,0,65.4,927.3,0
10.86,74.0,7.43,30.66,164,3444,17552,2.32,48.59,18.33,34.09,0,49.7,1352.7,0
11.97,30.68,19.8,10.56,304,6384,31926,5.74,47.82,17.15,78.3,0,74.5,1435.6,0
10.95,67.74,15.47,11.97,324,7452,36487,11.09,44.06,18.51,31.18,0,54.6,1534.7,0
12.02,44.05,18.79,36.44,236,3304,18283,10.37,47.62,16.26,78.67,0,22.8,1179.9,1
24.89,39.13,6.32,7.12,251,2008,14230,12.25,53.92,18.18,75.95,0,52.1,1583.7,0
32.87,55.39,41.91,26.83,264,5280,30041,14.23,56.57,22.97,33.16,0,25.0,2176.8,0
9.22,59.49,12.31,9.69,122,2562,13125,7.8,47.65,19.65,62.49,0,78.9,1484.8,0
24.2,56.38,1.21,13.88,172,1720,12402,9.8,51.41,18.29,19.92,0,39.2,1676.1,0
30.31,60.1,1.04,14.52,61,854,7833,7.72,56.12,22.46,20.11,0,34.7,1612.9,0
40.3,65.37,20.1,10.59,226,3842,23422,4.49,59.25,27.9,5.29,0,86.2,1945.6,0
5.06,24.83,28.45,6.93,266,2128,13453,1.95,40.17,17.64,26.05,0,64.8,824.7,1
34.49,57.03,17.83,8.2,210,3780,21783,9.87,59.67,27.32,45.94,0,92.0,2434.1,0
30.35,34.54,4.88,10.78,328,5248,28766,5.21,49.29,21.86,85.81,0,47.0,2034.7,0
23.89,35.97,3.84,7.62,168,1848,12876,14.47,50.45,20.0,44.38,0,39.2,1791.0,0
17.09,38.5,12.5,12.14,207,2484,15319,3.52,49.25,15.06,2.12,0,41.4,950.2,0
10.81,25.41,3.29,7.73,72,720,4841,11.0,45.79,19.43,189.4,0,99.9,1682.9,0
7.21,54.83,7.15,7.11,242,3872,19539,12.81,44.52,18.29,23.1,0,85.5,1535.1,0
38.81,28.49,14.86,4.71,214,3852,22991,16.2,59.93,26.39,1.37,0,79.1,2239.8,0
8.73,61.08,5.03,33.47,165,2145,12938,5.23,41.78,15.96,70.43,0,33.8,1442.4,0
11.7,77.78,7.06,11.48,81,1539,9059,2.49,45.82,18.64,77.51,0,23.3,1539.2,0
32.25,78.47,6.71,8.13,91,1274,9745,10.34,57.16,23.79,6.79,0,48.4,2157.6,0
2.69,38.63,9.26,6.77,81,1215,6234,4.49,42.62,17.66,119.91,0,96.0,1173.7,0
26.89,37.19,16.83,8.78,249,4731,25476,6.97,51.94,22.14,34.89,0,46.4,1996.6,0
19.52,66.72,22.87,3.98,106,2120,11229,11.23,50.49,18.97,23.92,0,76.0,1274.1,1
30.46,55.85,16.41,8.5,60,480,6517,7.69,55.88,22.71,23.1,0,53.4,1570.5,0
14.97,53.89,0.4,18.64,230,5290,26925,4.98,48.46,16.15,1.02,0,24.3,1592.8,0
22.79,35.38,34.07,8.27,97,776,7356,16.37,49.56,19.95,12.66,0,40.0,1869.3,0
32.85,56.81,13.06,17.65,294,3822,22956,11.09,58.41,25.86,168.81,0,92.5,2049.3,0
51.44,67.98,37.93,21.11,62,806,10969,8.73,67.32,30.68,84.23,0,97.5,1985.3,1
18.12,43.41,49.81,17.93,331,2648,17216,8.63,52.27,18.56,44.48,0,25.9,1813.2,0
17.27,61.96,9.46,12.43,195,2925,16725,9.32,51.76,21.11,37.63,0,52.9,1524.7,0
10.92,57.4,37.22,24.66,144,3312,16026,18.88,56.33,18.29,9.34,0,44.8,1163.2,1
23.12,45.21,6.82,23.91,317,5389,30172,4.89,44.02,17.23,29.69,0,29.9,1139.8,0
43.11,54.23,4.52,7.97,135,1890,14860,6.55,53.08,27.57,86.11,0,26.4,2360.3,0
36.32,39.3,1.15,7.25,265,6095,32209,17.07,52.72,21.14,23.48,0,84.0,1866.2,1
34.38,67.84,9.02,9.35,145,2030,14531,8.0,56.5,19.15,98.67,0,98.0,975.0,0
40.87,39.55,17.5,10.11,271,5420,30469,11.94,57.03,21.21,38.02,0,53.2,1500.7,0
17.91,46.03,56.48,24.61,248,2728,17727,4.71,47.63,18.97,176.66,0,44.5,1584.1,0
1.8,68.54,11.05,19.67,322,7084,33184,17.13,46.48,16.62,194.23,0,73.4,994.9,0
16.45,47.15,19.89,13.21,349,4188,23342,15.83,47.99,19.65,17.17,0,52.8,1222.4,0
39.03,40.96,33.97,13.5,81,1215,10313,8.07,53.88,26.64,76.82,0,72.4,2195.6,0
13.04,57.76,11.75,6.33,72,1656,8240,5.63,44.02,21.1,52.56,0,84.4,980.4,0
40.74,81.93,2.74,23.56,296,5032,29462,5.53,60.64,25.44,153.68,0,50.5,1337.3,0
25.07,72.46,28.28,13.56,257,4112,23089,7.27,57.77,19.46,148.83,0,20.1,1359.5,0
28.79,64.15,12.81,6.5,186,2046,14516,8.97,55.08,25.69,33.77,0,66.1,2092.4,0
40.16,69.91,21.31,4.43,103,1648,13133,4.83,61.68,23.54,38.98,0,81.0,1487.2,0
20.15,62.75,16.12,5.68,340,7820,38292,12.47,51.51,21.52,69.17,0,63.6,1787.0,0
57.11,58.43,0.94,12.73,114,1938,15980,11.11,73.53,25.62,144.5,0,54.6,1486.4,1
25.27,68.71,2.78,2.64,88,1496,11372,4.22,52.79,23.1,46.31,0,94.1,1277.1,1
55.88,60.21,5.06,6.04,299,6578,36921,17.05,63.69,41.69,125.92,0,95.2,2887.7,0
29.62,54.2,5.03,16.25,139,2224,15350,21.38,53.45,23.68,86.31,0,77.7,1380.8,0
17.38,57.8,27.41,9.37,264,4224,23322,7.53,47.66,20.89,3.28,0,68.0,1575.4,0
37.4,59.98,13.68,4.2,135,1350,13465,14.21,56.81,24.97,4.47,0,34.9,2123.2,0
30.24,59.6,1.31,8.34,261,4959,27870,9.97,50.12,23.58,27.03,0,40.0,2064.2,0
9.48,60.47,7.35,11.49,103,1133,7252,8.31,47.04,20.91,226.76,0,94.4,1435.3,0
49.56,40.2,12.19,21.4,97,1940,15433,8.29,62.47,34.85,315.34,0,85.3,2654.5,0
34.29,51.9,4.35,16.0,171,3591,21309,10.32,54.3,24.02,72.3,0,94.2,1856.7,0
52.54,36.0,0.61,15.66,327,3924,27366,19.23,62.0,35.33,87.02,0,78.0,2519.5,0
29.64,58.94,7.18,18.76,273,3549,21607,17.91,56.07,22.29,229.56,0,84.5,1240.3,0
15.05,60.16,9.28,4.46,251,4267,21972,3.52,49.51,21.62,58.63,0,82.9,1681.8,0
30.51,74.77,35.27,25.71,74,962,7811,10.36,56.79,28.13,33.79,0,96.8,1952.6,0
30.34,59.5,35.85,25.75,128,2432,14708,10.09,56.66,23.71,132.35,0,74.4,2028.3,0
17.67,49.45,10.41,8.44,300,5100,27644,8.48,52.07,19.3,28.82,0,52.4,1741.9,0
19.58,48.68,9.57,2.02,149,1192,9227,10.52,51.96,18.41,220.6,0,24.7,1521.4,0
24.24,64.69,15.35,27.05,230,5290,28231,11.19,56.15,20.47,9.49,0,68.9,933.9,0
52.43,44.78,4.48,2.34,334,3674,25365,25.93,62.34,36.06,56.66,0,88.6,2401.7,0
5.1,57.3,5.05,15.29,137,3151,15566,6.72,49.42,16.5,93.5,0,35.7,1465.9,0
21.63,69.3,0.1,9.29,179,3938,20598,8.83,52.64,21.46,127.83,0,66.6,1582.5,0
52.6,85.37,1.22,8.49,225,3825,25594,11.95,67.28,34.44,30.05,0,26.6,2371.3,0
9.35,72.33,2.95,9.4,341,4774,25140,8.35,49.76,18.0,26.87,0,68.6,800.0,0
79.48,47.12,15.35,13.19,165,2970,24387,11.79,73.17,62.92,40.3,1,99.3,3387.7,0
40.17,43.8,3.59,3.37,274,4110,24994,8.5,56.75,19.28,32.96,0,42.7,1368.1,0
12.14,64.45,1.99,10.87,264,5544,27220,9.57,46.66,16.96,47.98,0,36.1,822.8,0
29.83,51.79,14.37,5.17,199,2985,19504,7.25,59.34,21.56,140.42,0,79.6,1416.7,1
16.5,32.82,15.82,9.0,288,3744,22131,8.0,49.57,18.84,288.3,0,64.2,1273.4,0
15.29,93.88,0.92,13.43,215,2150,12972,7.77,53.77,20.54,34.5,0,59.5,1344.7,1
31.12,57.6,22.24,20.61,262,2882,18710,17.42,53.13,22.73,119.16,0,79.2,1604.2,1
3.99,73.74,13.98,7.84,294,3234,17384,5.47,43.12,18.67,77.09,0,67.4,1388.5,0
5.37,50.0,7.59,35.67,289,6358,29516,2.94,41.05,21.25,157.37,0,94.3,1266.9,0
31.82,54.53,61.28,7.13,344,6880,35429,18.06,59.87,25.66,158.03,0,50.8,2269.8,0
18.08,57.27,0.15,7.24,74,962,8034,8.74,50.22,16.21,26.87,0,44.0,1047.9,0
36.41,50.91,11.81,22.58,201,2211,16811,7.23,58.48,24.41,45.11,0,76.9,1744.8,1
26.09,43.61,2.61,10.5,203,2436,15061,10.16,52.44,23.17,11.5,0,86.5,2005.2,0
15.6,87.96,5.99,13.57,343,4459,23858,10.96,51.47,20.12,413.07,0,34.1,1780.1,0
37.85,60.32,2.14,9.08,265,4770,28339,9.71,63.42,27.8,257.05,0,88.9,2014.9,0
30.23,31.33,16.55,9.73,95,950,9299,5.08,54.58,22.12,10.92,0,64.1,1913.5,0
76.72,56.53,7.7,15.03,234,2340,22398,12.47,72.67,41.8,93.98,0,68.1,2379.0,1
18.55,33.42,64.35,26.12,241,5543,28526,6.27,49.17,21.01,12.21,0,57.7,1798.8,0
9.63,42.32,15.91,13.25,279,3906,21095,2.81,48.33,16.1,16.42,0,38.8,985.4,0
47.6,56.6,37.39,15.76,329,2632,21021,22.29,59.49,33.87,100.17,0,90.0,2516.4,0
22.89,63.09,4.13,21.95,142,1562,9940,10.04,54.04,23.14,18.26,0,95.9,1495.9,1
11.15,17.15,5.76,9.22,116,2668,13556,5.72,42.38,18.22,7.45,0,70.8,1471.8,0
31.2,80.74,6.76,6.77,136,1360,11112,4.41,59.85,22.89,263.91,0,38.4,1788.6,0
29.16,45.12,27.35,6.59,238,4760,26174,8.81,51.1,24.84,62.17,0,87.4,1666.7,1
25.37,51.63,3.57,7.16,87,1914,12108,9.61,54.81,19.14,43.16,0,42.4,1764.5,1
36.24,78.0,43.98,6.51,73,876,9886,7.62,58.43,26.65,67.98,0,30.9,2227.2,0
18.47,80.67,0.67,23.57,305,2745,18686,7.02,51.7,22.88,33.43,0,58.2,1666.2,0
46.44,45.71,33.09,3.93,224,3808,23723,9.36,57.35,30.72,14.68,0,78.7,2447.9,0
33.56,70.95,9.01,17.37,171,2736,17130,10.81,58.93,26.02,29.85,0,43.0,2124.8,0
10.44,57.38,11.19,5.84,239,2868,16208,5.44,47.85,17.9,65.07,0,24.8,1482.0,0
37.07,94.82,89.27,35.69,81,1701,13728,11.5,64.47,28.77,74.43,0,94.8,1633.5,0
20.59,44.9,30.61,15.51,282,4794,25649,4.37,50.41,17.6,0.82,0,27.8,1219.1,0
77.4,79.75,35.15,7.2,316,3476,27305,12.35,73.38,37.21,74.13,0,34.7,1934.0,0
17.65,46.22,13.21,8.8,298,5662,29579,15.01,47.54,21.9,38.55,0,84.6,1886.6,0
10.86,38.9,46.97,11.58,263,2893,16682,1.62,41.0,18.72,17.6,0,71.3,1446.6,0
16.13,50.45,17.46,17.84,281,3934,21975,10.47,47.0,19.93,50.35,0,42.3,1347.7,1
22.39,30.39,25.67,14.9,113,2599,14515,7.61,46.95,21.5,14.21,0,86.2,1820.9,0
22.74,41.03,19.14,12.08,233,2563,16438,19.45,46.94,20.18,12.04,0,53.1,1683.2,0
36.04,50.2,22.77,7.97,171,2907,18915,13.54,56.51,21.69,47.53,0,20.9,1716.6,1
6.8,51.2,15.24,10.24,144,2160,11601,14.66,41.09,16.66,109.93,0,43.0,1196.2,1
13.09,68.75,19.44,27.25,307,6754,33258,8.33,49.04,20.64,0.98,0,57.6,1565.8,0
26.92,67.33,8.59,43.68,127,1016,9151,6.95,55.67,19.9,74.05,0,67.3,1145.8,0
9.06,54.47,18.41,23.61,186,3162,16032,3.09,43.56,19.19,6.18,0,81.4,1552.6,0
38.58,28.94,4.86,6.86,253,4807,27658,8.96,57.23,23.12,97.03,0,32.4,2238.3,0
13.46,22.98,15.12,28.78,194,3492,18321,3.92,43.67,22.14,42.13,0,82.0,1592.3,0
18.18,47.05,11.13,9.99,160,2080,13645,13.62,47.29,20.49,6.18,0,58.8,1353.7,0
8.67,42.47,34.32,12.21,130,2730,15103,10.36,46.88,14.73,35.78,0,22.9,1428.6,0
7.98,46.12,16.78,5.71,125,2375,12114,6.58,46.3,18.26,172.2,0,57.5,1404.1,0
46.67,79.33,13.62,13.04,263,4208,26214,11.97,63.22,26.57,132.2,0,40.6,1846.9,1
23.46,45.89,5.63,7.61,190,2280,15380,10.06,53.03,17.29,51.59,0,39.1,1477.3,1
15.09,42.02,29.8,27.81,60,720,5261,14.56,47.31,16.1,2.94,0,47.1,1207.9,1
40.12,54.95,0.84,56.07,94,1034,10604,12.35,55.85,28.12,93.73,0,65.9,2227.4,0
73.62,47.2,34.5,12.17,331,5296,35000,11.09,71.95,40.84,77.85,0,67.3,2398.7,1
21.84,63.96,15.88,16.22,195,1755,12273,10.43,52.96,22.45,473.89,0,94.2,1926.5,0
46.99,58.68,3.15,10.13,208,4784,28548,15.31,66.32,35.58,528.09,0,92.9,2511.9,0
43.49,82.8,34.99,13.09,320,7040,37927,10.82,62.49,28.0,140.01,0,65.8,1845.0,0
29.95,50.62,5.93,8.54,346,5536,30663,4.28,59.71,20.27,52.83,0,28.3,2009.5,0
23.97,83.96,2.76,14.68,310,4030,22513,4.67,55.11,21.07,15.62,0,28.3,1112.9,1
66.46,65.47,5.77,15.5,149,2831,21721,12.4,68.44,26.4,44.07,0,25.7,1751.8,0
10.0,62.96,48.69,14.57,316,5372,27170,12.11,49.03,22.38,55.94,0,59.8,1383.7,0
52.61,25.17,20.96,19.07,274,5480,31880,17.06,59.46,28.66,50.44,0,57.5,2333.3,0
21.65,22.91,37.3,9.79,91,1365,8531,15.93,51.25,18.31,34.46,0,42.8,1575.2,1
18.39,30.85,5.33,61.19,143,1573,10821,13.92,51.09,19.5,24.27,0,85.5,1473.1,0
8.36,58.2,1.29,8.24,151,3020,15562,12.46,46.41,16.56,130.77,0,34.2,1326.8,0
21.28,66.31,12.41,8.18,117,1287,8804,14.83,53.86,21.61,22.91,0,88.8,1268.0,0
9.17,63.02,9.9,2.69,347,5899,30000,10.62,46.19,15.92,9.8,0,20.5,800.0,1
46.99,55.57,19.13,19.21,77,616,8259,11.11,64.68,23.41,39.46,0,72.2,1459.0,0
25.93,68.55,11.74,2.19,233,4893,27092,7.98,55.16,21.85,72.06,0,87.8,1563.8,1
37.92,72.92,7.57,9.92,67,871,8905,17.04,61.54,27.95,19.93,0,87.3,1644.2,1
21.93,50.38,0.1,7.76,280,5600,29464,15.64,44.9,16.24,125.09,0,59.2,981.9,0
35.87,63.37,9.46,5.14,341,7843,40943,6.11,60.3,25.94,124.07,0,45.4,2099.0,0
14.63,60.76,1.93,12.66,77,693,6375,12.05,47.88,18.86,51.97,0,54.6,1123.8,1
18.71,67.09,38.27,35.17,189,2268,14106,8.13,51.07,20.39,46.27,0,66.4,1883.8,0
12.72,59.91,38.21,18.88,108,2376,12106,3.98,47.06,21.32,7.67,0,99.4,1457.5,0
38.73,58.96,24.42,7.71,294,2940,21018,13.73,55.73,26.02,29.77,0,97.3,1492.6,0
16.82,45.93,2.58,40.21,323,2907,19165,19.51,49.35,19.69,79.29,0,87.3,1457.5,0
38.22,58.08,2.39,7.85,337,5729,33152,10.94,57.21,29.61,12.77,0,78.0,2407.3,0
2.09,49.9,12.43,23.48,157,1256,7175,9.12,42.3,16.6,17.13,0,21.3,1306.3,0
55.58,38.96,19.5,4.29,158,2528,18828,13.76,63.33,34.9,24.14,0,47.4,2759.5,0
22.39,59.5,35.24,10.6,258,4902,26255,4.74,55.97,19.94,52.89,0,32.3,1818.6,0
37.25,39.66,33.67,5.97,137,1096,11294,11.4,58.85,26.74,77.12,0,99.1,2204.6,0
2.1,54.35,2.53,42.37,216,3240,15568,2.52,40.75,18.03,0.81,0,62.8,1458.4,0
5.06,49.51,80.97,8.04,66,858,5130,4.79,45.18,16.2,3.54,0,51.8,1295.5,1
79.45,46.56,2.56,6.6,270,2970,25723,14.84,73.59,31.06,14.69,0,33.6,1650.4,1
17.82,76.08,27.5,16.1,340,7140,35521,2.1,52.58,21.11,51.09,0,85.6,1520.9,0
53.1,79.57,13.26,10.49,67,1072,11808,26.59,65.97,36.66,37.91,0,99.0,2213.5,1
13.73,50.55,17.01,44.18,346,2768,18682,5.65,44.69,20.22,83.57,0,66.9,1597.6,0
27.53,69.96,13.89,14.66,295,6195,32771,8.3,57.2,23.52,9.78,0,37.0,2124.7,0
25.47,31.28,30.57,12.67,127,1397,10236,12.5,53.42,19.74,27.63,0,55.7,1479.8,1
14.27,37.28,15.2,18.77,347,6246,32216,13.55,46.05,19.07,15.39,0,98.7,1198.5,1
23.94,54.08,28.32,10.66,194,3298,18506,8.02,51.92,22.5,89.63,0,83.7,1406.8,1
9.9,39.0,2.52,14.05,201,2814,16047,8.63,44.98,16.76,59.19,0,59.3,816.3,1
59.61,60.63,30.23,7.37,256,5376,32753,8.7,65.73,40.35,75.63,0,72.4,2654.6,0
27.38,59.31,74.33,8.39,71,1633,12324,9.22,52.39,24.35,0.23,0,42.2,2143.1,0
23.94,54.29,16.25,7.04,96,1056,8976,12.74,52.27,20.04,154.91,0,58.0,1506.6,1
9.59,90.51,56.17,15.4,342,6156,31487,11.25,53.95,20.35,58.41,0,68.2,1429.7,0
31.21,60.52,3.72,8.17,144,3024,17917,12.27,51.92,24.77,9.77,0,87.9,1765.8,1
9.13,63.64,26.52,19.45,136,1088,7302,2.99,49.3,18.49,173.03,0,47.2,1180.8,0
9.82,62.28,2.78,7.25,148,3256,16239,6.09,45.07,18.79,24.18,0,82.3,979.9,0
14.07,41.49,10.88,6.82,93,1023,6921,11.65,44.07,18.53,142.79,0,56.6,1340.6,1
3.65,84.25,16.36,14.06,295,5310,27165,9.42,49.09,17.81,7.99,0,47.1,1345.6,0
9.04,33.94,16.19,13.24,107,1926,9887,2.32,43.29,16.93,117.94,0,44.2,972.5,0
27.51,59.28,16.67,20.37,76,1596,10913,8.31,56.86,23.25,92.76,0,83.7,1672.0,0
29.33,66.17,5.81,5.99,208,2704,17019,12.06,50.64,19.48,155.3,0,27.6,1802.8,0
9.79,69.75,54.58,4.84,330,4950,26047,8.29,45.88,19.23,48.96,0,75.5,1498.5,0
35.4,50.33,0.1,25.27,85,765,8492,4.66,52.86,21.13,181.97,0,75.8,1425.9,0
39.27,66.15,14.55,5.41,158,3476,20790,13.57,60.78,24.46,15.59,0,29.5,2070.1,0
42.11,39.28,30.16,20.04,199,3184,21107,5.94,59.8,25.88,13.81,0,29.5,2316.8,0
46.72,80.06,33.26,2.97,81,1701,14190,10.13,62.3,28.48,54.29,0,41.1,2359.1,0
20.92,52.56,19.11,17.13,287,4018,23434,8.84,48.78,20.47,101.63,0,42.8,1559.9,0
16.71,47.55,12.83,12.1,272,5440,27908,11.5,44.62,19.5,244.78,0,45.9,1607.2,0
24.14,45.43,9.17,15.53,133,1729,11371,13.25,52.76,21.21,12.64,0,84.2,1480.6,1
29.71,59.46,8.95,19.31,310,3100,20190,6.41,55.27,25.19,48.46,0,81.9,1725.7,1
41.32,31.3,8.3,21.51,250,2750,19318,10.05,55.48,20.18,58.03,0,36.5,1347.9,1
5.85,68.27,18.05,16.1,87,1305,7324,11.34,46.35,18.57,24.79,0,54.0,1272.1,0
31.7,46.04,19.71,20.11,153,2142,14853,6.61,52.93,24.11,66.32,0,91.3,1807.9,0
21.63,74.57,10.85,23.9,153,1989,13021,10.31,51.67,18.71,40.83,0,53.8,1716.3,0
24.09,36.36,20.25,26.17,325,4550,26031,11.42,52.38,19.87,204.83,0,56.4,1772.8,0
23.13,56.98,11.28,16.63,340,5440,29706,6.75,59.05,24.45,44.6,0,54.5,2005.3,0
14.57,63.31,1.54,6.9,60,720,5176,10.1,51.66,17.02,109.99,0,28.3,1590.7,0
28.82,64.93,28.62,10.48,132,1584,10813,12.28,54.12,24.1,139.69,0,43.3,1959.2,0
31.62,47.25,30.66,11.48,271,5420,29478,8.2,55.3,21.2,13.38,0,31.1,1830.3,0
30.58,36.48,4.65,8.1,141,2961,18287,15.54,53.81,24.52,20.14,0,97.6,1963.3,0
17.91,48.15,23.16,6.12,280,5040,26698,5.81,49.0,18.31,22.22,0,37.2,1904.6,0
20.61,72.5,10.74,21.22,224,3808,20436,4.03,57.63,23.29,105.83,0,87.1,1838.0,0
4.24,86.38,1.99,14.59,155,2170,11631,12.33,48.61,21.36,20.45,0,80.3,800.0,1
13.74,30.66,7.61,8.16,71,994,6013,18.1,42.55,19.7,67.13,0,87.1,1455.9,0
7.33,43.93,1.19,12.46,115,2300,11946,7.38,51.68,16.7,26.13,0,28.2,1595.7,0
40.95,29.01,23.16,14.59,263,3156,21561,12.45,58.32,22.13,84.07,0,63.7,1632.0,1
16.37,46.77,3.28,6.1,166,3818,19139,7.07,50.76,19.3,61.06,0,99.5,1253.2,0
28.67,45.43,2.69,7.55,92,2024,12785,8.13,50.54,21.98,114.35,0,95.0,1971.5,0
25.05,37.07,3.51,10.09,218,3270,18938,6.86,49.6,19.26,27.41,0,37.0,1523.3,1
22.63,79.95,3.85,11.1,249,3237,19901,9.84,56.09,23.03,177.8,0,98.6,1701.2,0
9.79,72.2,16.81,4.68,61,671,5678,9.56,47.18,22.04,12.08,0,95.0,1014.4,0
19.33,58.65,15.27,19.06,111,2220,12051,3.69,48.94,21.97,146.56,0,76.7,1808.3,0
47.74,53.35,2.08,12.41,140,2240,16737,20.11,65.79,29.99,163.04,0,84.2,1836.4,1
40.22,68.39,19.33,10.5,188,1692,13916,15.71,55.73,30.53,123.23,0,87.0,2479.5,0
52.66,39.98,6.44,7.93,152,3344,21620,17.38,59.08,32.69,33.86,0,64.2,2541.3,0
56.19,58.58,9.17,6.63,191,1719,16984,16.65,67.4,37.8,17.99,0,79.4,2752.6,0
23.88,45.92,2.0,12.3,67,804,7119,12.94,46.08,18.11,166.0,0,42.7,1463.6,1
38.88,90.15,18.5,13.39,208,2080,16306,6.46,62.66,28.8,19.39,0,97.5,1794.4,0
19.68,34.63,7.08,39.72,277,2770,17826,10.14,52.02,18.31,28.81,0,50.4,1664.5,0
26.83,50.92,15.0,41.92,349,4886,27878,8.56,51.99,21.43,2.15,0,90.6,973.3,1
28.18,35.58,8.36,8.84,261,5220,27273,9.21,55.87,20.17,11.51,0,21.4,1818.3,1
38.97,66.28,0.75,6.85,309,3708,24437,12.18,57.78,20.83,6.45,0,45.5,1665.8,0
46.42,66.25,18.24,5.7,263,3419,22003,11.29,62.95,29.39,312.6,0,53.4,2260.0,0
24.62,44.53,12.06,12.84,140,1400,9788,9.19,52.85,16.47,100.11,0,38.0,1463.3,1
28.39,36.37,8.54,5.76,127,1905,11828,9.01,54.4,19.86,109.8,0,37.6,1475.2,1
23.23,49.21,3.38,5.32,123,1476,9875,13.44,51.77,19.85,57.15,0,54.8,1690.4,0
27.9,44.53,14.69,7.84,162,2430,15189,7.76,51.18,18.92,54.56,0,29.7,1533.6,1
26.27,55.96,4.83,8.45,87,957,8401,8.42,50.37,19.44,22.62,0,50.6,1618.4,0
35.49,79.3,8.41,7.81,143,1573,12745,8.87,61.3,22.01,4.33,0,96.0,913.2,1
13.58,64.92,0.87,4.62,131,1572,9729,12.07,46.96,19.31,44.65,0,77.3,1257.9,1
16.26,66.39,22.49,11.54,330,5940,30271,5.78,51.61,18.89,6.39,0,94.5,1118.1,1
43.62,54.94,1.42,11.41,263,3945,24135,15.77,59.12,28.48,93.24,0,98.7,2222.3,0
32.89,94.65,33.22,27.18,208,2288,16055,8.24,59.68,26.72,238.15,0,87.7,1620.5,1
19.36,56.75,30.33,5.78,107,1391,9620,5.39,53.13,19.92,0.51,0,94.9,800.0,1
58.4,65.88,53.15,16.71,226,4746,29751,12.9,70.55,39.03,62.38,0,84.7,2431.7,0
3.53,71.48,35.86,35.55,347,5205,26919,4.02,43.16,19.04,25.75,0,65.8,993.6,1
25.68,54.23,53.32,5.08,65,650,7468,12.27,53.2,19.18,57.38,0,42.6,895.4,1
24.28,58.11,32.74,6.33,243,3159,19218,5.48,48.98,21.68,257.07,0,68.2,1767.5,0
45.06,46.45,1.79,5.73,280,3920,26017,20.38,60.23,30.61,13.82,0,62.9,2295.6,0
20.12,55.27,8.64,15.93,68,1020,7239,9.87,51.3,18.54,176.62,0,23.7,1557.6,0
24.2,76.95,1.19,15.56,302,6040,30611,4.74,53.13,20.62,12.64,0,85.6,1385.5,1
27.77,72.46,11.82,21.58,86,1032,9199,18.97,53.97,26.1,31.74,0,75.1,2017.0,0
11.46,65.31,11.32,12.78,160,3200,16634,2.92,50.8,17.41,22.21,0,28.6,1297.0,0
29.58,68.65,38.3,35.89,195,2145,14994,17.79,56.23,23.24,71.52,0,21.1,1846.2,0
27.14,54.44,52.45,16.86,240,4080,23209,15.55,54.47,21.72,31.57,0,27.2,2046.4,0
48.17,69.22,4.51,25.92,125,2125,15577,6.32,60.07,35.46,149.67,0,97.8,2493.1,0
68.5,52.72,13.1,13.37,293,6153,36635,16.59,70.32,43.62,33.7,0,95.3,2481.4,1
47.7,30.5,9.37,9.67,63,1071,10883,7.95,58.72,27.42,13.31,0,44.2,2177.3,1
22.62,82.49,11.87,10.96,329,3619,22416,15.98,51.28,22.18,19.13,0,91.9,1552.6,0
10.82,51.94,11.38,27.75,84,840,5804,8.45,46.01,17.3,3.15,0,53.9,1173.7,0
16.27,70.81,36.82,19.62,228,4788,23366,9.88,50.29,19.71,95.75,0,80.7,1579.7,0
17.64,49.56,33.97,18.92,261,2349,14555,11.08,46.72,17.35,43.51,0,22.7,1120.3,0
10.49,14.65,1.96,22.1,259,4403,22436,6.42,42.04,14.2,71.7,0,22.2,1630.7,0
45.3,53.91,6.35,14.27,193,2509,18482,11.13,61.49,27.13,3.18,0,43.5,2268.0,0
39.52,27.37,20.96,65.98,320,6720,36358,7.53,59.66,22.03,37.73,0,42.1,2082.5,0
25.03,66.33,17.28,10.65,236,5192,27092,13.06,51.34,20.8,2.69,0,46.6,1656.2,1
23.64,51.56,14.96,13.01,96,768,6708,3.0,47.42,16.61,78.76,0,45.2,1088.1,1
36.1,73.28,76.27,9.31,142,1846,14033,5.11,57.22,28.86,113.96,0,74.9,2236.2,0
30.03,58.5,6.16,16.43,236,2832,19373,21.2,56.57,25.98,144.57,0,93.5,1901.8,0
21.4,39.55,10.86,4.24,271,2439,17454,6.31,52.62,16.94,119.63,0,20.2,1665.7,1
21.89,65.05,58.06,2.06,186,3162,17796,13.13,56.98,21.38,63.78,0,41.6,1784.5,0
44.26,31.61,17.84,8.26,197,3546,21868,10.83,57.3,22.86,40.03,0,27.0,1899.8,1
15.35,50.39,15.69,17.29,269,3228,18484,9.72,46.95,18.41,72.91,0,73.6,1353.8,1
44.34,27.04,2.52,22.55,326,7498,39437,9.57,64.17,22.13,71.32,0,23.0,1821.8,1
32.53,60.25,4.25,5.72,138,1932,13476,10.65,51.7,22.9,38.63,0,35.3,2152.2,0
56.57,58.71,7.11,4.48,155,2945,20877,9.17,66.01,24.03,32.18,0,53.2,1562.3,0
22.02,56.89,9.38,7.9,198,3762,20301,4.41,49.92,21.67,94.87,0,22.5,1951.5,0
10.45,40.96,10.31,7.81,303,2424,14817,8.49,44.17,17.75,11.03,0,74.9,1515.1,0
31.5,75.29,34.86,13.88,280,5040,28092,5.62,53.89,25.36,3.82,0,82.1,1513.9,1
13.56,68.63,1.7,13.13,123,2214,12946,3.62,54.59,21.92,33.02,0,94.8,1387.7,1
13.06,58.51,4.28,29.37,106,1272,8392,8.08,47.72,21.02,77.11,0,78.3,1702.4,0
54.48,46.29,2.33,9.5,195,2925,21003,13.15,63.97,28.18,35.22,0,82.8,1952.7,1
45.83,49.75,19.94,5.49,135,2430,17690,10.78,61.41,32.13,28.84,0,99.3,2395.9,0
25.14,54.77,52.89,14.63,185,2775,16907,14.85,54.61,20.12,43.03,0,53.6,1317.9,1
28.97,38.49,33.66,6.82,165,3630,19770,7.37,55.83,23.51,93.36,0,71.3,1926.2,0
27.92,67.8,19.27,6.89,285,5985,32056,12.61,53.47,26.7,34.26,0,86.3,2197.5,0
36.28,73.89,0.33,33.75,174,2610,17353,5.41,58.53,25.44,6.1,0,73.2,1814.3,0
21.56,80.64,6.39,21.29,147,1176,8804,7.21,54.28,21.34,102.18,0,60.2,1503.3,0
1.4,49.84,29.88,9.43,285,4275,21619,11.82,43.37,14.39,112.29,0,35.6,1058.7,0
8.29,75.66,15.88,36.35,123,2829,13272,2.36,50.7,18.3,32.11,0,52.5,1136.4,1
17.48,76.58,3.53,20.04,168,3696,19092,11.57,54.66,19.07,23.33,0,28.6,1770.0,0
21.44,45.52,9.42,15.38,260,3900,22385,10.51,53.07,17.79,6.64,0,68.3,1440.0,0
38.3,39.94,1.38,8.11,344,4128,25595,8.55,58.64,29.02,88.15,0,92.8,2283.2,0
48.25,71.3,11.03,3.54,130,2340,16747,9.55,65.31,33.51,18.25,0,77.9,2594.2,0
17.21,46.77,34.69,7.29,219,3942,21275,7.47,49.4,19.97,3.97,0,77.1,1600.7,0
26.89,43.99,0.59,9.07,318,4134,24465,5.38,53.6,25.41,17.84,0,88.5,2114.1,0
37.93,67.25,14.27,5.94,69,1587,12823,17.87,60.19,25.18,20.64,0,90.2,1563.3,0
17.19,34.21,3.98,13.12,227,2043,14476,14.29,48.62,17.2,10.1,0,73.9,1229.3,0
46.38,48.31,69.67,3.59,176,3696,23092,12.39,63.39,28.85,58.92,0,24.5,2285.4,0
7.67,27.04,1.01,27.07,142,1278,9140,13.14,45.85,15.27,30.84,0,34.9,1439.7,0
24.57,42.39,14.41,9.26,298,6556,32930,8.69,59.3,20.32,35.74,0,74.9,1261.4,1
24.47,45.14,4.44,18.98,233,1864,13367,10.81,49.11,19.65,84.39,0,67.4,1877.3,0
37.27,43.75,32.12,18.85,238,4046,24244,9.91,57.43,25.18,49.3,0,76.8,1834.1,1
11.17,48.55,1.95,5.81,198,1980,12828,12.89,46.22,17.47,76.3,0,73.7,1282.5,1
46.58,24.19,8.41,4.29,265,2385,18975,10.81,55.56,30.6,22.8,0,77.2,2376.9,0
40.29,39.9,3.08,8.3,238,4284,25317,17.57,60.34,25.53,335.2,0,47.7,2238.7,0
25.11,75.17,24.1,15.26,166,2490,14554,5.31,54.21,21.87,12.86,0,97.5,1542.1,1
21.79,59.47,6.5,13.22,92,1104,8082,11.48,53.3,19.35,76.15,0,79.5,1693.5,0
36.2,47.31,3.1,24.52,189,2646,17494,6.75,57.5,26.01,174.05,0,70.7,1802.4,1
40.91,45.17,19.41,15.42,177,1593,14122,15.44,59.22,23.55,5.24,0,21.1,2167.6,0
43.01,66.48,25.49,16.11,152,2280,16205,6.31,61.23,31.27,16.65,0,68.1,2312.9,0
17.05,56.29,9.31,7.5,141,1128,8660,10.1,51.11,20.39,126.38,0,86.8,1554.6,0
14.86,38.17,7.14,10.45,169,1859,11700,10.84,48.46,20.72,21.55,0,63.8,1680.0,0
14.77,47.0,15.0,10.62,69,966,5766,15.25,48.33,20.39,44.81,0,74.9,1707.1,0
44.57,36.45,15.81,17.65,243,5346,30178,13.9,58.94,26.14,86.6,0,28.3,2184.2,0
25.1,44.61,16.22,19.14,289,5202,28477,13.55,51.7,23.43,85.73,0,84.6,1477.6,1
12.37,65.28,4.84,10.6,273,2184,13611,6.83,46.23,16.66,24.62,0,21.9,1254.8,1
38.38,63.77,42.53,10.81,86,860,9347,14.54,61.58,29.53,49.0,0,72.8,2384.8,0
39.73,70.44,3.6,15.04,208,4784,27671,15.12,58.94,28.53,1.14,0,55.1,2377.8,0
21.89,57.13,7.03,38.85,248,2480,16770,9.67,50.82,19.43,0.33,0,22.3,2210.3,0
9.49,32.36,5.0,4.29,187,2244,13381,4.18,44.71,16.95,19.18,0,72.7,966.6,0
73.69,36.31,40.13,7.0,328,3280,27007,19.27,71.13,40.27,88.59,0,54.9,2345.7,1
23.59,62.11,26.44,7.17,74,1406,9782,7.91,50.47,23.42,38.83,0,84.8,1392.8,0
35.85,56.53,25.01,5.53,278,3058,20294,14.89,57.48,22.91,119.8,0,61.0,1280.7,1
22.58,37.61,0.1,7.56,282,3666,21301,5.88,47.16,20.97,80.23,0,85.7,1409.6,0
15.23,49.86,17.37,15.27,210,2310,14304,6.88,48.67,19.06,14.26,0,71.4,1353.2,1
32.85,83.5,3.93,21.49,158,1264,11500,9.57,57.54,21.11,22.62,0,48.0,1327.6,0
11.95,68.97,51.51,13.99,67,938,6448,2.95,47.37,18.8,122.75,0,20.6,1612.2,0
37.27,77.48,11.35,13.82,156,2340,16244,7.28,59.87,21.35,67.0,0,85.6,1048.8,1
58.57,37.31,12.48,7.02,215,3010,22851,12.91,68.5,23.21,28.74,0,47.1,1358.9,0
20.31,80.06,6.61,2.46,130,1560,11341,12.55,54.26,17.88,5.49,0,34.1,1168.4,0
18.73,47.2,11.54,15.25,229,3206,18664,4.98,51.65,19.6,152.37,0,44.2,1853.8,0
13.36,78.58,20.78,27.12,218,3052,17283,6.55,47.08,20.59,5.22,0,66.9,1162.7,0
19.31,60.37,12.38,21.65,72,576,5698,10.4,50.63,19.81,69.86,0,59.4,1738.9,0
21.99,64.43,15.38,11.51,179,2685,15116,6.3,50.9,22.38,0.68,0,59.6,1979.3,0
45.94,65.42,9.59,12.76,196,3136,20398,16.07,66.02,28.97,4.32,0,51.5,1765.3,1
33.2,56.48,18.9,28.29,62,1178,9983,8.49,58.23,24.96,131.65,0,95.1,2055.8,0
43.54,63.75,34.47,8.02,251,2008,17688,7.62,61.85,27.34,98.74,0,59.9,1875.4,1
19.61,39.72,0.79,9.28,80,1440,9703,7.77,48.37,20.44,0.55,0,75.8,1538.1,1
31.4,53.07,1.7,4.14,308,6776,35039,15.09,56.1,23.12,44.05,0,71.4,2038.9,0
29.87,66.71,17.36,16.1,136,2312,14410,13.67,56.98,20.23,36.38,0,34.2,1376.5,0
3.84,56.63,7.12,9.03,325,5850,29128,5.15,46.22,16.41,98.39,0,24.5,1431.6,0
4.39,49.74,4.96,10.18,287,6601,31811,9.82,42.44,19.11,32.93,0,85.9,971.0,0
4.96,58.51,2.95,18.34,282,6204,29875,8.83,48.65,15.41,49.59,0,44.2,800.0,0
23.96,34.54,12.75,7.76,296,2368,17282,8.38,51.88,21.33,41.15,0,84.0,2024.2,0
40.62,70.69,6.4,16.42,316,6320,35658,17.15,60.65,26.06,19.61,0,74.3,1747.5,1
14.5,23.82,10.64,16.94,97,2134,12111,6.42,44.87,13.57,18.57,0,58.2,800.0,1
9.11,54.63,47.75,9.81,242,2420,14546,7.87,51.58,17.8,107.59,0,28.3,1386.0,0
17.73,66.4,21.3,20.16,135,2025,12512,9.93,52.89,19.83,93.55,0,61.3,1460.8,1
25.68,56.22,23.84,11.45,102,1632,11217,13.0,54.24,21.81,33.6,0,59.0,1557.2,1
13.52,47.96,1.99,18.71,110,2200,11969,5.59,46.46,15.78,20.67,0,37.2,1124.3,0
10.43,71.49,5.9,8.42,152,2888,14809,10.6,50.4,17.93,68.57,0,77.2,1526.9,0
9.87,44.67,1.68,17.31,119,1071,7248,15.05,47.11,16.88,124.66,0,38.3,1442.4,0
67.99,80.27,51.88,9.85,263,2104,20576,13.42,69.58,47.55,38.57,0,64.4,2862.2,0
8.16,51.85,17.19,14.9,64,1344,8474,8.28,44.65,18.35,12.04,0,65.6,800.0,0
34.62,51.32,0.29,15.06,101,1818,13162,9.06,61.92,26.76,100.87,0,100.0,2135.1,0
66.97,65.92,9.68,9.59,317,5389,34377,14.58,72.94,46.37,35.27,0,93.0,2829.8,0
44.71,50.35,4.59,9.42,106,1166,11744,10.0,64.41,25.78,21.85,0,68.0,2117.2,0
10.4,56.44,11.65,10.73,113,2147,11581,14.6,48.47,21.74,60.58,0,80.8,1451.3,0
57.85,63.57,2.95,12.72,94,846,11868,10.86,69.93,33.67,15.39,0,79.0,2370.3,0
8.55,36.62,0.88,17.19,106,1696,9195,5.5,44.12,15.14,29.6,0,42.0,800.0,1
17.41,64.19,5.86,14.05,76,1216,8246,5.63,49.68,20.57,87.39,0,96.3,1405.9,0
22.0,29.6,5.25,2.02,132,1584,11385,4.25,48.04,17.28,17.02,0,63.5,1069.2,0
11.16,54.81,18.93,20.35,66,792,6254,8.09,49.92,18.84,425.88,0,54.5,1653.7,0
29.09,49.65,9.65,15.52,181,2896,17903,6.47,46.81,23.42,8.82,0,90.0,1986.3,0
14.76,35.33,5.17,24.7,77,1386,8645,9.97,49.14,21.09,30.87,0,92.4,999.8,0
66.71,80.37,12.67,20.27,317,7291,42429,19.91,71.64,49.59,12.05,0,98.5,2913.7,0
20.81,57.51,1.11,9.45,235,3290,18860,2.72,50.99,22.04,79.66,0,49.5,1806.1,0
40.3,45.21,16.29,6.05,70,1330,11959,7.08,57.82,30.43,173.65,0,80.6,2277.4,0
57.79,57.13,2.39,36.02,341,7502,41489,8.69,69.65,35.45,43.63,0,54.8,2428.4,0
35.1,92.3,4.92,26.31,185,3700,21494,5.33,61.87,26.39,4.31,0,48.8,1889.7,1
65.86,40.07,4.97,19.06,206,1854,18984,23.82,70.55,26.4,15.95,0,61.2,1432.2,1
43.72,64.87,9.41,7.56,289,3757,24835,10.09,60.89,27.24,77.48,0,56.0,2010.5,1
31.92,41.28,45.91,5.58,143,1859,12879,8.48,54.59,21.82,5.74,0,46.7,1527.6,1
23.06,62.23,5.89,9.39,65,1105,8970,5.06,54.36,19.24,9.36,0,60.7,1118.3,0
6.95,45.11,4.96,20.41,99,792,6246,3.44,45.42,19.55,17.56,0,95.3,854.8,0
24.44,52.55,2.77,2.87,224,2016,13632,5.14,51.27,19.75,136.63,0,92.1,1019.3,0
13.13,57.37,7.46,7.88,180,1620,11145,10.48,47.93,15.93,146.68,0,40.2,1375.8,1
49.78,74.8,3.01,60.75,124,992,11266,6.64,64.41,31.27,70.13,0,27.3,2314.0,0
13.08,32.89,2.22,9.84,317,7291,36098,4.66,47.48,15.62,3.86,0,67.3,821.8,0
28.3,80.49,29.21,12.46,289,3757,23532,8.15,54.97,29.53,16.5,0,96.9,2251.4,0
39.33,26.23,0.81,11.99,100,2200,15247,19.12,57.14,21.73,7.41,0,30.4,1849.5,1
11.82,59.91,18.61,34.28,89,1869,10166,3.69,43.55,21.52,2.31,0,89.1,1611.6,0
29.22,55.91,3.4,10.04,147,3234,18285,14.09,57.91,19.73,39.89,0,25.5,1438.4,1
18.36,53.03,0.18,4.15,292,2920,18390,5.7,53.99,18.22,42.69,0,41.0,1126.1,0
36.11,55.54,23.78,22.61,278,4448,25857,18.92,58.91,23.29,121.03,0,32.0,1718.4,1
8.73,62.83,18.17,6.41,345,5175,27495,8.59,48.22,19.09,81.66,0,99.4,1201.7,1
65.76,61.93,6.1,4.98,185,3515,24163,24.68,70.27,45.21,22.38,0,81.6,2753.4,0
31.38,52.31,1.24,30.44,196,2744,17333,12.92,52.13,22.33,32.33,0,64.0,1614.6,1
59.08,65.55,6.71,19.03,160,3360,23125,8.79,68.47,43.98,266.24,0,68.7,2941.5,0
44.87,51.56,3.0,9.79,331,3972,26300,9.76,59.97,26.12,95.22,0,52.2,1838.4,1
16.22,56.4,40.44,24.36,110,1100,8315,9.16,52.15,17.41,60.87,0,25.8,1217.9,0
40.97,72.37,11.31,21.87,68,1496,12012,9.15,59.65,26.42,216.73,0,42.3,1993.1,1
53.57,72.8,49.8,8.09,238,4284,28086,8.16,69.4,31.87,21.96,0,37.6,2228.9,1
47.07,70.72,6.49,13.66,272,3808,25232,12.21,62.62,29.7,26.5,0,97.3,1922.4,1
30.76,39.62,12.19,11.43,204,2652,17929,5.51,55.27,20.33,314.95,0,51.9,1591.3,1
14.98,61.39,3.16,8.17,220,1980,12914,1.76,43.51,19.19,37.95,0,86.2,1373.2,0
37.56,61.92,24.79,12.51,349,4188,26152,9.5,58.9,26.92,80.43,0,86.4,1909.0,0
35.86,81.51,0.63,19.32,149,1788,13586,15.14,57.37,23.78,116.69,0,44.5,1662.5,1
20.37,66.89,17.84,6.95,161,1610,11235,11.1,52.82,20.37,63.06,0,65.5,1376.2,1
11.12,45.59,7.46,19.96,148,2812,14735,4.26,49.34,16.71,182.65,0,71.8,1219.7,1
32.47,49.27,12.96,4.0,285,5415,29478,5.66,57.04,19.86,30.31,0,29.2,1737.3,1
13.41,16.86,13.46,13.9,183,1647,10349,4.01,46.48,17.34,147.08,0,46.1,800.0,1
20.39,53.84,18.61,7.83,109,981,7691,10.81,43.95,18.06,56.54,0,21.9,1450.4,1
38.91,49.46,3.43,31.39,107,2354,16041,6.75,59.12,28.49,102.06,0,85.4,2354.5,0
12.78,47.13,11.37,4.63,138,2622,14265,6.18,44.59,19.74,39.86,0,95.9,1163.4,1
8.36,43.31,8.35,10.55,253,3036,16905,5.66,47.38,18.56,10.63,0,78.2,1541.4,0
5.95,78.06,4.97,7.39,104,2392,12221,12.9,46.77,21.95,48.24,0,85.6,1219.1,0
34.89,14.68,10.27,8.67,349,6631,35056,24.38,53.44,20.29,0.99,0,55.0,1830.4,1
36.05,35.97,45.55,6.16,181,3258,20614,15.26,58.76,23.09,8.57,0,48.4,1862.9,0
21.26,90.8,44.61,13.51,233,1864,14186,7.04,58.9,25.31,72.57,0,93.7,1461.8,1
45.01,69.76,4.9,13.96,146,1898,14959,8.51,64.45,32.0,45.7,0,32.9,2707.6,0
23.18,59.59,32.34,4.32,138,3036,16777,5.4,50.99,20.35,9.07,0,55.1,1540.8,1
23.85,54.93,31.4,17.71,189,3024,17539,5.5,52.35,15.81,43.87,0,26.5,1201.2,0
21.42,46.22,4.31,4.7,119,952,7428,5.3,51.55,22.09,97.94,0,83.2,1783.9,0
5.74,35.85,13.71,12.4,134,2680,13487,7.15,43.79,16.6,52.9,0,46.0,1407.4,0
17.23,60.51,30.6,35.07,88,2024,10473,6.54,49.64,19.95,56.95,0,70.8,1509.8,0
6.03,67.0,10.85,7.27,119,2737,13504,5.54,43.75,20.36,10.81,0,84.9,1491.4,0
18.47,44.6,6.93,10.18,128,2432,13853,10.51,51.26,18.88,42.66,0,38.8,1501.6,0
40.14,27.75,15.78,7.59,224,2240,17493,12.14,61.75,30.32,20.25,0,97.0,2426.9,0
4.58,64.97,2.84,8.15,143,2574,12708,4.65,45.83,18.59,69.08,0,73.1,1409.6,0
17.53,66.63,2.65,14.68,327,5559,29636,3.91,55.61,21.21,319.93,0,75.9,1234.4,1
17.34,67.48,26.81,32.07,224,2688,16090,3.05,48.56,21.61,67.5,0,94.3,1129.3,1
37.43,52.62,0.64,11.93,245,5390,30130,10.47,58.31,25.49,40.2,0,73.3,1904.8,0
14.16,22.62,24.42,24.92,114,1140,8110,13.06,45.31,18.54,190.69,0,51.8,1595.4,0
42.9,36.62,5.15,7.88,80,720,9641,13.43,61.82,24.91,15.21,0,57.0,2048.8,0
15.17,74.29,9.9,23.69,285,5700,29038,12.37,52.78,19.16,11.23,0,80.0,1448.6,0
44.14,34.74,11.76,33.04,208,4784,27410,14.66,57.57,21.29,65.63,0,20.0,1723.4,0
40.97,65.5,21.86,25.31,246,2460,18733,12.24,59.38,28.59,113.39,0,85.8,2021.3,0
26.98,39.68,32.29,18.87,184,3496,20124,5.96,53.71,20.08,74.34,0,58.2,1441.2,1
22.51,38.17,24.46,17.8,280,3920,22723,7.77,50.64,17.43,1.67,0,57.1,1076.2,0
8.89,82.39,12.74,7.73,347,6246,30750,3.2,48.57,21.51,37.54,0,50.1,1373.4,0
27.24,82.94,6.42,5.03,245,3430,21063,12.42,61.54,24.24,19.03,0,55.6,1369.1,1
44.31,57.45,11.22,18.15,172,3612,22473,17.66,60.99,26.58,141.6,0,60.2,2291.9,0
10.9,47.73,0.46,7.6,213,4473,21966,3.7,48.77,17.1,32.33,0,59.2,878.3,1
44.98,70.48,4.22,7.97,72,864,10030,18.15,64.94,31.38,0.64,0,61.9,2330.6,0
48.99,31.31,6.84,4.99,330,2970,22741,7.37,58.81,30.02,12.52,0,27.6,2626.8,0
14.1,73.17,5.78,8.63,61,1220,8255,8.05,50.82,18.19,121.12,0,31.8,1429.0,0
26.81,85.31,1.5,23.38,300,2400,16965,7.34,57.33,20.93,195.7,0,33.9,1544.7,1
62.3,63.71,0.78,21.62,220,4840,30251,11.48,65.91,38.85,2.46,0,64.1,2538.2,0
17.44,37.56,8.19,5.52,90,900,7189,12.84,51.19,17.88,100.05,0,84.5,934.6,1
42.09,77.87,1.17,6.82,124,1736,13134,7.74,62.52,30.22,15.24,0,57.5,2386.5,0
14.04,59.69,5.06,4.14,266,2128,13921,10.1,49.54,21.37,36.72,0,78.9,1785.3,0
23.85,52.89,9.66,15.17,241,5302,27704,15.53,53.83,18.83,87.86,0,36.4,1130.9,1
15.7,40.46,3.54,13.63,162,2268,12174,6.1,50.76,14.94,132.15,0,21.5,1445.4,0
22.78,37.9,1.24,14.35,176,2288,14890,10.71,48.35,20.05,1.57,0,94.7,1530.5,1
37.88,72.3,8.49,9.34,202,4646,26149,7.26,64.08,23.63,189.85,0,68.2,2077.5,0
26.68,53.86,8.93,18.07,239,5019,27092,12.46,56.13,19.23,171.54,0,34.8,1122.8,0
27.07,53.7,37.09,10.23,159,1749,13010,8.04,51.15,22.47,26.67,0,77.3,1643.8,1
14.05,56.89,2.05,21.64,230,3910,20515,3.83,48.03,20.88,87.04,0,89.4,1327.4,1
55.73,25.71,14.32,6.31,327,4251,27705,10.51,65.86,31.47,15.07,0,41.6,2503.8,0
54.58,54.67,5.78,20.53,264,2904,20749,13.52,65.76,35.58,93.24,0,51.0,2435.2,0
36.54,54.9,1.98,15.8,64,768,8901,6.12,58.5,22.54,10.0,0,26.1,2046.0,0
67.09,77.43,7.49,18.1,193,1930,19210,15.98,71.36,36.38,86.36,0,78.0,1977.2,0
39.52,67.41,8.38,10.03,64,1088,9959,6.56,59.26,22.14,29.55,0,78.0,1574.4,0
3.08,36.79,6.78,34.9,98,1568,8660,5.31,38.91,17.67,96.41,0,63.8,1135.7,0
9.33,49.1,21.77,7.93,298,2384,15569,5.14,43.15,18.49,140.82,0,50.7,1342.2,0
17.71,70.69,27.41,47.88,305,4270,24186,11.36,51.31,21.72,7.36,0,75.3,1433.0,1
37.93,35.46,2.42,15.93,75,900,9598,8.57,61.5,25.11,5.28,0,99.8,1790.6,1
6.87,80.44,2.76,24.23,254,4064,20490,6.49,44.7,17.44,13.58,0,52.3,1132.8,0
28.27,54.39,8.2,29.16,219,4380,25287,12.65,58.57,26.03,43.02,0,75.5,2049.7,0
41.37,63.04,5.79,19.44,340,3060,21943,7.26,62.82,30.9,143.17,0,85.3,2375.4,0
19.29,48.37,25.69,37.55,142,1846,12176,7.15,49.81,22.88,56.95,0,95.3,1917.7,0
29.72,48.17,86.22,21.51,94,1974,12593,7.54,56.31,24.87,10.0,0,65.0,1750.8,0
34.28,41.17,3.0,18.92,174,3306,20498,9.69,58.18,24.9,3.17,0,72.9,2287.0,0
36.27,78.05,21.57,16.16,233,5359,29128,14.77,59.34,26.79,12.31,0,38.2,2165.6,0
21.91,63.88,14.02,15.34,86,860,8120,8.93,49.19,20.63,24.8,0,27.2,1657.7,1
44.51,40.5,15.51,23.85,72,792,9980,12.3,56.77,28.63,77.63,0,92.9,2229.4,1
19.58,65.58,4.61,7.37,176,3872,21744,5.62,46.8,21.66,143.89,0,80.7,1714.3,0
28.16,69.11,1.53,11.13,90,990,7806,8.3,56.67,26.53,82.2,0,90.6,1932.9,0
25.68,71.22,11.75,16.54,275,4950,27147,7.17,54.64,21.71,0.24,0,30.3,1622.7,1
23.16,59.22,14.26,7.88,249,2241,15794,14.32,53.76,21.84,101.47,0,55.3,1670.3,0
30.7,57.56,49.47,21.74,306,6120,32149,9.42,52.13,25.16,96.74,0,75.2,1615.1,0
50.86,41.03,16.87,10.73,209,1672,16617,14.71,65.33,27.76,1.45,0,98.4,1736.2,0
6.03,74.97,8.8,5.66,232,2320,12786,6.47,45.28,18.98,60.12,0,48.5,1103.3,1
23.79,65.0,76.74,8.47,202,4444,23321,14.92,50.68,20.36,342.51,0,89.7,800.0,1
9.69,69.83,7.01,21.69,121,2541,13440,11.76,44.25,21.4,168.41,0,96.0,1194.6,0
6.03,26.76,2.66,6.52,165,3135,14601,6.69,42.17,14.42,22.07,0,52.8,1088.2,0
15.83,69.35,14.43,6.84,265,4770,24715,5.06,50.76,20.99,30.63,0,85.3,1325.4,1
54.57,55.38,4.64,16.63,183,3111,22290,16.5,65.99,32.24,29.17,0,27.3,2446.9,0
32.1,67.41,38.31,5.53,74,1110,8946,10.49,59.13,25.2,95.42,0,76.6,1926.7,0
20.67,37.03,8.38,17.12,344,3440,21855,10.03,49.52,19.38,10.4,0,57.2,1408.3,1
16.88,82.2,2.43,3.54,85,680,6380,3.52,52.62,19.75,6.28,0,24.2,950.6,0
34.48,45.22,2.29,16.2,337,3707,23413,7.25,58.2,25.67,33.99,0,83.1,2275.9,0
25.94,72.28,15.73,11.52,191,3056,17508,6.06,54.29,21.03,5.92,0,71.4,1471.7,1
21.75,51.93,6.83,32.48,348,4524,25870,8.71,45.21,20.12,227.55,0,56.1,1681.5,0
8.46,82.75,6.78,3.78,244,3904,20296,12.41,48.05,17.4,18.8,0,39.6,1450.0,0
13.7,59.47,14.21,8.27,128,1024,7885,9.28,47.75,20.21,3.48,0,67.0,1371.8,1
50.89,83.27,3.76,16.62,87,2001,14876,6.27,63.14,29.02,19.63,0,34.0,2111.0,1
30.31,53.95,2.36,11.84,186,1488,12581,10.55,54.96,18.28,69.57,0,28.1,1465.8,0
13.46,38.31,16.06,9.03,94,1222,8407,7.56,48.18,17.59,134.08,0,66.5,1335.3,0
33.16,59.44,0.1,4.22,233,4194,24146,9.4,53.98,19.17,12.25,0,35.8,1586.3,1
43.71,53.0,35.69,15.68,339,3390,25047,17.62,58.57,28.44,45.28,0,83.4,2057.5,1
17.07,45.94,3.03,47.4,153,2295,13150,16.88,49.56,16.98,14.66,0,26.8,1491.3,1
23.3,73.65,8.91,7.83,235,2585,16745,9.63,58.6,21.08,121.22,0,34.0,1712.9,0
24.8,34.7,3.56,12.75,326,6846,35159,4.16,48.38,22.46,25.58,0,80.2,2059.0,0
12.67,83.67,3.69,15.04,209,4598,22603,5.04,53.13,22.33,51.89,0,88.8,964.2,0
30.78,52.22,27.03,9.58,274,5480,30847,8.0,53.62,22.06,49.35,0,41.6,1553.7,1
13.4,34.57,13.19,11.87,180,3600,18646,9.27,42.52,18.65,7.44,0,28.5,1718.5,0
6.58,60.85,5.6,6.54,167,2672,13692,5.73,46.35,16.94,4.7,0,44.3,1203.0,1
13.08,57.74,4.34,5.3,261,3393,18525,19.59,48.14,17.86,59.95,0,29.9,1176.5,1
29.67,52.69,3.59,30.02,230,2070,15828,6.8,57.14,21.75,96.76,0,30.5,1545.7,1
13.51,45.55,12.13,11.32,272,2176,15065,6.44,49.65,20.11,59.36,0,75.4,1138.1,1
23.94,74.71,19.68,16.93,222,3774,21853,6.28,57.63,22.46,4.38,0,76.8,938.2,1
26.47,63.09,4.39,15.85,144,1296,10400,5.78,50.02,22.87,4.11,0,92.1,2046.5,0
8.77,47.71,6.06,6.87,271,5691,27854,6.88,43.74,19.68,126.45,0,78.1,1294.2,0
69.01,60.97,19.11,5.57,230,1840,19219,9.37,70.13,48.53,166.45,0,33.6,3077.0,0
20.33,43.3,20.05,8.41,349,7329,36336,14.64,49.17,21.0,74.58,0,81.3,1583.7,1
42.08,69.68,3.49,13.92,318,6042,33515,8.95,60.73,24.82,10.89,0,67.8,1705.9,1
23.83,86.45,7.22,7.42,232,3480,21284,14.11,54.9,24.29,21.15,0,67.8,1582.3,0
41.59,71.61,30.6,9.2,163,1467,13863,15.04,62.7,26.84,125.59,0,56.1,2192.2,0
37.68,45.09,20.22,3.65,224,3584,21929,12.87,56.28,24.27,22.8,0,30.8,2128.5,0
26.46,40.57,2.66,11.9,171,3762,20367,10.35,51.56,22.07,81.05,0,92.5,1757.7,0
6.89,56.48,7.32,12.75,76,1216,7209,11.68,44.79,14.76,59.89,0,20.4,977.9,1
54.86,30.86,54.34,12.15,67,1072,12878,13.66,66.96,33.04,48.17,0,55.1,2477.5,0
12.98,68.72,11.18,6.65,100,1700,9814,7.33,45.92,19.86,5.84,0,37.3,1455.4,0
8.93,64.99,19.06,6.74,81,1458,8122,9.78,44.71,17.52,39.3,0,36.1,1099.1,1
39.39,52.7,1.45,6.33,155,2015,15842,11.51,58.23,27.29,78.57,0,63.3,2315.1,0
30.09,50.65,26.8,9.44,342,5130,29073,9.32,53.41,21.58,52.06,0,28.9,1849.7,0
24.1,53.34,13.92,7.95,117,1989,12716,5.98,53.85,18.91,14.14,0,23.6,1871.1,0
16.93,78.43,2.9,28.41,193,1930,12711,9.86,50.2,22.14,21.56,0,66.9,2018.6,0
50.27,48.92,7.18,35.98,218,3924,24343,14.23,61.91,33.19,59.29,0,69.2,2328.4,0
10.45,37.06,1.3,20.97,118,2242,12282,6.32,47.29,16.5,140.05,0,28.0,1374.8,0
27.53,43.27,22.51,12.92,319,6380,32912,14.19,55.75,19.15,42.52,0,32.9,1845.2,0
8.97,69.84,20.49,10.07,162,2592,13711,17.05,50.49,17.98,72.1,0,30.3,1284.4,1
38.16,40.59,10.11,7.35,281,4496,25544,13.2,59.67,28.85,31.46,0,89.4,2198.5,0
66.44,72.98,9.02,12.68,230,4830,30668,11.42,73.15,50.17,28.74,0,88.1,3011.8,0
34.62,51.98,9.34,11.05,309,5253,30430,19.15,55.06,22.23,98.62,0,43.8,1776.1,1
13.81,28.1,0.57,6.55,122,2684,14342,21.41,41.31,16.33,61.33,0,64.0,1067.8,1
41.85,66.23,6.89,7.58,308,6776,36072,5.49,58.96,30.69,145.14,0,78.2,2482.8,0
18.39,50.93,2.06,3.79,154,1848,12584,8.71,47.18,20.02,7.14,0,97.2,1368.8,1
16.1,60.57,3.06,6.62,109,2289,12164,5.54,46.06,16.42,107.71,0,27.9,800.0,1
23.6,45.65,49.1,15.47,159,3498,18897,8.32,53.7,23.38,6.77,0,81.8,1651.6,0
6.52,73.46,4.55,22.64,294,5586,28223,3.06,45.31,17.86,21.38,0,35.1,980.3,1
56.37,61.68,9.91,16.72,76,1216,12802,12.54,64.83,34.66,117.41,0,98.0,2285.8,1
26.43,87.5,32.81,9.01,174,2958,18186,5.1,57.75,20.48,29.73,0,75.7,1630.7,1
27.69,65.66,8.0,4.49,282,4230,24483,6.57,51.75,24.01,42.86,0,75.2,2173.1,0
51.65,51.51,11.28,5.94,335,6365,37208,8.34,64.94,32.21,78.03,0,37.7,2518.7,0
52.54,42.03,2.77,15.88,73,1460,13254,14.03,63.58,31.44,110.8,0,54.3,2596.1,0
17.95,33.74,5.03,15.55,330,4620,25532,3.72,47.44,15.88,113.71,0,25.6,1509.7,1
28.45,53.07,10.58,8.25,312,5304,30165,17.75,55.58,17.07,44.35,0,20.4,1499.7,1
14.31,53.65,6.81,9.55,154,1694,11124,13.94,49.8,19.25,73.72,0,40.7,1403.6,0
46.15,78.86,0.59,38.69,288,3456,23346,14.42,60.9,26.15,48.09,0,91.0,1523.7,0
55.16,48.83,7.68,4.23,265,2120,18661,15.63,65.63,36.62,22.62,0,50.9,2573.8,0
5.81,70.22,25.32,12.26,81,972,6650,15.62,42.39,16.75,89.33,0,50.6,1275.6,0
57.01,53.4,1.85,5.88,281,2529,20836,16.53,66.42,30.03,195.3,0,29.2,1939.7,1
11.29,83.38,0.28,6.1,299,2392,15605,9.57,44.66,19.95,96.7,0,34.7,1063.8,0
19.46,31.51,1.9,15.65,259,4662,25270,9.52,47.63,17.87,35.73,0,78.0,1492.4,0
8.58,75.28,17.42,33.72,90,810,5143,14.44,46.82,19.6,79.58,0,57.6,1484.6,0
33.32,47.51,23.75,17.65,331,5958,32446,11.68,55.88,17.36,112.72,0,25.7,1079.8,0
11.69,68.37,0.75,31.12,113,1695,9956,8.38,48.23,20.54,380.38,0,59.3,1377.0,0
21.68,78.58,32.78,3.82,80,1600,10027,10.52,57.62,22.57,22.08,0,92.2,1219.0,1
21.18,49.73,14.81,16.36,97,1261,9791,7.95,55.82,17.91,89.84,0,53.4,1106.9,1
4.39,38.56,10.95,20.98,201,2613,14136,5.27,40.63,15.25,42.9,0,32.9,989.0,1
33.86,37.1,4.39,10.52,178,3382,19331,7.37,56.76,21.63,127.22,0,37.1,1973.3,1
3.02,42.19,6.97,20.05,217,4774,22878,14.78,45.61,20.59,69.85,0,74.3,1460.8,0
19.9,18.56,44.05,57.25,322,5152,27927,11.4,46.68,18.9,13.71,0,54.8,1325.0,0
40.57,51.59,36.38,13.33,319,2871,21723,10.26,57.66,28.88,173.7,0,62.9,2261.4,0
43.1,64.75,14.73,9.63,142,1136,11304,14.94,61.63,27.07,54.83,0,81.8,2194.8,0
20.16,58.69,12.97,24.09,340,4080,24897,7.19,50.54,22.3,170.89,0,69.6,1964.6,0
10.86,49.33,3.55,23.69,345,7245,35206,14.7,45.58,18.81,250.02,0,59.7,1382.1,0
31.17,41.7,45.95,10.36,230,4600,26071,4.02,57.98,25.75,39.71,0,89.0,1877.6,0
34.37,46.44,21.12,8.74,74,1702,12309,8.05,51.44,27.85,18.1,0,94.8,1364.1,0
38.71,59.26,7.23,23.67,344,7224,39448,6.76,58.54,28.16,84.55,0,65.1,2305.1,0
25.14,67.38,25.38,9.38,220,4840,25251,11.37,50.29,20.3,18.43,0,90.7,901.7,1
42.1,32.57,3.57,11.79,82,902,9939,10.11,56.75,18.5,60.97,0,27.9,1502.9,1
21.09,57.36,3.6,14.63,251,2761,17351,6.46,53.6,17.85,152.46,0,42.6,1775.2,0
20.8,58.98,23.48,10.9,160,3520,18796,2.89,47.89,20.53,11.28,0,65.6,1759.1,0
20.77,40.85,12.29,12.33,178,2670,14956,10.7,50.07,21.72,53.01,0,85.9,1685.0,0
31.17,63.2,12.17,7.42,186,1674,13822,5.42,52.31,22.34,21.88,0,23.1,2004.2,0
24.24,69.0,12.79,17.08,348,7308,37410,3.54,50.05,22.96,51.54,0,89.7,1542.0,0
52.17,46.45,2.02,9.55,207,1656,16768,8.5,65.48,20.38,4.41,0,36.6,1469.8,1
49.69,42.0,6.45,30.56,122,1098,11156,12.25,63.17,30.86,3.98,0,92.5,2321.6,0
28.4,87.33,12.77,13.08,191,3438,19880,14.82,60.55,24.56,41.26,0,54.0,2104.4,0
5.69,67.01,4.27,22.59,202,4040,19701,6.75,45.23,15.05,76.03,0,44.2,1007.8,1
55.88,57.7,10.52,17.77,289,6647,37358,12.2,64.12,35.75,183.82,0,74.5,2520.6,0
37.76,44.89,12.21,23.87,330,7260,38455,6.38,55.27,26.31,110.14,0,80.1,2056.4,0
7.76,43.41,42.92,9.31,313,5634,28269,14.39,45.24,18.18,6.19,0,32.3,1072.3,1
40.78,63.6,4.23,5.99,76,1368,11283,12.67,60.82,29.7,20.99,0,72.9,2252.0,0
5.94,42.66,8.68,7.11,327,5232,26634,7.44,40.1,16.81,116.88,0,73.1,1376.1,0
7.37,42.01,59.86,6.8,70,1260,6695,6.61,43.03,15.87,44.83,0,28.7,1333.7,0
22.56,52.98,3.1,7.46,281,3934,23311,9.95,48.3,18.87,55.81,0,32.3,1741.5,0
80.01,64.57,22.71,6.02,213,3834,28260,12.05,77.29,61.54,94.27,1,29.3,3312.0,0
13.56,81.46,2.92,11.36,180,1980,12449,8.86,48.67,19.48,170.44,0,41.2,1407.2,0
54.95,58.61,28.46,19.07,124,2108,16218,8.65,71.16,42.28,16.91,0,86.9,2805.3,0
41.52,42.68,10.04,5.61,122,2684,17856,18.12,59.35,29.48,196.31,0,81.9,2101.6,0
13.56,50.98,53.72,8.14,85,1615,9794,6.23,46.64,20.31,14.69,0,51.1,1346.2,1
31.58,74.56,2.8,22.51,254,4064,24353,15.69,55.23,20.96,25.08,0,82.2,1144.3,0
57.01,73.05,17.47,4.81,304,5168,31306,9.46,66.97,23.12,22.66,0,25.2,1426.0,0
36.24,73.71,17.83,12.18,118,2596,16897,6.08,57.36,24.61,2.64,0,93.4,1372.7,0
8.59,70.21,19.03,17.35,181,3077,16340,15.16,45.4,18.31,54.35,0,53.7,1418.3,0
5.47,83.71,1.6,42.59,179,3580,17651,5.21,47.78,22.78,5.43,0,95.9,1193.8,0
43.4,58.11,5.11,2.96,198,2574,18521,15.13,62.09,24.22,0.85,0,28.2,1968.4,1
16.12,66.28,6.19,5.53,343,7889,38648,7.55,48.66,19.08,54.71,0,68.1,1781.8,0
24.28,42.9,5.88,14.52,281,4215,23741,8.29,49.73,21.18,8.88,0,86.0,1832.8,0
18.23,58.49,16.86,9.74,156,1872,11425,9.55,51.69,18.3,66.03,0,91.2,1192.1,0
20.8,59.09,0.85,2.35,86,1548,9447,13.24,54.05,18.5,13.0,0,39.8,1729.7,0
20.32,66.83,19.64,9.33,152,2584,14936,6.85,51.7,20.12,8.64,0,30.3,1181.3,0
14.03,45.62,11.22,7.07,154,1386,9584,7.4,51.0,19.66,146.5,0,77.3,1167.5,1
37.04,31.52,2.85,4.53,234,4680,27749,14.23,55.77,19.34,123.46,0,30.7,1346.9,1
41.56,46.29,3.85,9.7,192,3456,22021,11.24,55.01,24.75,5.91,0,39.1,2029.8,0
14.91,70.93,1.54,5.5,285,5700,28870,8.96,48.78,21.7,32.73,0,99.7,1568.6,0
15.91,51.82,9.22,7.25,96,1632,9748,6.7,47.62,19.48,9.24,0,68.5,1668.2,0
48.16,62.04,13.56,26.56,80,1280,11964,8.67,65.39,26.5,59.11,0,91.6,1566.2,0
13.98,46.02,13.05,37.29,177,2124,12998,11.19,45.38,19.13,3.15,0,72.4,1672.1,0
35.63,70.61,49.2,7.09,294,6468,34238,11.78,62.13,24.94,82.99,0,65.0,2045.9,0
51.84,53.41,5.26,13.06,128,1408,13875,8.28,61.9,26.81,57.83,0,69.0,1557.1,0
10.72,53.2,21.54,17.71,156,3276,15900,1.94,43.28,20.49,163.72,0,97.6,1305.8,0
16.33,74.91,19.26,7.33,61,1220,7818,7.6,55.65,22.34,5.24,0,97.7,1456.0,0
17.48,78.65,0.95,6.81,187,4114,20858,3.67,48.47,23.22,149.83,0,97.2,1718.9,0
21.95,75.21,39.89,17.84,238,3570,19757,10.04,53.08,20.47,0.85,0,38.8,1619.0,1
28.72,50.08,40.17,10.62,156,1404,11654,15.1,58.18,22.12,42.82,0,25.0,1553.4,1
17.68,46.08,7.57,10.7,347,4858,26574,4.74,50.39,19.22,120.94,0,75.9,1812.2,0
33.52,41.32,8.11,6.04,293,2930,20021,9.42,56.13,20.49,15.83,0,58.8,2070.0,0
37.78,32.67,25.69,6.59,96,2112,13847,8.43,55.88,31.34,78.35,0,91.9,2342.9,0
77.63,41.01,10.25,12.65,76,988,14433,17.73,79.18,33.21,58.47,0,63.3,1697.8,0
48.53,42.27,24.08,9.38,95,855,10814,13.7,64.71,29.59,84.17,0,52.3,2414.0,0
35.98,36.07,0.55,12.87,214,2140,16780,12.02,60.21,23.86,33.09,0,45.3,1976.4,0
25.57,32.24,4.32,21.42,107,1819,12347,4.08,51.93,17.98,3.04,0,29.4,2015.7,0
22.16,35.45,1.43,13.32,226,4294,23330,5.82,55.38,14.04,72.72,0,38.2,994.0,1
46.11,54.23,9.08,8.25,173,3287,21397,8.99,62.64,29.86,25.19,0,58.2,2396.5,0
20.63,61.61,28.88,20.98,148,2664,15875,14.93,49.74,19.42,27.22,0,39.3,1712.3,0
21.0,60.28,12.65,11.94,246,4674,24695,6.46,51.28,20.77,13.58,0,93.4,879.5,0
14.05,47.18,11.02,26.75,235,3290,18159,9.01,48.12,19.0,2.65,0,93.1,911.9,0
22.1,49.77,6.84,7.95,200,1600,11394,21.73,53.8,19.75,28.02,0,64.3,1783.8,0
11.97,60.51,0.99,11.37,231,4851,23719,5.08,44.51,14.97,103.5,0,33.7,1103.6,0
26.29,57.89,21.81,9.93,78,1092,9077,12.37,56.59,18.16,113.19,0,45.9,1013.3,1
21.13,63.43,12.69,12.97,119,1666,11079,4.0,49.34,22.99,90.95,0,82.6,1987.8,0
27.91,40.56,40.1,14.0,218,3488,19464,12.15,56.01,24.11,6.06,0,74.2,2038.7,0
25.76,81.01,8.48,12.13,93,2139,13436,13.22,56.13,23.81,16.37,0,79.9,1836.2,0
38.06,64.47,7.7,19.76,228,4332,24924,6.01,58.51,24.36,6.05,0,41.6,1809.5,1
27.41,66.14,54.95,15.57,331,3972,24320,5.49,51.98,18.45,64.39,0,20.6,1439.8,0
33.63,39.09,2.28,52.8,275,5225,29156,10.26,52.4,22.05,32.7,0,21.1,2000.5,0
33.77,38.74,4.36,58.13,131,2358,15846,7.55,54.28,20.18,49.29,0,73.8,1113.2,1
30.78,44.54,10.05,7.99,288,4320,24662,4.22,57.67,22.16,19.05,0,64.0,1428.3,0
32.35,66.05,11.12,8.88,346,6574,34838,7.42,58.23,22.23,55.68,0,52.8,1712.5,1
22.46,37.64,11.93,5.63,229,4351,24319,13.5,51.23,20.31,149.31,0,81.6,1059.0,0
54.67,61.7,3.58,32.07,338,3380,25998,11.15,63.45,38.02,142.49,0,91.4,2694.3,0
31.43,76.88,39.23,9.35,225,1800,14676,16.34,59.48,24.45,6.68,0,90.3,1538.8,0
6.48,44.39,18.24,14.17,305,6100,29163,6.85,41.19,18.85,47.64,0,79.9,1047.2,0
13.05,40.95,4.48,5.9,309,2781,17086,3.71,45.12,20.18,70.09,0,99.9,1345.3,1
31.22,44.03,5.23,13.1,156,1872,13321,13.12,52.47,20.17,50.29,0,21.2,1693.0,0
23.33,52.54,31.85,4.22,318,5406,28830,5.99,55.5,19.3,152.53,0,39.0,1289.5,1
27.33,69.25,7.18,24.94,60,1140,8520,11.8,53.57,19.68,78.84,0,83.3,828.6,1
5.55,70.17,12.19,36.6,278,4448,22816,7.1,48.94,18.39,15.62,0,46.8,1212.8,1
33.6,66.98,1.92,18.52,86,1978,14199,9.23,58.22,23.87,9.03,0,91.3,1576.3,1
7.56,25.84,4.35,6.89,114,1254,7216,3.4,45.44,17.65,90.44,0,75.5,1109.3,0
52.03,52.19,8.08,16.99,262,6026,34298,8.15,60.1,27.63,31.56,0,21.8,1987.3,1
17.3,41.77,16.01,13.71,202,2828,17020,4.31,46.96,19.35,24.67,0,57.2,1453.2,0
30.42,61.06,4.93,28.05,153,3213,18856,8.84,55.36,20.79,269.22,0,29.3,1312.4,0
13.64,68.5,45.17,20.24,269,4573,24971,6.02,53.76,21.2,39.4,0,91.3,1494.3,0
2.97,47.51,3.73,6.4,103,2266,11346,3.34,38.92,17.17,214.79,0,36.0,1030.1,1
12.52,83.82,22.64,24.47,273,6279,31056,6.49,53.73,17.56,11.94,0,29.7,1560.2,0
22.0,41.41,6.8,11.61,256,3584,21172,3.92,53.38,21.55,53.68,0,76.7,2021.5,0
5.54,62.98,26.88,26.83,209,1672,10913,2.44,50.08,18.53,34.92,0,44.3,1149.8,0
66.16,87.17,38.48,4.76,226,2034,19734,14.13,76.21,46.4,72.34,0,70.6,2809.0,0
25.97,68.77,3.11,16.71,109,1635,11566,9.05,55.79,24.07,198.58,0,80.1,1848.1,0
15.73,63.92,10.14,10.21,312,3432,20244,5.24,51.21,21.7,3.96,0,68.1,1753.2,0
43.6,52.44,2.52,12.9,272,4080,26189,11.15,60.92,26.34,215.96,0,66.3,1937.9,1
21.86,64.17,18.35,8.11,173,2595,15914,9.97,49.19,21.26,0.77,0,31.1,2029.0,0
36.97,46.72,26.78,16.45,199,2786,18458,6.65,55.85,21.49,12.29,0,22.7,1652.5,1
11.17,71.92,7.4,6.95,274,2466,15839,9.06,50.62,21.0,213.99,0,86.2,1575.8,0
44.71,44.14,7.58,4.76,264,3432,22930,12.45,62.51,31.05,38.75,0,52.7,2269.2,0
13.29,51.27,3.42,7.77,126,1008,6699,3.16,48.06,18.83,77.58,0,38.0,1452.3,0
25.39,42.41,5.49,7.82,153,3213,18375,5.55,46.78,24.07,35.21,0,92.2,1824.1,0
25.05,49.85,5.87,10.09,100,1200,9452,11.45,52.21,21.92,56.42,0,93.0,1842.0,0
49.53,48.13,2.54,18.68,254,2794,20631,12.48,65.29,25.93,54.15,0,93.8,1694.3,0
29.12,24.75,5.56,6.96,248,4216,24278,12.16,55.24,18.67,22.38,0,39.8,1469.3,1
30.9,55.5,35.67,19.57,304,2736,18492,4.31,56.44,24.25,113.73,0,74.9,1908.3,0
41.54,47.74,5.9,17.25,236,4956,29156,8.92,57.68,25.08,77.74,0,62.4,1909.7,0
11.85,35.36,4.81,22.31,236,2832,15781,3.38,42.82,18.31,55.91,0,64.9,1557.6,0
21.1,44.73,7.28,9.77,102,816,8028,5.17,50.36,19.41,108.8,0,55.2,1750.9,0
43.57,60.42,48.39,31.05,291,6111,34830,8.27,61.12,22.45,95.26,0,34.2,1457.0,0
34.48,28.39,21.7,10.19,204,2040,16339,5.14,55.67,20.16,145.59,0,51.1,1208.9,0
22.38,52.59,3.38,20.87,117,2106,12945,15.87,50.14,18.01,40.86,0,25.8,1351.1,0
39.23,72.18,20.95,33.25,260,4680,26866,6.06,60.1,30.05,56.31,0,81.6,2087.9,0
17.34,48.51,21.8,25.11,79,1817,10874,8.42,49.99,19.08,5.68,0,58.6,1479.7,0
17.52,76.94,44.98,11.37,113,1582,10040,8.08,52.41,18.09,141.43,0,32.8,1457.5,1
14.98,71.14,33.26,6.26,183,2013,12611,4.37,48.92,21.78,34.01,0,65.4,1639.4,0
32.77,60.46,1.5,6.86,117,1638,12965,4.46,54.19,21.99,12.45,0,25.1,2245.9,0
16.71,54.64,9.09,6.73,319,7337,36179,3.67,55.8,17.37,39.74,0,29.0,1832.2,0
50.72,55.1,18.21,8.07,150,3150,20850,10.5,62.59,36.3,1.4,0,70.6,2566.5,0
76.47,62.35,54.39,11.93,131,3013,22978,13.64,78.96,58.06,78.74,0,31.3,3301.9,0
14.33,84.98,1.34,17.92,196,3528,18807,11.41,49.54,19.95,86.01,0,41.9,1399.1,1
22.61,62.51,6.89,19.45,272,3808,21771,11.78,52.15,23.19,182.97,0,72.5,1874.9,0
38.28,77.33,10.17,21.69,215,2795,18889,14.16,60.65,28.12,132.99,0,59.7,2018.9,0
32.76,37.61,8.0,20.92,214,3852,22812,6.25,55.42,21.53,4.35,0,34.2,1966.8,0
20.14,46.9,9.13,11.32,258,5160,26315,6.84,47.51,17.68,90.12,0,40.6,1424.7,0
32.72,55.25,6.91,18.0,237,2370,16674,15.29,60.82,23.71,6.89,0,93.7,1691.4,1
36.99,75.15,52.91,10.39,232,5104,28356,11.59,59.95,26.88,6.57,0,76.8,2153.3,0
38.34,28.13,24.39,14.62,329,5593,32773,13.02,54.74,22.03,0.41,0,43.5,1799.0,1
53.58,98.0,20.01,10.63,88,1320,13252,10.92,71.81,35.29,9.73,0,22.9,2576.6,0
39.81,55.0,7.93,12.02,169,3380,21244,10.95,62.47,27.72,5.56,0,88.1,2361.4,0
21.98,72.67,32.0,9.9,216,3672,20590,6.7,51.87,24.61,105.69,0,87.4,1539.0,0
14.6,54.76,1.47,4.19,116,1276,8791,2.25,49.26,18.54,8.1,0,41.4,1610.1,0
21.99,42.76,2.32,10.36,305,6100,31628,6.46,48.71,19.03,85.13,0,61.1,1370.0,0
31.32,80.7,46.21,17.49,272,2448,17666,9.35,57.83,20.99,28.71,0,38.4,1362.4,0
7.28,52.1,12.55,21.53,247,2223,12722,7.77,44.2,17.9,25.15,0,54.1,1299.1,1
24.88,44.13,2.61,16.35,172,1376,10874,8.77,49.6,21.35,19.53,0,26.0,1807.1,0
61.41,60.77,44.68,6.86,110,880,12745,12.32,66.57,37.69,206.17,0,25.4,2604.2,0
78.83,63.94,55.24,9.02,69,552,13254,12.48,80.85,34.5,31.32,0,34.9,1737.7,1
30.89,60.02,31.99,4.65,150,2400,15843,7.07,57.49,19.56,49.33,0,24.8,1173.9,0
7.51,61.24,4.09,18.31,110,1100,6467,5.12,47.71,20.49,51.36,0,92.8,1104.2,0
35.36,60.71,4.9,7.13,302,4228,25918,9.64,60.35,25.29,51.41,0,63.3,2030.8,0
6.74,73.5,7.84,15.23,235,4465,22405,5.49,40.55,18.5,51.94,0,79.3,1107.6,0
20.03,55.85,12.99,15.95,116,2088,12761,5.59,45.47,17.06,134.52,0,42.7,1362.1,1
31.78,45.28,72.77,7.15,295,5605,30751,10.91,49.38,21.5,69.35,0,30.5,1490.2,1
37.38,65.84,46.9,14.34,287,3444,21637,9.37,59.05,30.78,115.92,0,78.6,2313.3,0
53.68,18.03,38.1,36.1,274,5206,30652,8.45,63.93,31.89,88.94,0,26.5,2471.7,0
7.07,64.03,1.4,9.87,71,1278,6608,9.25,48.79,17.78,30.87,0,58.6,800.0,0
26.25,77.61,21.23,23.35,349,4886,27432,7.91,56.07,24.14,88.19,0,87.7,1721.9,0
18.23,66.43,31.41,14.29,241,5302,27256,2.68,54.2,20.39,37.56,0,85.2,1682.3,0
38.77,31.17,6.08,14.64,336,4704,27482,8.06,52.85,27.49,126.09,0,93.3,2142.5,0
10.92,76.64,3.72,11.53,322,6440,32688,8.09,48.46,22.1,16.54,0,88.0,1420.1,0
8.81,46.72,20.7,21.32,335,4355,24422,13.94,41.14,13.92,17.44,0,37.3,1538.7,0
27.95,57.99,1.43,11.09,70,1400,10201,11.02,54.07,21.73,16.86,0,71.1,1383.3,1
4.32,74.36,42.42,17.47,321,6741,32269,5.67,49.76,20.0,108.69,0,94.4,1078.0,0
45.6,45.73,2.55,21.34,301,3612,23897,17.13,57.98,25.16,40.09,0,40.3,2133.3,0
35.55,57.08,9.17,22.4,194,3104,19244,12.11,50.12,22.68,113.22,0,49.1,1709.7,1
25.4,35.44,60.94,17.09,104,1456,10601,4.64,54.0,21.63,133.19,0,88.7,1904.1,0
18.89,52.21,66.62,19.21,89,1602,10106,11.32,50.05,18.74,224.88,0,52.6,1372.8,0
26.84,37.5,22.44,12.4,87,696,7901,7.01,54.67,18.75,56.65,0,62.3,1456.5,1
25.93,62.25,27.41,9.44,286,6292,32349,10.89,50.97,23.29,22.18,0,90.5,1659.2,0
52.46,33.25,51.25,14.85,115,2415,17415,7.68,62.45,36.09,37.44,0,68.8,2662.7,0
52.99,53.65,39.35,14.93,188,2820,21172,13.46,66.35,38.96,338.92,0,81.9,2642.9,0
51.74,46.49,14.6,14.89,87,783,10306,6.09,64.74,31.05,174.95,0,67.7,2411.6,0
55.46,44.26,19.9,23.78,242,5324,31410,9.02,71.07,31.63,22.52,0,93.9,2206.4,1
34.77,71.51,13.51,12.43,157,3454,20795,11.94,58.81,23.39,52.84,0,57.8,1681.4,1
17.14,38.89,10.59,5.41,147,2940,16649,11.23,44.34,20.09,79.94,0,74.2,1561.0,0
47.86,46.86,31.91,3.59,346,6920,38481,14.49,60.45,31.91,218.42,0,58.3,2404.1,0
54.71,57.88,20.09,13.64,88,1056,11303,10.96,64.89,22.4,94.31,0,35.0,1496.1,1
43.54,64.64,29.47,22.57,343,7546,41787,13.62,62.11,30.55,44.64,0,80.2,2328.4,0
44.23,27.91,1.51,10.74,251,2510,18663,8.42,56.29,28.99,87.06,0,64.3,2384.4,0
19.84,52.32,12.89,37.61,213,2556,16000,5.1,51.13,19.69,64.28,0,21.5,1686.8,0
45.01,66.35,6.0,13.45,295,5310,31427,11.37,62.87,28.98,92.35,0,37.6,2400.4,0
14.01,79.96,10.8,51.57,70,1610,9046,7.23,50.56,20.7,353.7,0,80.6,1614.6,0
51.24,55.48,14.24,11.57,203,3451,22593,8.01,65.95,22.81,4.6,0,23.3,1209.3,1
21.23,33.99,28.04,31.48,344,5848,30558,19.72,49.38,15.93,285.69,0,36.5,800.0,1
8.46,54.81,0.49,9.54,344,5160,27229,5.64,45.48,17.26,125.5,0,36.1,1051.5,1
58.83,47.78,2.69,23.19,155,2635,19064,21.71,68.48,37.65,92.05,0,40.8,2480.6,0
44.7,60.1,38.16,17.45,326,7498,40287,9.22,59.39,30.19,38.17,0,60.0,2111.8,0
36.76,82.61,51.29,15.11,232,1856,15270,7.01,60.15,26.14,20.81,0,94.0,1656.2,1
33.47,37.41,0.86,15.07,259,3885,23639,6.27,54.47,21.1,271.58,0,80.4,1761.0,1
20.81,71.45,6.05,28.72,236,4720,24807,7.92,53.81,19.15,121.51,0,53.3,1249.1,1
41.11,68.55,0.15,11.08,180,1620,14514,7.77,68.08,28.99,246.66,0,56.4,2303.7,0
14.19,64.82,21.25,13.15,263,2893,17212,8.68,50.65,21.4,69.83,0,28.6,1286.0,1
10.19,58.93,17.18,63.41,219,2847,15827,10.7,44.59,20.46,45.04,0,71.5,1602.7,0
50.76,86.12,12.48,17.06,246,3690,23772,12.4,70.92,34.2,290.15,0,83.6,2403.6,0
43.6,74.35,17.65,25.82,263,3419,23002,16.94,64.84,31.65,84.8,0,82.8,2331.2,0
50.1,46.24,11.58,10.63,302,3020,22840,13.52,63.32,28.52,3.2,0,72.6,1931.0,0
62.56,55.74,4.09,8.93,251,5271,32362,10.94,69.15,36.47,415.77,0,65.0,2425.5,1
12.86,38.72,21.06,19.56,275,3025,17948,9.58,47.97,15.88,320.0,0,22.2,1286.3,1
36.37,75.81,22.94,14.06,143,1287,11451,9.53,59.25,28.31,79.47,0,95.2,1829.3,0
25.3,55.71,28.88,10.93,293,4688,25144,9.66,52.75,19.72,52.82,0,78.6,1512.4,1
39.53,26.13,46.21,4.47,66,1056,9773,10.77,54.65,25.88,11.2,0,36.3,2323.4,0
21.05,18.14,20.65,4.21,174,3306,18007,3.0,44.36,13.72,3.86,0,26.7,1229.0,1
47.74,46.63,0.84,3.84,65,910,10481,7.91,61.91,28.64,60.77,0,34.3,2214.1,0
44.42,42.36,0.32,15.1,270,4590,27198,7.26,62.93,30.05,170.12,0,78.2,2444.1,0
35.19,48.35,20.2,6.46,111,1332,11759,7.08,58.38,21.98,51.76,0,80.5,1255.5,0
4.1,51.9,0.87,4.32,205,3690,18546,7.85,45.19,18.48,44.81,0,98.7,1083.8,0
23.14,74.45,5.7,7.24,327,7194,36808,5.77,47.75,22.67,36.14,0,95.6,1860.6,0
61.3,76.37,2.2,3.89,294,2940,23444,11.98,68.93,41.08,13.18,0,61.3,2668.9,0
39.57,88.49,52.06,8.46,170,1360,12836,7.0,62.33,26.09,151.23,0,47.6,1949.6,0
52.11,80.63,5.71,8.22,224,2912,21489,10.33,64.86,29.86,29.55,0,36.1,2006.0,1
4.88,64.44,0.85,16.52,325,3575,19379,11.36,43.57,18.14,535.53,0,36.3,1350.3,0
4.46,33.97,44.82,13.44,80,720,4828,11.73,43.41,16.33,15.28,0,33.1,1200.2,0
25.21,67.03,14.08,9.13,200,3400,19048,5.46,52.22,23.83,215.58,0,64.6,2304.7,0
35.99,31.33,0.55,18.1,313,6886,37297,11.96,55.4,21.65,97.87,0,22.0,1940.9,0
39.66,59.98,26.88,5.79,125,2500,16418,9.32,65.55,26.18,215.26,0,44.3,2084.2,0
21.78,32.68,2.48,9.15,205,4100,22179,17.66,50.6,17.58,49.48,0,51.3,1041.9,1
27.22,84.14,24.33,7.59,157,3297,18505,10.1,55.97,22.04,143.72,0,32.8,1673.7,1
7.97,60.76,13.85,11.77,292,4088,21127,6.11,50.99,19.84,10.15,0,87.1,1427.5,0
31.51,51.91,2.92,3.52,160,1440,12591,13.34,51.86,23.69,4.1,0,36.2,2168.5,0
11.72,48.23,20.95,47.94,340,3060,18880,1.94,45.92,19.07,39.64,0,78.1,1362.2,0
43.35,54.47,9.09,15.06,211,3798,22404,8.57,63.85,27.32,171.38,0,89.2,1791.7,1
26.94,44.09,15.25,15.36,285,4275,23842,18.91,51.4,20.12,36.35,0,62.0,1740.5,0
42.53,50.08,30.55,3.6,85,1275,11415,6.66,60.64,30.14,105.43,0,73.6,2374.0,0
18.03,24.94,4.52,13.91,314,6594,33554,11.49,51.32,19.25,45.2,0,48.9,1525.3,0
30.3,41.19,6.83,10.65,128,1920,13229,11.51,51.59,22.84,31.11,0,90.6,1942.8,0
18.15,37.57,88.56,23.83,219,2409,15275,6.11,45.39,15.22,34.33,0,25.4,1025.9,0
14.89,62.81,10.64,10.24,67,1206,7051,9.77,49.38,20.44,1.26,0,71.9,1206.7,0
22.31,55.5,12.26,9.85,77,1540,10943,14.6,50.64,20.2,3.48,0,48.8,1735.5,0
15.01,68.0,5.04,11.78,245,3430,19073,7.04,48.38,23.28,32.36,0,72.3,1783.2,0
45.32,48.69,8.07,27.96,188,2820,19712,6.25,60.07,25.23,24.97,0,76.1,1895.4,1
27.17,56.7,10.44,4.74,211,3376,19334,8.35,53.59,22.49,20.87,0,70.9,1940.3,0
22.12,24.5,4.49,4.29,234,4914,25761,8.03,50.9,21.42,37.73,0,93.2,1917.4,0
29.05,68.66,4.08,3.17,122,1098,10411,10.07,58.07,24.26,1.0,0,74.6,2082.9,0
20.62,74.0,13.76,23.3,85,1445,9745,7.2,51.3,22.3,155.36,0,67.7,1874.3,0
24.62,64.76,3.04,21.72,173,3979,20850,10.96,54.5,18.81,76.15,0,31.6,1468.2,1
39.62,41.79,12.09,5.9,281,3934,25171,9.97,62.4,25.31,8.47,0,43.0,2117.1,0
25.71,63.31,18.37,5.19,160,3520,19067,3.89,54.93,21.49,83.09,0,22.8,1865.8,0
24.35,57.63,3.31,21.65,82,902,6511,10.35,53.27,19.26,22.0,0,51.5,1749.6,0
46.67,25.6,20.55,5.12,64,1280,11702,12.96,59.3,28.3,28.99,0,29.4,2237.8,0
10.69,73.62,6.69,10.26,73,1241,6383,5.27,49.0,19.06,39.98,0,81.9,1023.0,1
18.71,38.99,73.4,8.76,158,1580,11062,6.99,47.34,17.99,61.3,0,47.9,1558.2,0
21.89,63.63,58.0,85.77,315,4095,22624,15.41,48.74,22.38,0.92,0,75.1,1663.9,0
57.09,55.43,24.04,11.03,176,2288,18302,7.09,67.46,36.27,87.47,0,89.8,2581.0,0
28.83,75.21,6.29,26.16,283,4245,25345,10.84,54.76,23.37,90.8,0,68.6,1440.7,1
23.42,42.04,41.52,16.06,81,1053,8675,3.9,46.21,21.8,1.71,0,38.0,1686.5,0
8.05,47.42,100.62,9.17,172,3268,16977,9.55,45.08,16.89,10.83,0,31.0,1427.6,0
17.12,65.34,9.31,8.61,92,1564,10027,11.97,46.61,16.14,31.33,0,53.7,1234.0,1
39.36,46.04,14.3,12.77,328,2624,20754,9.68,56.14,26.47,4.55,0,21.8,2098.9,0
14.11,76.35,0.1,12.84,161,1932,11056,8.74,48.23,17.16,42.92,0,37.4,1428.6,0
33.85,43.64,0.67,9.0,260,5720,31968,19.1,61.37,23.08,41.78,0,21.9,1963.6,0
53.68,63.82,10.42,17.03,167,3173,21689,6.62,69.35,33.12,37.81,0,68.7,2320.0,0
23.99,54.94,14.1,12.46,188,2632,15668,7.43,55.46,24.25,9.92,0,75.4,1550.9,1
19.22,45.14,5.62,8.01,202,2020,13152,2.03,51.21,20.53,243.24,0,77.2,1110.8,1
7.53,74.76,1.57,9.81,178,3560,17426,4.64,45.16,19.22,28.63,0,66.6,1481.9,0
29.46,39.21,22.87,16.53,280,4760,27493,15.25,55.27,19.88,108.47,0,54.2,1411.4,1
35.1,62.97,8.14,6.46,73,1168,10438,9.21,62.68,25.37,1.66,0,48.2,2033.9,0
10.53,17.55,15.7,6.45,136,1360,9256,7.05,43.44,16.6,11.48,0,42.3,943.5,0
4.63,59.84,15.76,5.65,176,3520,17852,10.61,50.64,19.44,20.84,0,88.6,882.9,1
29.78,73.33,11.87,9.81,115,1955,13664,6.94,56.29,25.68,56.23,0,70.4,1951.8,0
22.23,52.77,2.95,10.49,293,5567,29329,9.33,54.64,21.03,100.06,0,56.9,1506.4,0
50.74,58.18,14.36,6.25,184,2392,18778,12.56,64.34,34.77,166.82,0,58.6,2632.3,0
9.09,80.59,5.83,12.18,84,756,5968,11.47,43.51,18.99,227.06,0,35.7,1360.8,0
52.53,70.86,25.65,12.24,150,1650,15537,17.74,65.91,31.78,143.34,0,23.5,2312.2,0
29.73,21.61,3.22,21.27,152,2888,17388,7.89,55.69,17.64,19.6,0,46.4,1062.2,0
26.96,46.83,5.16,20.87,217,1953,14434,4.37,53.29,18.91,103.55,0,21.2,1859.6,0
46.72,50.7,8.71,3.67,278,4448,27884,11.3,60.11,25.06,32.73,0,29.6,2093.4,1
50.08,59.69,20.21,14.48,66,1386,11812,10.98,66.92,24.81,153.78,0,32.7,1564.0,0
21.3,54.04,19.13,3.74,200,3800,20309,8.04,52.48,21.74,300.28,0,78.9,1721.8,0
36.36,47.15,6.17,17.14,194,4074,23495,11.69,55.78,23.4,42.44,0,32.0,1929.7,1
25.12,46.16,10.72,16.93,158,3002,18310,10.07,53.99,19.48,128.14,0,39.8,1739.3,0
10.69,33.41,4.0,6.67,257,5911,28527,7.09,43.29,15.62,72.46,0,36.7,1373.4,0
33.44,39.87,22.07,14.91,81,729,9308,16.22,58.22,18.7,71.55,0,30.5,1192.0,0
23.64,67.61,3.29,6.55,80,1200,8169,11.02,54.11,22.69,30.34,0,88.2,1836.8,0
15.99,39.28,25.67,11.25,77,847,6495,5.28,43.49,16.38,8.22,0,34.0,989.8,0
16.79,42.97,41.44,12.78,107,2354,13966,7.98,45.35,21.89,38.34,0,68.8,1680.9,0
38.6,33.13,71.72,10.39,152,2736,18000,10.63,58.27,23.27,19.25,0,24.8,2082.0,0
28.25,60.76,29.17,19.01,85,1700,11161,7.09,49.23,18.83,2.08,0,67.6,1500.9,1
20.96,69.4,3.76,7.61,98,882,7823,11.75,49.32,19.37,79.51,0,55.2,1625.7,0
21.6,72.44,8.08,16.46,224,3136,18056,8.36,53.38,21.73,54.77,0,76.1,1742.4,0
9.02,49.16,1.4,5.82,249,4482,22926,5.18,43.99,17.18,10.43,0,54.2,1364.7,0
45.28,54.03,2.7,3.44,215,4730,26630,24.97,56.26,31.24,29.64,0,62.5,2540.3,0
26.18,55.43,0.76,4.35,327,6867,35438,6.36,54.28,20.8,74.38,0,81.6,1181.2,1
32.04,48.72,15.37,6.72,87,1653,11607,8.76,54.72,23.85,22.2,0,70.8,1846.6,1
31.0,59.95,11.43,18.05,275,3025,19968,11.87,55.47,23.0,63.2,0,55.9,1799.3,0
55.9,71.97,37.34,16.91,90,1710,15299,13.92,65.11,34.3,78.88,0,87.5,2244.3,1
29.13,69.94,9.33,10.67,315,6300,33662,6.55,54.25,23.4,26.62,0,84.1,1718.0,0
16.85,52.48,15.42,3.47,243,5346,26918,9.19,50.27,20.69,59.78,0,93.5,875.3,1
29.51,46.98,7.7,36.35,178,2848,17888,25.67,56.15,21.51,72.49,0,42.4,1848.5,1
4.13,37.72,26.53,4.88,200,1800,11712,9.1,40.83,14.77,50.24,0,36.2,1335.8,0
21.31,28.94,39.13,15.09,132,2376,13297,11.45,48.63,18.56,0.86,0,50.5,1846.7,0
36.82,63.17,8.48,9.53,203,3045,19358,8.09,58.99,26.85,6.71,0,98.8,1943.0,0
15.85,54.99,1.29,15.51,304,2432,17026,6.89,49.34,19.67,105.94,0,45.2,1460.9,1
55.3,55.13,2.68,26.91,106,1802,14885,8.72,65.23,36.26,27.52,0,94.8,2197.2,1
11.46,91.69,19.12,13.63,195,3705,18421,10.5,50.47,20.96,60.88,0,68.6,1433.2,0
39.2,78.81,5.9,18.65,235,2585,17920,12.05,59.99,25.09,37.09,0,34.9,1802.4,1
19.89,55.65,23.08,77.08,268,2680,16827,6.66,55.44,21.39,217.5,0,81.6,1918.9,0
62.54,58.13,20.78,22.4,251,4016,27363,13.68,65.05,27.33,9.85,0,20.7,1766.4,0
29.45,38.36,17.78,4.58,206,2266,14925,5.9,50.29,24.14,7.93,0,76.2,1945.5,0
12.91,64.68,25.25,2.34,102,1224,8386,4.44,50.71,18.11,19.88,0,86.7,1300.8,1
45.95,58.44,21.19,16.77,150,2550,18610,5.26,62.96,31.25,15.89,0,68.0,2330.4,0
34.22,41.76,15.02,9.22,147,1470,12175,9.76,50.37,22.55,50.88,0,78.5,1197.6,0
43.02,58.74,0.1,19.66,256,5120,29148,7.07,57.79,23.95,32.63,0,80.1,1254.4,1
43.71,70.63,10.88,2.64,240,4320,26593,21.23,61.48,20.63,95.29,0,36.9,1176.6,1
18.49,86.02,13.57,24.52,234,2106,14083,5.41,53.73,20.18,107.59,0,52.8,1569.3,0
68.06,32.31,48.53,11.46,116,1740,16610,14.59,69.01,43.82,159.87,0,51.1,2835.4,0
50.98,37.83,15.77,42.68,324,5184,31625,14.61,65.45,29.92,3.89,0,43.6,2072.9,1
44.28,53.5,12.85,12.16,202,4646,26433,14.86,57.21,23.84,11.27,0,45.2,1721.6,0
25.81,58.45,11.69,16.8,295,6490,33225,7.89,52.57,22.69,2.73,0,76.3,1488.4,1
9.84,80.22,1.64,9.71,86,1720,9829,5.55,49.81,18.83,57.94,0,43.8,1406.2,0
5.1,73.43,8.37,9.27,232,3480,18450,15.36,49.0,20.17,39.92,0,85.0,804.0,0
8.96,23.89,2.16,14.52,65,1235,7213,15.81,43.46,19.7,356.04,0,93.0,1273.9,0
17.67,48.66,0.81,10.12,98,980,8091,7.46,47.26,20.49,106.27,0,89.5,1327.5,0
21.86,32.22,6.0,8.54,75,1725,10996,9.02,50.0,19.8,244.0,0,87.8,1816.2,0
19.12,35.42,15.55,15.21,315,2520,17687,7.42,51.03,21.2,33.89,0,67.4,1711.8,0
48.51,63.75,30.24,8.62,344,3096,23270,6.98,65.55,32.33,37.13,0,47.3,2388.0,0
37.32,57.1,24.94,15.51,284,5396,30949,14.56,55.54,26.19,47.91,0,76.7,1909.5,1
55.94,79.9,5.24,4.75,141,2538,19536,7.36,67.6,36.03,85.1,0,25.4,2540.0,0
17.84,33.88,0.71,12.25,316,4424,25049,4.26,50.61,19.22,143.86,0,59.5,1816.7,0
36.17,54.62,7.73,10.87,200,3200,20027,11.66,59.92,25.34,34.89,0,78.9,2139.4,0
56.33,46.89,5.67,3.17,79,711,10278,12.49,67.29,31.11,203.09,0,63.6,1902.8,0
55.77,78.61,6.96,5.83,161,2093,17304,11.28,66.74,25.12,255.04,0,37.7,1625.5,0
1.99,41.53,12.28,2.62,141,3102,14324,11.96,40.75,17.14,100.65,0,36.1,1270.0,0
15.16,58.25,0.46,12.95,185,3885,19312,8.9,50.62,16.95,59.11,0,22.6,1610.4,0
5.75,34.13,6.95,7.55,96,2016,10040,2.79,39.12,19.1,119.6,0,92.5,1360.2,1
30.22,76.72,12.27,10.04,201,3216,19599,22.05,59.1,23.48,29.18,0,41.2,2049.3,0
37.47,82.56,8.46,27.08,124,2108,14870,6.49,59.96,26.11,51.58,0,45.8,2261.2,0
19.6,44.54,16.5,12.18,259,2849,18700,5.3,49.82,18.78,159.0,0,29.9,1462.0,1
44.78,42.74,3.09,14.51,284,5964,33028,14.01,59.07,30.36,34.61,0,48.6,2413.9,0
22.64,58.96,2.51,9.11,309,3708,21379,10.73,53.47,21.18,530.88,0,49.0,1346.3,1
14.43,42.73,5.52,7.84,68,1224,8056,8.89,50.78,20.03,10.81,0,83.4,1116.5,0
27.05,72.2,1.61,5.15,114,1710,12597,2.93,54.26,21.71,79.39,0,51.4,1176.1,0
6.49,61.84,4.04,18.78,91,1092,6853,6.1,43.03,17.58,185.34,0,89.5,1376.6,0
37.75,74.01,1.36,30.77,309,5871,32831,8.86,63.49,22.11,18.51,0,64.8,1403.6,0
58.96,38.79,7.71,24.59,77,1694,15166,9.69,67.81,42.18,141.98,0,96.0,2842.2,0
47.45,34.36,18.64,5.97,250,3000,20874,8.35,64.04,28.35,81.15,0,99.0,1961.9,1
39.8,60.48,5.06,25.89,334,6012,34406,9.2,57.63,25.12,290.87,0,33.6,2019.7,0
42.42,80.35,0.1,11.06,192,2112,16650,9.0,59.21,27.17,45.65,0,37.6,1783.2,0
24.31,40.96,12.22,29.45,199,2786,16560,11.77,53.2,24.37,14.9,0,86.6,1905.8,0
40.45,61.92,17.66,15.35,257,2570,18357,7.55,59.68,29.54,14.16,0,72.2,2421.6,0
18.8,45.06,7.45,14.71,268,3216,19356,2.27,52.99,17.91,17.87,0,69.2,1460.5,0
22.39,70.88,5.29,14.94,192,2880,16658,12.59,55.44,25.2,200.05,0,98.4,1601.4,0
37.34,41.74,10.12,4.41,343,7546,39805,8.74,55.81,27.53,18.0,0,86.0,2222.0,0
23.39,59.13,1.6,5.71,151,3473,19157,14.43,52.42,21.38,195.24,0,52.2,1655.3,0
27.59,71.81,15.49,8.37,149,2384,14648,13.65,53.7,20.68,72.57,0,66.1,1578.6,1
19.46,34.84,19.82,9.79,131,1834,11918,16.9,48.54,18.49,38.17,0,56.6,1765.4,0
46.86,64.03,18.29,13.07,139,2919,19438,7.17,59.62,29.38,12.49,0,72.9,1965.8,1
30.51,49.64,5.98,9.23,130,1820,12993,3.82,55.95,20.33,50.51,0,53.3,1727.4,1
48.1,67.71,27.75,8.99,76,1064,10832,22.11,59.08,31.57,46.2,0,54.1,2390.7,0
11.09,60.53,44.02,25.63,110,880,6310,15.64,49.72,20.02,129.21,0,76.6,1697.2,0
17.51,48.73,5.29,27.41,158,2844,16808,17.47,54.58,17.22,13.72,0,23.6,1689.1,0
29.51,53.59,4.57,17.52,246,3936,23690,10.61,56.52,21.31,42.86,0,44.7,1630.8,0
41.19,27.44,18.27,7.89,130,1300,11392,8.15,63.28,18.5,1.82,0,48.5,1038.9,1
23.64,68.05,18.48,15.66,110,2200,13680,15.24,59.61,22.64,36.54,0,73.6,1634.3,1
59.7,83.5,10.71,26.27,77,1309,13123,22.34,64.83,40.02,43.96,0,27.0,2849.6,0
12.05,46.85,38.52,10.51,176,1936,11721,5.84,44.63,16.39,77.12,0,40.0,800.0,0
29.63,54.43,2.37,27.26,214,2568,16383,15.24,50.62,23.56,34.24,0,48.0,2182.2,0
53.92,78.59,9.73,38.91,268,4556,28558,14.32,67.6,27.46,184.23,0,84.9,1484.4,1
61.01,28.08,0.54,21.88,219,5037,30580,20.46,69.4,35.52,130.46,0,49.2,2409.9,0
22.83,62.55,0.81,17.67,134,2814,15486,11.77,52.4,21.24,54.11,0,87.7,1558.2,1
7.6,80.11,0.83,15.0,263,3156,17078,12.95,49.19,19.38,12.22,0,85.4,1255.6,0
27.27,45.55,10.15,17.82,233,3961,22447,5.6,53.49,22.85,15.35,0,74.2,1954.9,0
9.69,46.87,13.34,15.66,223,3345,18172,4.16,44.83,15.15,87.47,0,47.7,1007.3,0
25.78,74.93,0.1,5.84,135,1350,10310,6.79,55.75,23.69,184.31,0,98.6,1866.7,0
29.3,38.63,15.02,27.07,199,2189,15480,5.04,46.21,21.15,36.81,0,34.8,2047.3,0
16.08,67.93,10.09,12.83,271,3523,19144,5.51,48.43,21.17,90.59,0,39.3,1646.2,0
34.24,60.63,3.8,52.59,229,5038,27383,13.4,56.02,27.16,71.75,0,83.7,1903.3,0
35.76,72.03,0.23,64.06,346,6228,34118,12.16,58.99,25.8,86.15,0,73.7,1754.6,1
32.73,53.09,2.55,10.48,320,4480,26724,18.4,53.42,21.55,68.56,0,75.4,1982.7,0
35.88,78.04,13.76,13.77,143,1573,12934,7.63,62.99,25.87,104.95,0,24.7,2079.5,0
25.88,49.23,16.13,9.41,291,2619,17542,5.05,52.53,23.24,0.13,0,88.0,1625.7,0
25.18,32.9,15.62,6.88,234,4914,26551,8.95,51.28,15.48,30.49,0,33.6,1052.9,0
22.7,31.89,2.49,11.77,307,2456,17499,7.51,48.25,18.61,25.73,0,51.6,1116.6,1
28.4,38.62,36.32,12.42,229,5267,28172,14.35,53.45,21.85,11.02,0,94.1,1493.2,1
12.82,65.14,7.94,5.57,316,5056,26216,8.56,47.0,16.65,34.61,0,23.0,1148.8,0
37.72,43.73,21.92,6.23,243,5346,28941,13.11,53.78,22.45,25.63,0,47.6,2046.4,0
30.11,54.72,2.73,2.05,198,3168,19648,5.47,52.56,22.75,39.68,0,38.1,1670.7,1
19.14,56.36,9.54,6.04,296,3848,22230,3.57,48.66,20.73,0.91,0,89.5,1273.4,0
14.01,43.38,11.06,20.23,228,3192,17896,15.87,48.61,19.18,62.9,0,63.2,1368.8,0
7.28,57.34,22.07,28.96,182,4004,19400,7.79,46.83,18.52,18.85,0,79.5,1010.8,0
24.9,69.11,14.57,3.73,346,7266,37130,6.81,50.53,21.67,102.13,0,93.6,1492.3,1
21.99,55.54,7.64,5.45,147,2058,12540,4.35,51.91,25.09,0.54,0,94.1,1834.8,0
53.54,68.78,4.98,25.43,344,2752,23322,10.14,66.54,35.1,34.78,0,36.8,2612.8,0
13.83,49.34,54.15,7.3,100,1300,8445,9.24,48.21,17.91,43.22,0,40.3,1538.6,0
18.29,58.98,5.02,9.24,310,7130,35518,18.83,52.65,18.3,32.52,0,49.0,1288.5,0
5.87,56.46,2.08,8.06,198,3960,18119,9.91,44.11,19.74,123.05,0,99.5,1327.0,0
32.51,71.11,5.36,21.12,307,4298,25315,3.89,58.05,24.41,172.75,0,80.5,2161.0,0
18.89,61.37,5.94,33.26,154,2310,13911,11.4,51.07,23.53,57.65,0,65.0,2188.3,0
33.91,45.37,2.05,12.73,266,5320,29234,15.13,53.45,23.14,4.86,0,72.3,1594.1,0
24.68,62.32,18.47,9.36,158,2528,15156,7.56,55.36,20.75,22.37,0,24.2,1643.7,0
38.66,40.66,14.48,10.67,191,2483,17432,13.36,57.54,19.71,9.59,0,56.8,1217.8,1
44.16,61.06,5.71,20.8,303,5454,31305,11.61,61.31,33.82,120.8,0,84.9,2477.1,0
16.78,54.54,74.43,16.69,90,810,6544,10.2,51.8,18.43,4.62,0,26.6,837.1,0
29.2,57.25,15.96,10.48,280,2240,16372,5.68,56.63,23.94,146.79,0,67.7,1760.4,1
16.37,54.4,18.22,11.87,345,6210,32491,9.31,50.13,20.7,89.61,0,92.7,1873.0,0
56.88,45.87,12.22,7.92,152,2736,19774,19.58,67.08,35.62,78.77,0,32.0,2534.5,0
33.4,44.01,12.03,8.16,79,1422,10793,10.6,55.63,24.49,39.86,0,53.6,2299.9,0
16.25,71.21,0.3,5.26,304,4256,23304,6.97,49.54,17.36,6.28,0,39.6,948.3,0
25.88,83.23,22.1,24.22,329,3948,23834,5.23,56.06,21.76,49.42,0,53.8,1294.3,1
19.8,59.06,36.24,3.13,178,2670,16970,8.08,51.22,20.9,5.76,0,77.8,1657.5,0
53.2,55.48,1.96,14.4,103,1957,16731,9.02,63.91,35.27,130.89,0,85.4,2349.0,0
8.96,36.58,23.82,11.99,77,1617,9235,3.29,45.76,17.84,30.57,0,48.0,800.0,1
32.03,28.61,11.46,11.51,268,5360,29594,12.38,58.66,22.04,51.65,0,39.7,2050.1,0
37.05,30.88,5.04,8.44,140,1120,10890,13.44,56.44,21.78,47.47,0,25.9,1691.1,1
45.81,62.96,38.05,10.21,312,4368,27745,14.05,61.87,31.33,297.85,0,83.2,2212.8,0
6.08,28.37,0.26,35.02,336,7056,34023,7.23,45.73,15.39,51.06,0,34.8,1305.5,0
44.36,64.88,4.8,12.73,308,6776,37282,14.95,62.57,30.72,14.53,0,97.8,2027.1,0
25.71,38.54,32.61,13.42,241,1928,14017,8.01,52.39,21.07,95.48,0,86.2,1530.3,1
8.65,57.39,9.84,13.68,325,5200,26337,12.22,49.48,15.64,118.71,0,56.9,1268.3,1
18.44,48.89,13.7,8.0,160,1440,10054,6.77,51.87,18.56,85.54,0,61.8,1334.4,1
28.81,39.09,20.78,8.66,242,4114,23100,4.17,54.34,22.28,79.61,0,98.9,1250.7,0
35.69,34.23,2.4,16.72,80,1520,11301,10.27,56.85,22.95,1.54,0,38.5,2028.7,0
27.8,29.15,3.63,7.36,127,2540,15730,8.49,53.66,20.68,33.39,0,71.0,1586.6,1
37.94,38.77,98.88,11.5,288,5184,29626,15.8,53.88,28.66,14.92,0,88.5,2158.0,0
32.25,88.36,4.07,24.46,296,6216,33206,11.02,54.18,25.84,25.28,0,66.3,2247.2,0
54.66,74.56,11.62,8.15,171,3762,24576,8.24,66.01,29.81,52.99,0,57.9,1972.2,0
26.97,57.73,5.32,11.41,193,3860,21172,8.31,56.3,24.36,101.07,0,73.8,1924.3,0
51.65,49.5,28.6,10.31,84,1344,13151,11.39,67.29,26.83,15.97,0,97.1,1649.2,0
13.71,46.2,48.96,16.47,124,2356,13670,10.04,44.64,19.18,128.81,0,50.9,1485.2,1
18.57,56.65,2.28,13.29,287,4879,26199,2.73,47.66,22.35,41.35,0,96.9,1351.8,1
19.18,46.44,13.77,8.08,313,4069,22743,3.63,49.29,18.96,21.55,0,86.9,1330.2,1
50.59,46.34,25.04,8.85,293,3223,23035,12.3,63.91,28.9,76.42,0,57.1,2037.7,1
9.78,62.3,25.98,8.3,318,5724,28328,11.33,48.07,21.56,23.25,0,67.2,1255.9,0
26.3,39.86,8.71,7.91,167,1837,12529,8.59,56.77,21.43,29.05,0,41.6,1896.6,0
0.82,17.79,3.83,4.25,123,1353,7244,6.26,41.65,13.96,39.04,0,60.4,1105.8,0
26.04,46.23,7.34,13.58,275,5225,28091,5.74,48.88,21.47,52.37,0,87.7,1659.6,0
17.26,76.78,20.86,8.15,146,2336,12984,9.05,53.93,20.66,67.0,0,56.2,1441.5,0
3.78,30.58,76.19,16.28,149,2682,13414,5.33,40.18,20.46,33.7,0,84.5,1396.9,0
36.0,36.42,12.12,12.82,93,1581,12048,12.32,55.44,22.72,0.99,0,33.8,2184.7,0
41.14,45.45,3.26,9.71,304,3648,24101,12.29,57.7,20.37,31.92,0,31.3,1456.7,0
31.65,31.03,0.64,9.25,265,2385,17928,9.3,58.18,23.29,14.96,0,21.2,2304.8,0
8.54,77.55,43.15,5.52,339,6441,31550,5.72,48.31,17.27,18.0,0,23.1,1446.5,0
38.9,56.47,9.9,13.17,225,2475,17096,11.85,61.83,20.63,10.83,0,38.8,1309.5,0
32.88,28.32,18.91,11.59,240,2880,19059,13.09,50.87,23.67,35.33,0,94.7,1984.0,0
19.1,53.08,16.19,8.38,76,760,6967,8.86,47.42,20.24,110.83,0,98.9,1376.8,1
48.15,54.41,33.23,3.71,295,5605,31665,10.96,59.98,24.21,2.05,0,25.5,1591.3,0
18.53,51.38,4.64,10.77,295,2360,16023,23.39,50.31,21.08,44.54,0,71.1,1941.1,0
19.72,52.52,8.74,11.26,202,4444,23164,4.93,55.12,18.45,241.04,0,55.1,1376.2,1
32.01,53.06,36.74,23.6,73,1533,10725,10.06,56.77,25.24,34.5,0,78.5,1777.2,0
34.84,59.65,13.21,12.46,248,3968,22963,9.53,55.96,23.47,66.24,0,20.5,2029.6,0
28.12,60.6,1.11,24.89,73,657,7938,6.37,53.91,26.26,11.53,0,97.6,2040.4,0
46.41,32.54,3.24,8.35,296,6512,35937,13.8,58.26,31.47,2.13,0,64.8,2452.6,0
5.65,55.9,4.06,10.39,224,1792,10754,4.3,47.85,20.78,8.84,0,97.6,1468.1,0
67.03,57.72,76.21,6.65,135,2025,18726,11.52,72.18,48.3,18.21,0,88.2,2985.2,0
68.18,45.85,3.81,10.39,286,2574,22091,7.61,67.56,42.96,14.96,0,35.0,2831.4,0
36.29,80.59,30.57,20.01,91,1274,10441,14.7,58.66,27.44,7.33,0,67.2,2207.5,0
33.43,53.75,1.22,20.35,61,1159,8756,14.14,55.04,23.41,90.9,0,42.2,1754.3,0
20.64,62.56,3.01,13.92,170,1360,9921,9.98,54.73,18.15,78.87,0,51.6,892.0,1
12.28,48.26,30.84,5.43,309,4635,24228,2.23,51.38,19.05,61.01,0,79.2,958.0,0
44.45,50.44,34.38,5.24,203,1624,15061,8.91,60.1,31.28,112.93,0,96.6,2171.4,0
15.39,60.14,2.91,10.49,320,3840,22466,14.08,52.01,17.17,12.01,0,33.5,1312.8,1
13.68,34.23,3.92,8.11,203,3451,18976,2.09,47.0,16.12,6.43,0,51.5,1172.7,0
66.19,66.18,11.34,18.14,167,3340,23622,10.86,59.95,50.26,73.51,0,47.7,3191.0,0
10.14,36.53,0.81,16.19,70,1260,7863,16.42,47.76,16.57,31.77,0,72.5,1410.8,0
15.2,68.22,43.58,14.98,67,1474,8078,5.46,51.78,20.34,45.0,0,56.2,1382.1,0
31.11,50.97,6.74,8.65,267,5607,30865,13.45,52.97,21.95,73.81,0,85.7,1526.6,1
22.79,85.91,10.08,13.31,66,1320,8964,9.92,57.31,20.62,54.33,0,23.1,1541.1,0
44.49,69.74,1.66,14.89,279,3906,25605,7.53,63.8,29.94,87.43,0,95.8,2321.8,0
21.46,69.82,0.5,9.91,189,4347,22986,8.75,55.35,23.67,18.12,0,99.4,1980.4,0
17.94,57.17,9.46,10.55,90,1260,8585,7.95,51.02,20.6,91.42,0,98.7,832.0,1
4.41,70.14,1.95,14.61,326,2608,16337,7.12,44.46,19.9,298.28,0,44.1,1195.8,0
39.3,66.4,14.93,6.32,292,6716,35735,16.55,57.42,22.72,67.1,0,38.6,1823.7,1
57.08,25.95,23.73,8.61,124,1736,16141,9.82,67.74,27.41,119.59,0,26.8,2133.4,1
35.87,41.94,0.48,8.21,120,2760,17008,18.76,55.19,20.7,26.48,0,85.1,1154.6,0
44.92,41.05,14.21,22.0,244,1952,18366,11.02,60.82,28.8,67.24,0,91.9,2238.1,0
4.19,43.33,25.36,8.85,153,1530,8303,9.0,48.39,15.01,27.47,0,47.5,1418.4,0
30.1,51.15,8.68,12.39,153,1377,11655,7.4,56.48,20.35,1.75,0,33.5,1660.8,0
17.41,62.75,48.17,17.95,348,8004,39487,6.17,51.18,22.7,35.6,0,81.8,1424.0,1
53.96,72.62,1.77,7.73,199,1791,17071,15.14,65.81,30.67,50.44,0,49.4,2070.7,1
80.63,64.09,5.85,20.61,242,5082,33217,8.99,76.56,65.4,1.84,1,75.2,3309.1,0
9.7,73.61,3.92,21.69,297,2673,16100,10.0,46.13,15.64,0.31,0,54.2,1334.5,0
28.15,39.16,83.56,3.41,165,2475,15254,6.33,50.72,24.52,23.71,0,77.0,1898.7,0
51.22,47.44,5.23,15.09,179,1790,16196,20.96,66.34,32.09,11.86,0,76.7,2412.8,0
3.38,51.09,7.36,22.66,161,1771,10592,1.77,44.09,18.79,241.24,0,87.8,1077.5,1
12.36,44.99,28.22,9.67,282,5358,27109,6.58,46.25,20.12,88.06,0,74.5,1770.0,0
54.98,38.16,39.88,16.85,320,5760,34843,11.59,59.09,38.86,14.68,0,87.1,2867.8,0
57.14,60.85,41.65,5.5,77,1540,15626,11.83,68.7,39.09,40.8,0,39.2,2819.6,0
7.7,44.45,12.25,4.71,191,3438,17550,3.72,46.95,16.28,34.49,0,49.9,1065.3,0
34.31,67.1,16.33,9.45,335,7705,38785,9.43,60.32,21.81,114.57,0,89.0,1056.7,1
22.88,36.66,6.44,6.78,112,1232,9456,6.54,55.27,20.27,24.08,0,78.1,1835.1,0
15.69,67.95,14.02,15.09,207,4347,22925,3.9,51.99,18.82,149.93,0,39.6,893.8,0
42.81,58.22,5.41,14.8,299,3887,24678,7.72,60.63,20.22,0.79,0,43.0,1352.5,1
10.95,58.23,20.56,35.07,113,1243,7635,5.35,50.53,20.41,3.86,0,52.0,1274.1,1
9.69,58.66,5.51,19.66,87,1740,8952,4.08,50.61,16.26,179.92,0,29.6,1520.6,0
25.72,53.78,31.73,8.51,298,2384,17369,17.39,51.23,24.01,193.97,0,86.3,1811.4,0
33.42,54.04,2.32,12.52,136,1088,10067,7.43,53.01,24.06,35.76,0,33.6,2042.1,0
51.98,50.95,12.72,13.88,222,1776,17467,11.86,63.86,33.2,0.49,0,90.4,2304.3,1
15.11,59.49,11.03,16.72,287,2583,16891,10.7,42.48,16.79,118.09,0,49.3,849.9,1
15.89,63.28,4.59,3.47,196,3724,20710,11.6,49.45,17.93,269.24,0,21.7,1435.9,1
20.85,48.21,0.43,9.28,85,1870,11477,14.78,50.89,20.38,4.64,0,48.8,1761.5,0
19.74,75.82,2.41,22.77,60,840,7111,4.41,50.77,21.17,76.12,0,53.3,1406.1,1
38.33,49.51,51.61,15.44,212,2120,16660,8.54,60.1,25.91,11.87,0,24.8,2109.5,0
30.57,44.47,42.53,12.47,147,2058,13740,4.45,59.75,23.23,54.55,0,48.9,1824.6,0
8.46,52.73,1.91,8.92,217,4340,22080,8.01,45.89,16.85,69.66,0,60.6,800.0,0
31.12,43.51,7.05,11.26,101,1414,11307,8.43,55.61,23.43,167.84,0,96.1,1674.7,1
10.18,61.99,9.39,12.49,135,2565,13039,14.39,43.83,17.59,5.18,0,38.9,1666.4,0
42.82,52.88,9.75,7.05,295,2360,18033,20.32,61.08,19.15,106.58,0,43.9,1155.2,0
3.95,66.0,5.32,14.3,310,7130,33673,11.0,42.87,16.25,207.18,0,22.8,1478.0,0
52.97,54.09,36.62,12.71,271,5420,32216,11.56,69.41,33.09,27.91,0,28.1,2406.1,0
9.62,53.6,35.87,9.48,278,5004,24821,4.64,45.2,19.09,48.77,0,64.7,955.8,0
34.27,48.88,0.29,9.47,152,3344,19985,7.76,57.59,28.66,1.95,0,96.9,2183.1,0
38.53,67.4,15.75,5.77,74,1702,12686,5.69,57.05,28.29,175.82,0,96.9,2063.5,0
11.25,51.35,1.16,23.69,158,3002,15935,3.53,44.85,16.57,49.09,0,48.5,1657.4,0
40.23,58.97,13.65,16.41,325,3250,22349,16.17,57.77,26.6,33.1,0,23.0,2233.2,0
38.79,70.69,30.25,14.48,244,2684,19215,8.7,63.06,24.92,52.08,0,42.8,1975.3,1
13.89,53.68,15.73,16.82,213,4047,21346,4.63,47.62,18.16,52.25,0,68.5,1093.5,1
48.81,53.5,9.49,2.32,67,1541,13665,8.02,61.17,25.0,130.47,0,81.0,1249.4,1
24.42,51.55,47.51,33.71,245,1960,13625,6.7,54.46,22.14,94.35,0,82.5,1598.9,0
6.77,57.85,20.59,2.49,124,1860,11719,1.59,51.56,19.63,151.1,0,96.0,993.5,1
17.7,67.1,4.3,20.78,315,3780,22681,11.49,52.11,20.05,58.3,0,57.6,1621.0,0
21.66,66.66,7.34,12.89,202,3030,17897,6.78,57.84,19.48,10.19,0,38.0,1807.8,0
12.88,62.37,21.4,6.43,255,5865,29052,1.49,46.65,20.77,21.2,0,83.3,1167.5,1
7.74,73.15,0.29,12.97,101,2121,10142,9.1,47.96,16.73,33.26,0,20.1,1315.9,0
19.21,56.24,0.99,16.31,189,2457,14842,13.63,48.87,21.04,59.8,0,61.1,1523.3,0
35.51,76.07,29.43,9.0,308,4004,25381,8.54,62.41,25.04,62.5,0,24.4,2100.5,0
37.46,70.75,0.66,25.04,143,2288,15627,4.85,59.07,25.77,66.83,0,39.1,2141.4,0
13.46,45.19,17.02,4.92,236,2596,15251,7.65,41.3,20.77,37.99,0,99.6,1468.1,0
9.84,66.81,5.76,6.44,307,4912,25426,6.42,46.45,17.13,60.41,0,86.8,800.0,1
19.97,27.15,26.22,5.7,245,4655,24847,12.85,49.76,21.21,78.5,0,99.0,1901.6,0
26.62,73.03,28.19,5.16,340,7480,37917,2.93,55.53,21.28,3.04,0,49.4,1659.7,1
8.02,53.93,45.97,13.46,263,3419,18663,10.29,46.94,15.67,175.25,0,28.0,1373.3,0
21.18,43.34,1.51,31.9,297,6237,32148,6.38,52.47,19.43,40.85,0,95.0,1396.4,1
24.19,28.79,8.24,20.29,199,3184,18236,4.8,49.04,21.43,42.6,0,46.7,2079.4,0
28.67,52.97,12.8,10.14,235,5170,27138,6.13,48.63,15.91,23.98,0,37.3,800.0,1
24.19,73.23,37.16,28.03,169,3211,18352,4.24,56.07,20.5,41.65,0,55.6,1328.1,0
60.35,58.64,4.65,22.61,176,3696,24681,20.29,68.75,36.59,73.46,0,37.9,2651.4,0
42.35,49.06,1.11,8.14,201,1809,15009,7.64,59.48,24.93,99.26,0,86.7,1688.0,1
72.61,52.15,3.38,10.21,213,1917,19695,13.54,73.29,50.59,131.39,0,46.5,3021.9,0
10.5,74.95,10.27,14.49,279,5859,29151,11.25,49.19,19.31,259.47,0,52.2,901.2,0
7.06,65.48,17.14,7.62,60,1080,5650,6.56,49.23,18.15,106.61,0,50.3,800.0,0
26.74,54.38,17.6,6.72,197,3743,20999,10.33,54.68,21.45,56.02,0,73.9,1456.0,1
12.1,69.02,1.16,18.97,274,2192,14408,8.0,49.0,20.33,19.81,0,43.7,1662.6,0
33.3,66.9,21.5,21.8,112,2128,14814,8.09,53.12,27.5,97.87,0,96.7,1828.2,0
18.19,41.66,16.19,6.61,195,3120,17741,4.52,49.56,20.01,55.01,0,87.0,1189.4,1
7.56,49.81,7.85,15.16,61,1098,6516,6.3,48.14,22.53,120.86,0,97.0,1273.2,0
36.17,76.29,12.7,15.01,228,2964,19161,13.42,60.35,26.02,34.76,0,57.3,2081.4,0
61.96,65.14,21.9,6.28,88,1848,17029,17.04,66.23,38.12,98.9,0,44.1,2676.0,0
23.51,81.59,4.56,14.79,99,2079,12123,10.19,53.24,17.82,12.22,0,32.9,821.7,1
23.21,63.99,42.21,16.62,187,2057,14166,8.91,58.28,19.75,32.91,0,27.1,1230.2,0
33.28,44.35,2.22,17.1,112,2016,13785,7.77,56.8,21.8,71.47,0,36.0,1490.3,1
33.63,54.69,34.88,10.21,328,5248,29732,11.17,57.08,25.92,119.85,0,73.8,1699.2,1
55.19,66.81,20.26,14.48,309,3708,25833,11.68,65.04,30.8,56.16,0,27.2,2094.3,1
24.35,54.87,16.21,13.5,215,2795,17604,3.37,52.35,20.62,112.09,0,71.1,1207.8,0
62.26,55.91,1.3,12.69,166,1328,14828,14.19,71.97,27.8,147.33,0,93.6,1228.5,1
42.78,85.53,37.7,20.51,288,5184,30020,12.08,67.82,27.88,97.77,0,35.0,1879.8,1
9.86,51.44,5.25,6.78,208,3952,19480,9.78,46.48,16.85,54.83,0,79.0,1119.3,1
16.14,59.83,20.53,7.24,348,8004,39002,5.42,51.83,19.74,8.14,0,69.4,1260.1,0
16.64,58.91,32.42,6.36,240,3600,20293,6.51,50.33,20.59,11.7,0,71.0,1580.1,0
70.63,68.7,4.2,21.79,300,5700,35831,13.76,71.56,46.32,46.24,0,77.9,2666.3,0
18.41,58.91,36.91,11.92,263,4734,24500,9.04,50.51,21.58,49.22,0,74.2,1480.2,0
46.52,56.94,14.2,8.29,345,4830,30050,9.36,58.58,29.86,20.08,0,21.0,2447.9,0
10.37,85.23,16.14,25.72,255,5865,29610,7.1,48.86,18.86,33.59,0,41.3,1349.6,0
29.21,53.46,36.89,10.44,98,1862,11740,14.34,52.22,25.15,203.25,0,93.9,1924.5,0
20.49,66.0,11.22,3.26,198,4356,22955,6.51,52.15,18.41,56.17,0,21.8,1647.0,0
57.95,35.69,8.71,8.16,167,2839,21311,5.93,64.14,37.82,1.62,0,55.4,2722.3,0
9.59,55.03,15.05,12.73,202,4242,20508,4.46,49.18,16.11,99.08,0,22.8,1195.4,0
11.18,53.56,12.11,15.01,108,2160,11341,4.7,50.58,17.42,15.99,0,92.6,1384.2,0
11.16,53.92,0.95,8.0,274,2740,16982,2.7,50.67,22.22,8.17,0,93.0,1025.9,0
15.26,29.19,2.99,9.3,256,5120,25695,9.25,43.05,20.97,74.31,0,89.3,1672.2,0
20.88,49.68,0.2,8.93,277,4986,26920,6.36,50.92,23.13,19.4,0,95.4,1805.5,0
31.87,41.97,1.72,17.52,197,2364,16587,4.06,56.75,22.44,138.63,0,92.4,1777.0,1
38.15,71.3,19.63,26.71,138,2208,15103,6.79,60.27,17.84,29.62,0,21.7,1201.5,0
14.87,42.02,0.1,7.71,104,1040,7506,11.99,43.22,17.21,192.72,0,62.2,1269.2,1
24.75,64.42,5.44,27.86,69,1035,9275,13.34,54.68,26.34,11.73,0,69.2,1972.8,0
58.13,65.13,8.95,13.32,256,2816,21812,9.69,66.93,37.88,53.74,0,77.9,2596.2,0
56.14,46.06,41.66,10.88,77,1540,14726,13.45,62.45,36.01,126.84,0,72.8,2473.0,0
6.51,42.24,5.94,10.01,323,5168,26636,3.85,47.34,16.4,3.7,0,75.3,1367.1,0
8.69,50.76,22.93,6.67,167,2672,14283,2.92,43.27,17.8,97.54,0,71.5,880.7,0
12.41,49.03,7.88,7.14,119,2618,13882,4.82,50.29,15.2,45.27,0,32.3,1004.6,1
32.11,40.25,1.56,6.53,200,2600,17750,8.14,55.13,23.98,57.32,0,64.4,1953.7,0
22.75,50.56,1.56,6.15,288,4608,25163,2.75,48.83,19.19,111.5,0,56.0,1418.4,1
13.3,59.68,8.5,14.99,198,2178,13263,2.49,47.42,21.21,15.05,0,99.4,1386.8,0
29.37,37.14,0.89,41.7,318,2544,17285,8.24,50.02,21.46,8.24,0,72.1,1270.5,1
57.07,52.07,12.72,7.54,131,1572,16141,8.66,64.69,37.17,32.29,0,90.6,2604.4,0
7.01,47.12,10.21,10.01,268,3752,19792,10.15,43.66,17.58,5.85,0,29.8,1367.1,0
25.67,56.4,18.19,21.38,289,5491,29727,13.88,49.2,19.83,152.7,0,44.7,1579.8,1
17.89,83.27,3.08,6.47,72,936,7336,6.49,51.78,22.92,143.69,0,81.4,1462.9,1
45.26,32.27,13.48,5.11,108,1620,13638,17.23,63.31,29.99,11.08,0,80.9,2290.0,0
7.6,53.41,2.88,3.7,195,3510,17633,12.75,44.83,16.49,97.67,0,31.8,1410.8,1
19.83,59.19,19.21,12.24,229,4351,22620,6.59,52.34,20.82,31.88,0,66.5,1904.0,0
47.13,47.35,5.5,8.09,179,1790,14804,15.01,58.92,27.47,13.4,0,40.5,2083.3,0
19.47,60.52,14.29,5.37,138,2070,12251,6.0,51.07,22.23,55.55,0,69.6,1733.8,0
28.66,33.11,32.14,7.89,305,3050,20419,6.85,49.78,19.43,35.86,0,31.4,1043.8,1
7.17,49.75,10.05,19.84,118,1180,7761,10.04,46.5,16.96,46.18,0,52.0,1378.1,0
23.7,14.98,3.2,9.12,136,2448,14524,8.87,53.37,18.42,26.92,0,39.3,1619.3,0
30.23,51.36,32.59,19.38,313,4695,27138,4.93,55.47,20.96,31.61,0,57.4,1772.0,0
38.24,36.52,6.66,15.24,334,7682,40305,12.4,55.8,25.76,31.3,0,48.7,2173.1,0
10.37,59.7,19.65,12.79,116,2668,13267,2.45,47.09,20.05,7.59,0,87.0,1104.4,0
25.43,76.21,5.79,11.57,122,2684,15939,9.33,55.99,23.69,61.92,0,85.1,1269.6,1
32.28,59.14,5.31,17.43,67,1407,10939,15.37,54.9,21.02,5.01,0,85.0,901.3,1
25.23,53.89,15.41,13.86,102,1530,9347,4.49,54.74,21.72,5.44,0,34.7,1780.7,0
18.52,47.2,2.55,13.05,212,4664,24672,12.06,48.1,18.88,80.59,0,47.8,1385.5,1
11.5,50.8,30.26,3.63,341,6479,32071,17.79,45.66,15.06,99.32,0,48.4,1389.8,0
28.11,51.03,7.36,9.63,318,4770,27737,6.73,49.88,20.24,93.56,0,93.2,800.0,1
32.37,55.24,0.29,4.58,336,4704,27933,13.11,55.49,22.16,98.37,0,58.4,2135.8,0
40.54,62.15,5.47,6.07,199,4179,24672,19.24,59.72,25.85,45.17,0,50.2,2138.8,0
13.31,43.48,23.05,21.24,86,1290,7861,5.3,47.89,18.5,47.4,0,55.6,1197.4,1
40.54,72.21,29.42,10.56,307,3991,24785,13.35,64.49,27.13,182.17,0,78.5,1760.4,1
7.42,51.78,12.59,31.24,230,2070,11918,3.11,47.56,15.57,95.11,0,35.7,1394.2,0
10.84,55.21,5.22,17.89,241,5302,25129,7.33,44.51,18.79,12.67,0,86.0,808.1,0
41.88,74.29,11.26,7.67,113,2599,17181,17.04,62.08,30.98,23.13,0,98.9,2364.0,0
23.61,23.07,27.15,9.05,176,2992,17312,5.16,49.35,21.37,31.85,0,89.6,1324.6,1
37.27,16.82,5.7,17.04,328,7544,40046,6.37,56.75,20.9,23.89,0,89.3,1911.4,0
54.07,60.84,7.3,16.05,334,4676,30366,7.14,63.18,31.26,93.95,0,31.8,2316.3,0
40.52,55.13,11.64,20.62,175,2450,17312,5.56,54.1,26.85,134.88,0,71.0,2217.1,0
14.25,77.29,32.72,3.12,153,1224,8540,9.13,49.7,21.28,0.19,0,70.1,1607.9,0
26.26,38.12,13.09,4.51,265,3710,22273,23.59,53.45,19.78,37.27,0,75.1,1613.4,0
71.63,62.28,3.49,8.05,117,2340,19196,18.69,70.3,52.33,201.21,0,87.4,2958.2,0
12.46,49.6,1.4,17.27,91,1820,10081,9.13,47.16,18.44,46.39,0,44.4,1511.6,0
46.38,69.22,1.5,18.64,108,2268,17006,11.24,66.19,29.43,266.54,0,53.7,2081.1,0
25.98,22.22,45.01,2.11,161,3703,20581,3.47,54.42,21.39,251.91,0,87.1,1651.9,0
67.44,51.03,25.92,6.83,201,4020,26552,9.48,72.24,32.82,96.51,0,89.3,1671.5,1
26.1,65.92,21.78,16.2,105,840,7894,4.77,50.98,22.59,17.09,0,63.0,1959.4,0
23.98,43.08,10.29,6.27,151,3473,18542,9.42,52.05,22.18,94.56,0,46.6,2094.9,0
30.97,54.18,16.75,13.73,248,4960,27561,7.99,56.61,23.29,46.19,0,70.6,2212.5,0
49.37,55.75,2.04,15.36,79,1501,13187,21.82,61.97,24.32,259.07,0,28.9,1764.7,0
24.78,60.04,14.55,8.67,212,2968,18612,6.1,53.94,19.7,11.08,0,71.7,903.4,1
20.75,38.66,24.97,12.24,248,3224,19822,7.2,53.59,19.73,16.85,0,80.6,1408.8,1
50.07,47.73,0.96,10.81,86,1118,11378,22.4,64.46,29.76,95.1,0,34.9,2531.3,0
22.41,62.42,5.27,15.91,308,2772,18664,9.42,53.05,17.44,60.63,0,27.3,1390.4,1
36.3,66.16,1.75,10.26,302,4228,25355,14.23,56.0,21.98,59.52,0,45.1,1805.6,1
12.75,57.59,4.52,3.94,298,4470,24285,6.95,47.88,19.1,32.0,0,85.9,1212.0,1
16.29,49.85,22.21,16.55,108,2268,12887,8.15,50.64,19.43,80.84,0,58.3,1680.7,0
37.67,56.41,6.05,11.62,76,1140,10368,8.9,53.22,23.32,24.98,0,88.6,1415.9,0
14.24,67.64,17.55,16.48,190,1900,12015,10.64,51.48,19.51,69.94,0,34.9,1354.5,1
10.18,58.02,22.26,7.13,241,5061,25084,7.55,43.31,17.05,80.0,0,39.2,1489.8,0
31.3,37.29,25.44,10.1,195,2535,15980,5.63,55.09,17.45,200.15,0,26.1,1188.9,0
69.81,38.14,31.0,8.75,114,1482,16554,8.49,70.07,42.03,15.85,0,41.8,2580.7,1
17.15,55.55,13.66,20.41,284,3408,18857,2.5,48.78,17.1,34.08,0,26.8,800.0,1
33.26,30.12,4.94,17.76,218,3488,21884,18.24,54.74,19.98,155.97,0,52.8,1841.2,0
38.28,66.89,2.45,29.31,323,7106,37227,4.82,62.73,22.41,22.37,0,25.3,1704.7,1
16.5,41.08,10.51,11.09,64,1024,7591,9.64,49.02,20.48,79.97,0,74.1,1655.3,0
11.63,37.66,1.64,5.61,192,4416,21735,6.65,39.96,16.57,158.61,0,72.7,1286.8,0
16.04,80.32,36.24,6.35,93,1767,10332,4.66,48.67,17.15,5.42,0,31.3,1163.4,0
20.54,47.33,8.76,20.57,298,2980,18687,7.08,52.38,15.83,20.28,0,20.9,1912.8,0
39.29,59.25,30.95,26.3,60,1080,9431,11.96,55.29,28.51,54.31,0,82.7,1942.5,1
11.64,63.98,18.53,5.38,69,1587,8356,9.32,46.14,20.87,80.64,0,74.8,1421.5,1
54.31,76.78,29.2,8.8,67,1005,12582,12.35,68.85,37.87,69.31,0,54.2,2627.9,0
23.43,46.11,32.31,6.1,212,3392,18971,15.46,50.32,21.58,24.06,0,95.0,1249.1,0
24.7,57.66,0.82,39.45,152,1824,12803,10.42,54.1,19.39,139.14,0,68.7,1305.9,1
26.28,53.21,19.38,15.0,96,2208,13076,3.92,53.09,24.97,15.5,0,88.3,1876.5,0
27.09,90.97,3.85,7.03,272,3536,21927,5.02,61.18,25.04,0.69,0,75.5,1832.4,0
37.26,24.67,68.06,6.8,90,990,9796,16.94,58.02,24.56,44.8,0,74.4,2066.6,0
27.01,52.59,22.6,28.44,169,2197,14914,8.54,50.88,20.52,245.51,0,43.5,1904.1,0
46.69,54.74,0.1,17.51,211,4009,25026,12.52,62.57,28.29,42.17,0,64.9,2301.4,0
31.95,53.34,39.35,12.14,249,5727,30089,7.06,53.63,21.21,92.29,0,44.7,1388.4,0
21.52,33.33,5.19,9.2,193,1930,12984,9.52,43.28,19.07,191.52,0,36.7,1301.3,1
27.76,27.18,8.08,9.34,110,2090,13250,11.9,51.24,17.66,86.71,0,23.4,1492.8,1
17.81,31.89,14.21,5.18,297,3861,21806,10.03,48.31,21.78,20.67,0,78.1,1736.2,0
29.24,67.94,37.21,7.79,135,2295,14228,8.23,55.8,22.78,1.04,0,44.9,1417.4,1
12.02,54.75,39.33,9.05,312,5616,29207,4.72,47.55,21.29,108.75,0,95.8,1410.5,1
29.9,28.61,12.43,10.97,269,3766,22928,8.21,50.63,19.89,178.86,0,34.3,1994.7,0
19.44,76.48,5.71,11.34,212,1696,12110,10.92,49.69,19.69,8.75,0,33.7,1643.3,0
34.54,84.45,4.91,21.16,249,3486,21299,6.57,56.4,26.73,133.81,0,77.3,1689.6,1
17.33,59.52,6.8,7.69,125,2375,13361,10.95,50.05,17.97,111.86,0,48.4,922.3,1
39.8,61.41,2.99,27.64,82,820,8552,7.95,57.78,28.93,64.22,0,72.6,2229.1,0
60.01,56.33,16.62,11.09,86,1892,16278,10.42,66.26,33.8,76.02,0,80.0,1968.2,0
31.0,45.59,11.26,14.78,179,2148,14772,13.43,55.58,25.54,147.22,0,66.5,2127.3,0
32.79,27.55,22.27,22.36,216,2592,17282,9.94,57.7,24.67,26.74,0,79.8,1919.2,0
14.23,38.76,1.48,16.52,106,1378,9403,9.55,48.22,17.88,16.65,0,72.4,1061.7,0
26.23,54.19,7.66,18.71,131,3013,16888,4.2,50.21,19.22,53.9,0,28.2,1352.3,1
19.16,63.63,4.11,8.39,120,1080,9242,14.17,54.26,20.64,31.07,0,91.9,1259.1,0
36.32,51.52,11.49,10.89,80,1680,11780,7.87,57.98,21.9,6.41,0,48.3,1756.5,1
25.34,53.58,9.47,18.63,338,5408,29265,11.7,54.13,21.1,39.53,0,60.7,1765.5,0
56.01,55.66,8.96,18.89,239,4780,29268,12.97,64.19,28.82,12.84,0,39.9,1925.5,0
54.61,56.59,5.69,13.37,205,2870,21104,7.71,64.24,31.26,115.49,0,68.3,2115.7,0
31.06,46.2,19.47,18.55,103,1854,12287,7.72,53.52,22.04,128.78,0,23.7,1934.0,0
2.34,61.19,9.85,7.38,131,1441,8773,4.32,40.82,16.71,11.05,0,59.7,816.3,1
32.29,38.32,3.39,18.04,239,2868,19111,9.25,56.8,27.27,116.54,0,84.7,2406.0,0
24.68,59.6,11.89,21.05,68,1496,9486,9.66,51.33,20.2,9.78,0,29.4,1801.7,0
17.38,32.23,13.62,12.13,104,1248,8395,5.86,49.81,22.61,23.44,0,99.8,1190.8,0
47.73,37.09,0.32,13.47,255,4335,27054,13.48,58.27,26.52,12.72,0,97.4,1919.4,1
7.3,44.24,3.42,3.58,147,1911,10605,15.16,44.99,18.56,103.51,0,83.8,1547.2,0
27.02,57.92,4.16,27.83,189,3969,21530,10.6,53.47,21.69,15.29,0,77.6,1625.8,1
25.13,58.54,4.28,14.94,135,1485,11475,9.06,53.56,18.92,127.39,0,78.6,1649.9,0
5.79,42.24,4.09,17.22,263,3419,19229,7.31,45.78,14.35,17.4,0,30.1,1205.7,0
33.2,33.72,4.75,14.83,119,1309,10978,7.1,54.5,22.45,8.56,0,76.3,1779.2,0
24.0,73.09,4.57,16.01,84,1008,8378,5.68,55.15,18.19,65.97,0,51.1,1170.3,1
37.89,56.0,32.32,15.34,313,7199,38655,13.77,53.02,27.37,33.29,0,75.2,2305.3,0
7.11,52.94,5.78,29.47,312,3432,18902,6.79,46.72,18.33,122.2,0,54.8,1149.8,1
32.3,60.46,6.46,53.77,291,4656,27756,10.84,58.62,23.72,118.98,0,39.8,2097.5,0
40.71,40.69,4.64,23.36,179,3938,22726,12.36,55.09,27.28,39.06,0,87.9,2079.1,0
43.23,71.06,51.43,25.73,221,1768,15794,11.14,60.35,31.45,63.19,0,38.3,2477.7,0
5.35,63.64,11.5,9.3,237,2844,15206,16.85,46.78,16.61,49.73,0,25.4,1330.5,0
14.01,50.75,14.15,10.68,274,3288,18345,12.28,45.27,18.34,8.76,0,41.9,1843.3,0
18.96,54.07,19.95,15.16,151,1208,9050,9.26,47.83,21.95,1.11,0,89.8,1652.6,0
40.89,51.4,6.09,16.8,111,2331,15693,8.69,61.57,26.96,95.46,0,44.1,2151.8,0
29.64,75.0,52.0,15.25,141,1551,11572,6.05,56.56,21.33,78.99,0,66.4,1268.0,0
20.64,61.47,2.48,6.83,155,1395,10864,11.09,54.98,20.51,116.46,0,86.1,1674.3,0
57.93,63.14,9.18,9.47,121,1089,13135,12.93,68.09,30.94,37.79,0,47.2,2030.1,0
9.14,56.04,2.36,9.77,243,5346,26466,7.97,44.04,20.64,14.19,0,69.1,1246.9,0
20.11,55.0,23.44,16.08,98,882,7750,4.9,51.56,21.99,129.24,0,82.4,1752.8,0
35.72,83.19,1.7,10.05,98,1862,13135,6.59,58.81,25.37,49.12,0,52.9,2137.7,0
33.5,49.56,12.11,10.78,343,5831,31876,7.41,57.44,24.64,1.44,0,44.1,1970.2,0
35.76,58.29,1.66,10.39,224,1792,15235,8.41,55.67,22.14,107.36,0,38.3,1716.6,1
23.29,85.92,9.04,17.74,278,5282,27671,9.56,55.67,20.34,52.3,0,67.4,1824.9,0
30.56,74.91,4.93,25.05,250,4000,24186,16.58,59.48,20.84,104.74,0,60.5,1597.4,1
5.86,60.69,35.04,7.54,308,4004,21848,2.34,44.39,17.48,61.58,0,68.7,800.0,0
15.68,32.35,0.82,19.24,104,1456,9256,5.96,49.14,16.72,90.65,0,41.1,996.6,1
17.95,87.53,15.74,7.08,145,1885,10681,8.34,49.8,21.67,148.92,0,82.5,1447.5,0
31.57,51.39,17.82,18.01,210,2310,16330,5.04,53.72,24.05,31.76,0,50.4,2133.0,0
12.08,56.26,32.97,5.7,122,2074,12571,10.84,48.48,21.51,108.04,0,88.5,1696.6,0
37.6,70.48,31.52,27.91,161,1449,12618,6.86,65.02,28.72,28.6,0,37.5,2401.1,0
21.53,51.91,56.62,10.34,259,3108,18580,8.51,50.32,21.65,19.37,0,99.7,1276.5,0
33.72,58.19,4.39,13.87,226,2260,16477,15.61,56.84,21.23,5.73,0,47.2,1789.6,1
15.53,55.97,4.82,13.05,121,2662,14570,8.72,47.44,19.32,118.77,0,28.2,1500.3,0
23.77,49.55,7.59,27.53,314,2512,18071,16.65,54.66,17.27,15.03,0,23.4,1340.7,1
23.0,60.27,11.57,8.2,241,2169,14945,2.53,52.91,21.17,6.61,0,68.4,1121.9,0
21.6,45.49,6.86,11.79,292,5548,28749,9.05,51.25,16.37,30.59,0,55.3,1100.2,0
54.62,37.95,20.22,13.38,189,2835,21652,11.16,65.94,32.13,76.05,0,66.7,2296.6,0
35.44,63.11,0.13,21.86,308,4312,25266,11.15,61.34,22.3,1.08,0,33.6,2033.0,0
26.51,73.78,0.27,7.72,62,1364,10062,9.43,54.54,21.86,136.15,0,50.1,1243.5,0
27.12,43.86,18.88,3.38,270,3780,22739,7.83,53.02,19.36,103.57,0,55.1,1554.8,0
20.87,47.1,32.2,6.12,296,5920,31065,5.6,49.5,22.77,226.71,0,50.4,2004.3,0
38.32,55.07,22.48,18.81,322,5152,29689,9.64,55.68,23.86,51.39,0,89.1,1414.0,0
10.71,55.09,1.87,12.75,62,1054,5921,1.84,45.5,19.62,3.25,0,72.8,1317.9,1
51.8,25.42,40.99,11.68,120,2400,17690,16.76,60.23,24.66,14.97,0,84.4,1592.8,0
16.62,48.64,11.07,7.33,120,1080,7691,9.07,47.17,20.92,16.43,0,75.7,1289.0,0
14.53,81.93,20.34,12.7,69,621,4774,8.86,48.55,21.85,145.76,0,98.9,800.0,1
44.64,75.96,3.37,16.53,286,4862,28815,11.61,64.79,28.76,49.54,0,85.3,1682.0,0
6.36,80.56,11.94,11.35,328,7544,35841,2.13,46.19,19.99,22.59,0,98.7,800.0,0
58.12,64.26,6.01,26.52,285,5700,34416,12.66,67.65,41.53,75.4,0,83.3,2843.5,0
20.68,47.02,55.19,20.21,304,6384,32042,8.12,50.08,21.95,245.06,0,53.1,1849.1,0
46.71,58.85,9.64,11.26,78,1014,11745,14.95,63.7,29.36,43.3,0,30.6,2320.3,0
35.58,63.98,21.13,18.44,271,4878,26413,5.82,61.4,22.84,108.82,0,50.6,1900.3,0
28.94,50.06,13.87,12.7,121,1089,10018,3.6,56.37,20.73,71.62,0,93.7,1489.8,1
50.26,29.13,1.49,14.65,254,3810,25633,6.39,61.46,33.07,72.23,0,58.9,2709.0,0
20.38,68.58,11.74,10.6,142,2272,14289,9.04,52.97,18.84,27.83,0,45.9,1079.8,0
40.34,48.27,11.65,13.56,90,1170,10761,18.22,55.59,27.51,143.13,0,60.6,2457.5,0
33.16,64.4,18.87,4.99,101,1313,10539,10.36,58.87,23.52,1.81,0,83.1,1784.6,0
26.75,31.28,5.83,7.55,278,3336,21655,3.76,53.15,20.76,60.07,0,70.0,1237.9,0
19.75,45.38,29.56,24.75,326,5542,28486,12.47,50.79,20.69,4.79,0,62.2,1714.8,0
3.92,60.82,14.62,10.04,298,4172,21336,5.72,43.61,18.6,13.02,0,98.4,800.0,1
24.58,64.47,0.6,6.47,260,3380,19868,13.8,48.76,23.64,84.57,0,67.8,1405.8,1
41.24,66.23,18.41,32.93,221,4420,26413,13.4,62.02,24.63,6.77,0,30.5,2119.0,0
22.97,53.97,35.62,10.19,310,4960,27251,8.4,50.66,19.81,11.89,0,83.0,1701.1,0
30.59,57.89,17.24,16.79,268,3484,20861,12.67,56.89,21.51,15.04,0,33.5,2023.3,0
12.16,60.85,7.17,8.96,235,5405,26187,2.08,47.47,19.3,2.08,0,88.4,1429.0,0
4.91,59.8,13.4,21.21,167,3841,18248,8.42,43.82,17.16,59.76,0,37.0,1377.1,0
21.2,63.57,2.82,12.22,161,1288,10387,6.67,50.6,20.46,122.76,0,92.9,1087.8,1
40.8,37.73,13.79,4.46,346,7958,41189,10.87,54.13,25.71,18.24,0,76.7,2260.8,0
28.95,82.95,10.43,42.28,106,2438,15696,4.86,55.96,25.35,108.17,0,82.5,1660.5,0
14.29,52.24,0.4,8.58,107,1177,8166,4.16,47.83,18.92,88.89,0,97.4,1234.8,1
6.88,53.58,5.83,10.08,237,3318,17954,14.03,47.59,17.4,66.84,0,43.0,1110.3,1
47.81,50.63,3.18,5.89,95,1805,14541,8.92,65.27,25.22,34.88,0,47.4,1924.2,1
25.9,58.48,7.43,4.14,277,2770,18730,4.29,50.43,21.17,2.82,0,62.2,1324.8,1
29.24,33.36,4.15,23.52,186,4092,21662,6.1,55.27,21.08,10.39,0,66.1,1933.0,0
38.56,47.69,26.96,13.8,111,2109,15477,10.58,55.44,26.81,11.19,0,64.9,1859.3,1
1.82,26.38,17.94,3.81,339,6780,33070,2.71,41.81,14.97,135.99,0,71.3,800.0,0
19.46,47.98,20.21,9.72,321,4173,24095,8.85,47.44,20.38,48.63,0,93.9,1319.7,1
11.05,57.37,6.71,15.28,87,957,7429,5.0,47.78,18.97,177.52,0,39.4,932.3,1
10.85,63.54,0.1,17.5,104,2392,11948,8.13,45.86,16.42,1.23,0,27.6,1612.4,0
19.77,54.11,3.71,7.16,137,1644,10555,10.6,55.27,18.29,39.75,0,27.1,1514.7,0
25.66,59.29,21.12,8.96,98,2156,13110,16.63,45.72,21.24,137.1,0,56.7,1583.3,1
39.68,29.71,13.85,8.12,198,2970,19255,13.57,57.25,24.92,33.56,0,58.6,2195.2,0
40.84,57.34,11.6,9.72,263,5260,29936,4.85,57.44,22.1,19.56,0,99.2,1345.8,1
15.1,73.86,4.94,13.94,308,5544,29175,4.91,51.17,18.32,54.85,0,30.3,1201.7,1
32.8,61.96,1.18,19.84,237,4740,26612,15.96,59.65,24.2,46.07,0,46.6,2277.0,0
19.38,43.8,23.05,14.02,221,4199,22593,15.0,54.05,21.73,26.01,0,81.1,1314.3,0
41.9,57.54,0.59,14.29,175,2275,16194,15.88,64.2,24.64,149.88,0,33.2,1476.7,0
39.56,75.47,0.91,10.85,304,6384,34806,8.45,57.9,27.84,142.32,0,88.8,2176.3,0
11.12,63.54,5.24,6.03,338,6422,32022,16.68,51.44,18.85,26.35,0,44.9,1322.9,1
29.22,63.95,12.76,11.16,188,1692,12948,6.93,52.74,20.56,144.56,0,20.4,1904.1,0
11.38,43.21,72.86,9.44,219,5037,25359,2.52,47.55,17.06,4.68,0,52.3,1524.8,0
27.48,49.56,1.43,8.07,157,3297,19035,8.18,52.35,20.48,18.96,0,46.2,1258.8,0
77.8,53.97,9.61,12.31,241,5302,33656,11.83,76.91,61.62,62.58,1,74.9,3332.9,0
16.58,82.1,13.81,4.77,173,3806,19810,10.7,52.92,20.99,90.36,0,57.1,1189.2,1
27.67,41.31,25.98,9.22,256,2560,17869,8.11,51.77,19.55,8.31,0,36.6,1440.9,1
27.34,58.89,17.55,8.06,275,2200,16368,18.13,54.78,21.94,11.91,0,35.4,1991.6,0
19.26,65.1,24.73,7.36,200,3200,18266,14.19,47.18,22.12,32.87,0,72.9,1638.0,0
37.88,66.13,11.09,17.25,282,4794,27530,10.45,60.28,29.1,16.97,0,75.3,2365.8,0
70.91,51.27,8.54,13.12,105,1995,18532,7.58,73.59,50.81,51.63,0,85.5,2966.8,0
21.8,50.11,14.46,16.14,92,2116,11879,16.78,47.91,21.57,3.0,0,98.1,1812.0,0
19.25,83.91,34.67,15.75,100,1800,10957,10.7,50.44,19.64,20.08,0,62.9,1347.1,0
52.89,50.98,12.01,6.74,275,5225,31487,8.95,65.67,32.17,184.71,0,85.2,2215.6,0
25.96,48.73,13.96,23.48,60,780,7441,12.57,51.02,21.29,112.35,0,32.1,1847.8,0
30.48,68.94,6.19,9.15,324,5508,30562,6.91,56.23,24.43,43.3,0,33.3,1938.6,0
9.75,56.93,13.6,23.99,246,3936,20546,4.94,49.75,20.31,155.15,0,81.4,1316.5,0
18.84,35.49,14.82,9.69,180,3960,20094,10.34,49.45,15.59,97.48,0,25.8,1002.5,1
6.57,69.69,21.0,5.68,147,1470,8727,6.07,44.61,20.61,216.7,0,77.3,1075.2,1
18.85,49.03,12.74,6.49,85,1955,11817,5.97,51.85,17.21,6.29,0,33.1,1469.9,0
17.94,48.87,3.3,21.52,98,2254,12943,20.37,50.01,20.3,73.83,0,39.8,1978.8,0
27.41,94.9,13.08,16.89,209,4389,23920,8.58,58.97,21.66,164.43,0,41.5,1248.9,0
43.27,51.48,5.3,7.78,284,5396,31458,10.34,63.17,30.44,14.5,0,88.4,2260.4,0
34.44,56.01,1.37,13.89,158,1896,14337,11.8,58.32,23.31,94.15,0,33.9,1956.9,0
5.39,68.7,26.18,21.83,84,1932,10728,2.53,44.91,17.68,122.15,0,32.7,1384.8,0
13.92,41.02,1.03,32.38,169,2028,12099,9.81,46.22,16.4,25.05,0,25.0,1487.9,0
18.26,63.37,14.98,13.35,160,1920,12179,5.18,50.13,21.72,12.82,0,98.9,1341.8,1
24.68,68.86,66.97,14.78,182,2912,17104,9.06,51.58,22.01,24.62,0,63.7,2066.0,0
4.89,74.9,1.38,11.05,325,7150,34093,11.81,48.48,19.62,52.83,0,69.5,1250.9,0
45.83,64.89,3.73,12.28,267,5340,30522,18.2,65.15,29.19,71.03,0,91.6,2100.9,0
15.87,38.43,21.46,17.2,168,3360,17892,14.44,51.82,17.65,19.35,0,30.0,1311.3,1
15.13,61.54,1.53,6.35,88,792,6666,4.8,48.27,16.77,63.44,0,30.7,1333.6,0
29.6,34.82,26.82,17.99,319,7337,38493,17.57,53.83,19.47,20.63,0,44.7,1907.8,0
6.83,73.45,0.1,9.66,127,1651,9585,21.17,42.8,16.17,12.14,0,24.8,1320.3,0
8.68,71.11,33.1,7.82,138,2070,12239,7.5,49.23,20.63,5.86,0,99.8,1287.6,0
27.69,58.37,1.04,7.84,314,5338,29020,9.85,56.84,22.29,9.9,0,79.0,1598.0,1
26.85,57.76,38.26,38.15,191,3247,19745,13.93,52.27,19.97,83.49,0,85.6,1006.8,1
42.88,54.89,29.99,26.53,72,1656,12814,15.21,61.73,34.27,26.37,0,92.4,2574.6,0
6.67,54.6,11.63,7.26,237,2607,13752,15.02,46.66,18.79,88.23,0,80.9,1296.2,1
51.97,69.52,22.57,14.33,112,2240,15812,13.7,63.74,27.68,94.89,0,50.3,1658.1,0
25.61,50.33,1.17,13.98,115,2415,14488,12.8,48.89,17.49,18.99,0,22.5,1633.9,0
19.09,87.88,2.18,34.47,114,2508,13290,11.37,52.98,22.28,33.63,0,26.7,1602.8,0
22.84,57.6,6.91,9.36,348,2784,19085,14.69,50.52,19.22,60.52,0,21.9,1690.8,0
57.39,73.62,11.57,3.21,128,1536,15041,7.27,72.64,41.52,53.36,0,92.3,2751.2,0
25.11,30.18,30.4,11.33,299,3588,21879,6.76,55.26,20.76,74.15,0,58.0,1935.0,0
34.76,46.34,11.74,10.35,117,1287,10785,4.62,56.69,28.47,244.23,0,99.9,2306.4,0
9.69,68.75,16.41,16.02,328,2952,19095,13.26,45.17,20.1,174.08,0,51.1,1441.9,0
18.21,59.84,17.09,20.39,194,2716,16095,4.31,52.24,19.95,118.4,0,52.3,1051.4,0
41.2,55.43,31.5,24.21,116,2668,17703,6.37,62.22,26.95,70.53,0,37.1,2061.4,0
14.62,70.89,22.49,23.74,196,3920,20816,9.5,53.51,19.45,58.27,0,46.2,1249.1,0
42.5,86.81,56.6,17.99,341,4774,28565,20.71,64.11,32.11,26.06,0,46.2,2389.9,0
20.72,37.66,0.3,22.89,82,1476,10034,5.05,46.94,21.43,144.67,0,98.4,1844.9,0
60.51,70.01,3.49,5.37,243,2430,21001,10.93,62.25,36.39,132.89,0,32.0,2488.7,0
56.99,48.36,39.98,10.44,213,3621,24258,10.16,65.1,41.31,129.05,0,95.4,2758.5,0
36.97,67.82,23.57,12.23,175,3850,22700,4.02,60.1,25.85,7.38,0,94.8,1424.5,0
10.09,48.19,4.67,16.01,134,2948,15243,11.26,44.3,16.07,174.58,0,70.1,1020.9,1
4.86,62.94,54.89,8.35,136,1768,10076,10.49,46.67,18.36,40.57,0,67.9,1123.9,1
8.61,64.3,30.59,8.15,111,999,7359,3.1,41.37,16.13,0.4,0,46.5,1050.1,1
14.75,44.55,1.0,9.85,248,4960,25625,22.4,48.97,18.06,0.23,0,52.1,1560.6,0
44.85,47.87,25.01,15.82,331,5958,33850,7.78,63.57,25.77,79.49,0,38.3,1804.4,1
13.05,52.17,23.02,1.63,207,1656,11060,12.5,45.09,17.97,96.41,0,49.6,1740.8,0
32.28,30.62,3.75,12.05,155,2480,16061,12.56,54.13,24.34,26.53,0,60.2,2148.5,0
20.68,61.81,16.6,7.9,311,5598,29173,14.96,50.67,23.86,70.61,0,87.0,1784.9,0
33.05,77.09,52.71,7.27,132,2244,14440,6.69,61.49,21.48,2.47,0,46.0,1494.8,0
24.22,36.11,16.9,14.87,191,3629,20295,6.77,52.74,20.28,105.18,0,51.3,1584.4,1
19.14,64.87,25.21,13.28,170,3230,17021,15.77,49.12,18.46,115.84,0,31.2,1681.0,0
5.55,60.15,1.57,13.77,197,1576,9609,4.55,41.78,16.35,21.72,0,28.0,1451.3,0
22.36,44.66,19.5,13.49,115,1955,12319,6.43,52.31,18.08,78.27,0,20.8,1260.1,0
30.24,85.61,3.44,28.22,262,3144,20620,5.07,60.05,27.2,28.08,0,81.5,1997.3,0
22.18,72.26,1.12,24.7,279,2790,17976,9.0,53.33,24.97,132.87,0,64.7,2085.8,0
10.12,73.58,12.05,5.28,249,3984,20231,8.54,44.22,18.24,65.9,0,64.1,1109.9,0
17.19,55.61,20.83,9.09,199,2985,16955,11.67,50.46,19.48,160.49,0,32.1,1336.9,0
55.2,32.31,11.87,9.76,99,1089,12183,24.8,58.94,35.34,96.53,0,79.2,2575.2,0
28.7,57.57,40.24,4.9,307,5833,31403,15.35,53.89,20.93,15.7,0,59.3,1227.5,0
23.39,53.12,17.84,62.48,285,4275,24648,6.81,52.77,22.51,15.03,0,62.5,2041.2,0
10.93,70.33,1.88,12.96,95,1140,7248,3.54,50.38,20.62,20.27,0,97.1,1293.9,0
39.03,46.13,40.89,5.98,98,1960,14087,7.39,60.09,29.52,1.61,0,73.9,2264.3,0
40.59,75.02,2.49,23.11,71,1349,11707,11.96,64.14,26.07,46.43,0,84.9,1693.7,1
47.09,45.68,21.3,13.2,313,5321,32104,9.12,63.52,30.21,94.22,0,67.5,2472.9,0
25.1,65.59,2.41,7.72,60,900,7209,8.8,53.01,23.07,101.35,0,71.0,1643.0,0
63.91,43.8,98.36,18.51,143,2717,20921,13.23,65.11,43.99,80.59,0,95.6,2839.4,0
39.76,54.43,6.06,21.11,223,4014,24120,11.58,59.62,24.31,2.93,0,98.8,1565.1,0
18.64,35.01,10.28,18.45,225,2025,13488,13.15,48.31,18.12,18.64,0,50.4,1380.8,1
14.04,56.09,9.43,16.92,318,6996,33375,11.75,47.34,19.45,157.01,0,67.4,1511.5,0
20.79,39.88,1.61,7.97,237,3555,20961,7.5,48.24,21.75,34.82,0,89.7,1783.7,0
23.51,63.32,10.22,4.55,232,3248,20693,7.64,54.13,22.82,10.78,0,73.8,1921.7,0
15.85,65.45,2.43,5.92,207,4140,21230,8.84,51.3,19.18,98.42,0,59.6,972.4,0
46.37,54.83,24.29,9.16,297,3861,25716,13.15,55.32,31.04,14.0,0,75.8,2306.7,0
14.25,45.2,47.66,4.3,233,5359,26427,19.37,48.3,21.71,42.62,0,59.6,1197.6,1
29.46,61.08,24.76,35.92,198,2970,18777,6.55,55.38,24.84,74.93,0,86.4,1940.7,0
42.61,69.26,8.46,6.7,89,1869,13950,17.25,59.4,28.26,9.61,0,62.4,2227.2,0
21.87,52.45,0.1,10.87,119,1666,11801,6.24,51.79,19.08,4.38,0,63.9,1646.9,0
27.31,48.56,0.56,13.22,239,2868,18480,19.6,49.61,22.61,62.1,0,73.9,1979.0,0
49.7,36.1,10.25,23.6,79,948,9916,16.05,57.72,26.51,14.57,0,63.8,1821.9,1
6.19,58.27,17.07,16.33,169,3042,14278,11.49,48.68,20.12,175.22,0,78.7,1056.4,0
15.09,70.9,25.68,13.71,345,6900,34453,12.94,55.58,19.6,74.4,0,45.6,1887.9,0
45.04,76.45,13.73,49.5,263,4471,26078,10.05,67.9,30.13,18.77,0,38.6,2328.9,0
3.43,58.56,57.47,31.99,327,6540,31549,8.78,40.98,21.85,48.93,0,80.6,1410.3,0
41.92,33.98,10.21,15.44,125,1750,13977,12.75,59.76,29.64,31.75,0,82.2,2280.2,0
69.88,47.95,13.75,14.5,274,6028,36102,16.84,70.09,44.33,19.19,0,68.0,2604.4,1
5.13,72.56,3.92,11.25,235,5405,26055,3.33,45.71,18.88,15.61,0,66.2,855.5,0
13.78,67.33,6.23,18.84,328,6888,34260,10.72,55.11,16.8,55.1,0,37.9,800.0,1
48.25,39.49,17.24,9.75,77,1540,13201,17.27,67.6,30.93,41.78,0,27.3,2470.2,0
17.31,84.65,13.81,7.81,206,3090,18051,17.39,54.64,18.85,7.78,0,21.3,1663.6,0
20.33,38.76,6.92,28.11,214,4066,22087,3.43,51.89,21.05,50.05,0,76.2,1861.6,0
37.21,49.16,1.78,7.7,89,979,9213,8.93,57.44,21.2,161.34,0,88.5,1251.7,0
24.49,62.55,6.29,11.92,188,1880,13120,7.78,56.82,24.29,86.31,0,98.6,1781.5,0
15.09,53.81,0.68,9.65,195,1755,11402,5.32,48.56,21.99,114.25,0,97.4,1729.6,0
21.49,50.12,13.04,11.7,122,1586,9566,15.72,48.72,20.88,59.19,0,93.8,1729.6,0
8.47,55.2,5.85,13.75,209,2926,16348,10.89,43.27,17.86,32.93,0,40.0,1385.5,0
4.82,70.38,7.17,12.23,207,1863,11745,2.28,45.26,16.35,87.27,0,28.4,1209.3,0
28.52,83.85,12.84,7.2,201,3819,21953,6.66,52.41,21.9,3.8,0,29.4,1833.4,0
19.41,59.55,13.06,9.54,206,1854,12470,10.13,55.97,18.82,28.99,0,40.7,1201.4,1
6.45,45.57,13.31,18.04,152,3040,14842,0.84,41.34,14.41,18.54,0,24.8,1264.5,1
14.82,56.58,10.15,13.93,85,850,6660,6.88,47.65,20.66,45.4,0,77.5,1616.4,0
12.01,84.62,10.05,15.44,236,2596,15104,1.77,51.82,23.45,0.84,0,87.7,1758.1,0
43.17,67.18,25.82,20.96,159,3657,22718,9.02,63.19,29.74,5.82,0,37.4,2427.6,0
8.76,75.09,9.45,16.84,79,1738,10162,11.3,49.11,17.98,5.4,0,32.9,1069.4,1
39.56,67.46,11.52,8.5,212,2544,17952,19.44,59.27,27.03,44.74,0,29.3,2280.1,0
19.63,69.11,66.63,14.81,195,2145,14668,13.3,49.67,21.74,12.54,0,47.8,1735.4,0
24.05,55.7,3.0,14.59,170,1870,13433,7.65,51.18,23.36,106.92,0,87.2,1724.9,0
32.38,76.61,19.44,4.7,163,3423,19850,4.57,54.21,23.51,42.34,0,68.7,1802.4,1
18.05,12.53,9.61,4.47,187,1870,12137,13.63,46.69,19.32,9.48,0,66.1,1745.8,0
54.57,63.54,26.63,15.91,80,1120,12472,12.14,66.77,29.28,19.19,0,88.1,1763.2,0
19.72,62.18,7.76,8.69,262,3668,20923,2.04,52.75,18.25,51.56,0,51.0,1549.7,0
25.73,41.98,5.41,9.24,234,4212,23546,6.94,55.41,20.01,78.76,0,31.9,1706.3,0
9.66,60.17,3.49,14.36,149,1639,10771,3.01,45.52,15.32,11.32,0,26.4,1102.2,1
35.5,63.92,30.86,12.29,130,2730,16785,7.43,59.46,27.74,68.12,0,67.4,2108.2,0
6.01,29.03,19.01,11.77,200,4000,19319,5.52,42.71,15.87,88.89,0,27.3,943.8,0
22.94,60.47,1.2,29.9,299,2392,16926,14.94,51.88,22.57,292.54,0,97.2,1658.1,0
19.52,74.5,18.75,10.49,147,2940,16189,5.51,54.73,24.18,97.98,0,68.5,1719.4,0
18.95,80.24,0.53,14.24,211,4431,23236,6.11,49.83,18.48,17.57,0,30.6,1758.2,0
32.41,64.43,3.01,8.56,285,2565,18439,5.85,60.48,24.53,28.42,0,75.2,1697.2,1
43.98,53.78,13.48,22.67,98,1078,10575,7.09,57.42,27.98,3.1,0,27.9,2265.7,0
1.4,69.66,9.34,14.91,255,2805,14875,11.87,44.46,19.39,7.19,0,86.3,1236.4,0
28.76,42.45,27.53,35.05,143,2145,14075,4.71,52.67,22.4,13.69,0,67.8,1788.0,1
37.69,66.94,14.04,13.27,264,6072,32575,5.78,59.52,22.58,23.66,0,53.2,1632.4,0
10.61,54.49,50.28,14.67,116,2088,11275,5.68,46.85,19.56,113.74,0,58.5,1087.3,0
26.48,72.88,28.98,11.89,210,1890,13967,5.9,57.95,21.51,48.83,0,25.9,1956.3,0
16.98,48.05,6.24,31.3,231,1848,12832,4.74,46.18,21.38,188.89,0,80.1,1736.5,0
45.7,80.95,26.95,15.2,136,2176,15724,25.09,64.2,28.04,180.3,0,47.0,1918.0,1
17.25,73.38,30.6,11.6,223,2899,16932,10.39,50.3,21.57,17.09,0,37.5,1620.1,0
30.74,60.69,52.46,7.13,115,2070,14333,12.87,53.17,24.68,31.9,0,66.0,1937.5,0
26.56,59.46,0.19,3.24,228,1824,15041,11.76,56.36,23.64,17.65,0,81.1,1431.6,1
31.48,80.75,31.16,12.87,134,1742,13452,9.33,64.53,22.71,0.1,0,31.6,1666.0,0
34.37,87.52,1.09,10.16,203,3857,21811,6.29,60.71,25.08,46.43,0,27.0,2162.7,0
27.31,50.09,11.27,1.83,332,5312,28946,7.91,53.18,22.1,4.81,0,77.5,1791.2,0
31.74,50.71,8.03,9.52,218,5014,26418,5.8,58.83,23.89,4.55,0,32.1,2012.3,0
40.84,74.83,37.86,6.53,259,5698,32212,4.81,64.46,22.29,343.31,0,31.9,1598.1,0
32.87,19.94,7.79,33.13,328,5248,30457,9.86,50.57,23.27,7.76,0,83.5,1931.1,0
44.61,17.0,13.6,11.73,210,2520,18741,13.15,59.35,25.7,19.55,0,98.8,1910.6,1
8.38,44.16,17.66,25.6,320,6720,33784,6.99,44.99,19.11,39.44,0,75.3,1023.1,0
33.22,60.22,0.29,15.96,318,2544,18758,10.41,56.11,24.25,13.76,0,35.9,2258.5,0
14.99,39.03,13.41,22.43,186,2232,13596,4.82,49.89,18.3,3.54,0,42.3,1500.0,0
40.95,36.89,10.95,48.45,340,5780,33269,12.12,56.82,26.99,25.66,0,77.5,2223.3,0
11.92,48.49,13.52,19.89,155,1860,10525,16.18,50.96,19.0,36.22,0,55.0,1121.3,1
48.37,76.19,1.18,83.57,139,1251,12311,14.72,64.33,33.73,95.63,0,79.8,2390.7,0
28.32,49.86,0.86,17.72,134,1340,10675,7.88,53.15,20.09,32.11,0,89.6,1493.8,1
49.45,72.37,2.93,25.33,211,2321,17503,12.85,63.88,29.91,209.85,0,28.7,2274.1,0
55.08,57.33,30.55,9.97,164,1640,15276,8.41,63.61,37.02,79.4,0,61.8,2609.5,0
23.82,79.02,6.61,5.17,147,1470,11566,7.11,59.12,22.99,100.47,0,69.8,1817.2,0
22.64,52.19,8.54,2.71,185,1850,12750,9.84,52.89,23.46,1.31,0,78.5,2022.2,0
31.99,62.08,7.42,20.7,105,2310,15313,10.44,58.1,21.96,13.22,0,59.8,1257.9,0
26.31,59.17,18.8,9.1,124,1116,9866,5.3,53.56,20.75,35.91,0,70.2,1370.0,0
26.5,53.78,4.51,9.94,199,2587,16766,20.33,53.14,21.06,42.1,0,47.3,1397.0,0
41.57,67.88,1.06,9.85,146,2336,17386,7.21,63.58,27.68,27.72,0,42.6,2212.6,0
43.45,66.22,7.13,8.17,323,6460,35788,8.54,68.15,28.96,87.36,0,38.9,2285.2,0
9.85,59.38,19.52,32.93,327,5886,29537,10.38,47.65,15.16,82.9,0,43.8,1189.6,1
46.66,27.13,36.97,7.18,140,2520,17580,12.41,55.99,29.32,48.49,0,49.8,2338.4,0
2.83,38.29,0.78,16.34,281,2248,13408,5.04,41.99,16.69,50.0,0,59.2,800.0,0
15.99,42.02,24.95,16.34,294,5292,26493,3.59,48.81,19.64,28.72,0,98.0,800.0,0
31.58,59.46,1.03,5.0,136,1224,10507,12.52,54.48,20.63,22.19,0,75.9,800.0,1
11.8,55.32,6.02,17.22,184,3128,17763,9.87,50.95,18.31,57.98,0,47.3,800.0,1
29.75,44.69,0.34,6.11,324,7128,36701,12.27,50.75,21.12,45.93,0,26.5,1622.2,1
42.58,43.58,36.38,11.54,178,2314,17376,4.89,59.13,27.12,32.49,0,63.5,2194.8,0
47.06,66.3,18.4,9.68,343,2744,21599,12.37,64.92,26.96,226.12,0,38.9,2074.0,1
25.64,45.05,6.91,12.58,269,4573,24927,10.64,53.05,18.79,112.61,0,82.5,993.6,1
28.33,18.86,7.11,17.48,229,5038,27251,13.62,53.27,19.03,86.83,0,29.5,1828.9,0
57.34,58.29,15.32,7.18,348,7308,40603,6.67,69.74,28.21,55.48,0,83.2,1718.2,0
13.26,47.77,1.41,8.58,124,1736,11199,6.72,49.03,20.8,70.27,0,71.9,1564.3,0
28.83,67.28,2.35,4.59,251,2510,17503,11.67,57.17,21.39,28.63,0,36.9,1763.4,0
17.27,44.58,28.18,6.34,181,2353,13968,14.35,49.5,19.86,104.99,0,56.8,1721.6,0
34.02,52.37,3.39,19.22,270,2700,19116,18.11,57.29,20.6,89.89,0,63.5,1249.0,1
68.52,60.05,19.46,9.75,63,1197,13648,17.84,67.18,44.59,376.21,0,23.0,3040.6,0
17.8,22.92,3.84,21.03,66,858,6444,12.66,49.86,17.04,30.46,0,25.5,1632.0,0
37.02,46.79,1.38,6.89,171,1881,15042,7.56,56.09,24.07,9.57,0,38.0,1980.4,0
32.06,44.2,34.54,7.67,152,2432,16159,10.6,58.49,21.94,25.93,0,58.0,1538.6,1
15.91,48.59,34.79,23.62,312,3120,19750,9.94,50.18,21.83,3.7,0,73.0,1758.7,0
58.34,47.97,13.94,13.98,323,7429,41936,11.42,61.8,35.33,16.02,0,57.9,2389.5,0
34.45,55.68,9.3,4.98,320,5760,32167,3.72,56.72,22.85,25.6,0,68.1,1820.8,0
19.57,58.48,12.07,8.67,122,2684,14233,4.22,50.97,20.7,94.33,0,28.3,1846.4,0
25.24,65.1,7.87,20.42,230,2760,17151,5.16,54.41,20.68,15.7,0,43.9,1646.1,0
10.03,63.31,21.23,11.01,147,1911,10893,8.22,50.27,19.03,30.9,0,94.2,1228.6,0
37.72,73.52,21.07,25.29,204,3468,20112,5.59,59.25,29.19,28.23,0,61.6,2236.9,0
38.03,70.21,25.64,5.61,298,2384,18408,12.82,59.81,25.11,45.35,0,54.3,1656.6,0
30.54,76.53,11.1,25.23,93,1302,10304,9.29,59.73,22.2,58.85,0,86.7,1125.0,0
27.0,74.06,24.24,5.99,323,5168,29043,17.86,50.73,26.17,5.66,0,94.9,1843.1,0
39.33,47.93,2.54,14.11,308,4004,24562,7.86,60.41,32.28,23.35,0,96.8,2389.7,0
53.1,51.08,0.46,21.51,189,4158,25418,10.69,71.2,37.57,17.72,0,64.8,2591.9,0
45.76,52.21,15.66,13.17,346,5882,34079,12.93,62.7,28.18,20.93,0,84.3,1956.8,0
5.91,73.34,1.67,17.17,170,3400,17817,10.31,45.1,20.52,101.57,0,89.9,1345.1,0
10.35,52.28,12.0,22.53,117,2691,14408,3.59,46.93,18.59,208.88,0,50.2,1541.9,0
26.51,67.53,19.15,16.2,315,3465,21483,15.76,53.47,22.13,105.34,0,83.5,1590.5,1
35.59,27.57,7.84,10.1,63,1260,10645,7.85,58.69,25.51,19.83,0,53.6,2258.7,0
34.99,24.52,0.67,10.63,263,3682,22333,9.31,55.85,22.08,2.29,0,65.2,2099.2,0
29.18,75.46,32.72,7.33,178,3382,18976,8.28,58.39,22.82,3.67,0,42.2,1925.9,0
17.85,63.65,0.66,5.87,139,1529,10002,7.5,49.2,21.21,95.93,0,29.6,1683.3,0
26.45,74.04,35.27,26.84,81,1620,10850,15.29,58.17,25.33,188.89,0,93.5,2058.2,0
26.03,33.25,0.81,17.6,268,4288,24326,12.5,52.5,20.66,106.75,0,83.4,1704.2,0
18.41,58.84,19.93,29.03,245,5635,29192,12.37,55.23,20.49,81.27,0,33.0,1714.5,0
2.77,33.97,38.82,17.55,330,4950,24364,4.86,41.7,13.92,31.85,0,21.8,1163.7,0
11.44,69.73,35.62,9.85,207,3726,20001,6.16,48.2,21.14,71.23,0,60.1,1275.9,1
35.1,56.77,33.58,6.05,346,2768,21350,15.97,58.39,26.99,81.31,0,92.8,1926.7,0
21.26,54.53,32.19,8.95,301,3010,19867,5.73,50.84,18.54,92.8,0,44.0,1429.9,1
21.04,69.48,10.71,18.26,281,2248,16570,14.79,50.07,19.83,70.19,0,40.6,1477.2,0
55.65,54.98,12.24,7.94,241,4820,29330,14.16,67.22,23.22,2.73,0,77.3,1268.3,1
34.03,54.48,14.5,26.86,246,4920,27931,12.56,60.35,20.48,83.67,0,41.8,1690.7,1
11.41,34.65,33.94,9.81,305,6100,31055,20.5,42.27,18.01,94.0,0,64.4,1406.1,0
7.87,76.61,27.32,5.91,313,6573,32077,7.11,44.17,22.98,22.37,0,90.4,1591.4,0
36.59,58.07,22.92,10.09,278,5004,28495,9.56,60.55,27.78,146.16,0,94.8,1785.0,1
14.19,64.3,16.89,13.99,191,1528,9993,5.72,55.06,18.43,19.35,0,49.2,800.0,1
7.46,35.94,14.45,33.79,255,3570,20123,11.46,42.21,16.7,54.54,0,29.0,1480.8,0
25.57,77.23,38.36,13.04,126,2394,13993,14.02,53.15,24.5,47.29,0,71.5,1755.1,0
21.61,58.77,3.21,8.39,322,4508,26145,5.17,54.59,23.96,30.88,0,62.5,1757.9,0
45.75,82.05,3.21,28.51,286,6006,33437,16.61,67.35,26.01,35.29,0,29.0,1941.7,1
32.84,71.24,60.66,24.28,110,1760,13159,6.35,60.05,21.23,8.29,0,51.4,1340.6,1
29.28,19.52,12.08,11.42,170,1360,11093,6.5,47.75,20.27,231.84,0,80.0,1847.0,0
9.02,67.82,9.91,4.61,279,2511,15367,3.71,45.88,16.85,9.1,0,29.4,1298.0,1
54.05,69.87,28.52,8.59,347,5552,34186,10.9,64.14,32.29,27.27,0,91.7,1900.0,0
43.64,65.54,28.43,18.84,295,6195,34724,15.13,62.4,31.78,26.97,0,77.8,2438.0,0
68.87,59.13,2.91,25.77,265,6095,35878,14.9,69.13,39.7,143.83,0,75.5,2361.0,1
43.11,53.04,2.86,13.27,222,4218,24935,14.17,61.62,31.53,114.4,0,35.1,2593.1,0
25.28,55.44,23.79,11.58,182,2912,17150,4.33,53.17,23.25,7.73,0,87.6,1717.5,0
17.69,76.91,23.1,8.96,187,3179,17951,6.57,51.37,21.3,31.93,0,84.2,1625.9,0
39.14,77.98,3.83,19.06,175,1575,14175,15.68,65.65,30.16,156.56,0,89.2,2277.9,0
43.14,53.17,27.63,6.62,249,2739,19458,15.5,56.66,27.83,100.37,0,58.0,2061.8,0
6.21,44.09,9.81,8.77,236,3304,17349,14.4,39.67,16.55,25.3,0,20.7,1369.5,0
25.18,74.84,9.52,27.75,71,1491,8968,6.79,55.6,19.51,6.32,0,39.8,1501.1,1
5.9,69.66,63.71,21.83,131,1048,6653,14.78,43.33,16.56,74.96,0,40.3,1580.2,0
25.99,58.9,10.99,29.7,168,3360,19595,17.65,53.37,20.46,28.76,0,42.8,1655.8,0
45.07,41.26,2.21,8.24,205,4100,25084,9.67,57.96,22.45,162.43,0,39.7,1513.3,0
42.59,30.52,4.93,5.75,257,2313,17725,4.86,56.36,29.16,16.78,0,93.9,2155.3,0
3.28,67.04,6.09,29.62,320,6080,29650,1.84,45.51,19.32,30.5,0,91.8,1203.4,0
31.23,47.35,47.72,18.96,168,2016,13782,3.66,54.5,25.82,183.59,0,93.4,1954.4,0
8.79,46.95,4.6,22.56,146,2482,12784,12.29,45.42,18.11,51.43,0,36.4,1195.1,1
13.02,62.07,8.44,19.13,148,1332,9855,10.4,48.98,19.72,227.33,0,80.7,1444.4,1
32.32,47.55,20.77,37.1,322,4186,25460,3.82,52.08,24.23,8.17,0,71.8,2066.3,0
23.94,48.18,4.81,18.64,256,2048,14868,16.48,50.43,22.48,244.26,0,71.6,1926.5,0
11.51,44.83,18.14,13.81,346,4498,24837,4.68,49.97,16.85,67.24,0,37.6,1402.6,0
29.86,65.64,3.49,14.8,206,3914,22613,18.76,52.16,20.88,54.21,0,60.6,1604.2,1
30.63,40.9,4.17,14.0,174,2088,14819,9.91,52.6,20.11,163.56,0,77.0,1807.5,0
10.18,32.91,64.39,31.41,103,1648,9799,11.51,46.11,19.3,334.45,0,57.8,800.0,0
32.06,40.74,6.91,25.88,173,2595,15740,9.53,53.88,29.66,59.35,0,90.7,2387.9,0
29.49,76.6,19.62,31.6,230,4140,23687,8.67,56.96,22.54,25.94,0,40.6,1836.8,0
43.64,46.29,27.49,3.67,308,4620,28844,9.45,62.16,29.08,113.25,0,51.0,2384.4,0
48.63,62.38,6.39,10.61,187,3553,23050,17.08,68.43,29.95,2.17,0,85.0,2035.7,1
25.66,50.37,6.63,7.14,132,2244,13413,7.35,52.71,22.53,204.65,0,88.4,1492.1,1
38.78,52.04,22.25,37.62,275,4400,26506,7.57,59.07,21.32,2.66,0,25.4,1693.4,1
25.33,75.61,14.01,7.9,205,2460,16191,9.25,56.4,19.13,40.58,0,25.6,1704.5,0
23.25,56.9,6.74,17.72,231,3927,21850,3.73,50.86,23.07,2.33,0,88.1,1737.1,0
41.91,80.01,20.77,40.73,240,4080,25428,19.37,58.97,28.12,7.15,0,51.5,2381.3,0
43.87,84.08,29.89,15.09,161,2254,16290,10.93,65.28,28.71,71.22,0,34.2,2074.8,0
28.85,78.76,4.02,9.93,349,6980,36545,3.09,55.54,21.96,83.95,0,49.5,1837.5,0
45.82,47.2,0.37,14.01,220,5060,29616,5.74,61.79,19.5,14.78,0,25.7,1559.9,0
28.35,57.64,4.81,5.49,319,7337,37289,8.5,53.69,23.52,71.26,0,94.0,1738.0,0
12.66,77.24,16.84,5.04,271,2710,16219,13.15,50.31,17.77,398.63,0,40.2,1422.3,0
27.56,66.94,37.02,17.25,277,3601,21384,7.48,53.01,21.65,62.94,0,29.6,1888.8,0
22.25,72.46,29.82,2.86,230,5290,26991,23.04,53.49,21.46,19.54,0,24.7,2064.6,0
34.72,73.75,3.77,11.86,91,1729,12256,12.75,57.13,22.1,28.07,0,25.4,1989.9,0
20.1,74.55,31.93,11.37,299,4485,24804,7.55,54.49,21.7,6.01,0,79.6,1435.4,1
33.5,40.28,24.97,39.98,174,1914,14515,17.07,59.61,25.13,48.47,0,68.4,2154.8,0
26.71,54.23,19.89,16.92,147,2499,16070,16.3,55.26,19.02,91.83,0,24.2,1784.3,0
35.71,45.38,17.48,10.39,72,576,7720,7.16,58.85,25.77,83.84,0,69.5,1968.6,0
24.33,53.32,24.68,21.69,71,1562,10594,7.23,51.71,24.69,169.2,0,87.0,1879.1,0
1.49,58.25,29.68,13.75,184,1840,10178,10.64,44.66,16.92,139.78,0,22.0,974.1,1
23.76,56.62,25.65,6.39,201,3618,20350,4.94,57.37,20.25,36.84,0,29.6,1108.5,0
19.53,46.22,1.95,14.68,72,1008,7218,12.31,48.72,20.16,55.71,0,69.4,1727.8,0
69.74,36.06,19.21,13.5,235,3995,27720,8.85,68.01,44.29,28.13,0,34.9,2873.3,0
50.36,32.19,27.61,12.95,120,1560,14080,7.81,61.45,29.87,6.34,0,26.0,2387.1,0
23.05,82.48,3.08,16.12,224,1792,13219,2.46,50.52,21.47,9.61,0,78.6,1376.1,1
32.63,73.63,3.61,23.34,191,4011,22670,7.8,56.73,20.2,75.35,0,62.6,1413.8,0
13.13,60.16,23.13,15.33,255,3315,17974,14.5,47.69,17.63,197.51,0,52.4,1003.0,1
19.97,12.15,6.32,5.71,291,5820,30216,11.99,45.52,16.45,127.02,0,45.6,1570.9,0
24.87,42.71,7.65,4.96,244,3172,19187,5.33,51.87,22.39,60.2,0,69.4,2121.8,0
67.66,62.53,7.1,9.78,331,6620,39439,15.15,71.52,38.3,43.6,0,48.5,2239.8,1
11.05,67.71,3.59,9.38,98,882,6381,12.41,51.25,18.59,19.72,0,60.4,1290.5,0
42.18,50.35,41.9,15.22,141,1833,14884,11.91,61.34,24.9,14.25,0,34.9,2019.8,0
37.88,63.35,24.59,27.24,331,7282,38174,8.6,58.73,29.33,115.01,0,91.6,2268.2,0
15.64,53.6,4.33,31.41,234,3744,20253,14.98,47.39,18.36,2.65,0,28.2,1354.6,0
49.76,72.04,1.68,8.33,277,6371,34206,6.74,63.15,31.92,14.47,0,24.2,2609.1,0
38.12,54.45,6.99,4.24,82,1230,10962,16.8,57.54,22.76,116.75,0,56.4,1848.3,1
39.82,53.94,8.05,12.69,179,3222,21107,12.08,64.37,28.03,166.26,0,90.1,1904.2,1
33.44,47.52,0.11,23.67,171,1710,13864,7.56,55.77,25.52,34.55,0,79.4,2267.0,0
35.99,66.34,32.73,9.42,171,1710,13211,12.93,61.53,22.71,40.63,0,24.5,1748.3,1
18.18,61.25,28.59,12.65,253,4807,24964,6.18,46.48,24.09,5.36,0,92.1,1738.0,0
42.42,37.65,28.47,11.06,225,4050,24740,14.75,63.48,27.81,54.93,0,36.9,2320.3,0
45.65,60.82,24.58,31.62,64,1408,10747,12.06,59.36,28.71,14.88,0,60.9,2420.4,0
18.95,57.8,19.81,48.68,267,3204,18836,5.6,55.75,19.89,74.48,0,43.0,1611.9,0
40.88,69.45,15.1,18.21,107,1498,12484,16.19,60.9,20.33,7.03,0,35.1,1112.9,1
20.4,53.65,48.39,18.46,100,800,6848,11.1,52.71,20.64,202.76,0,70.0,1507.3,1
28.32,40.39,18.66,5.29,238,2380,17050,6.22,55.12,21.23,143.85,0,73.3,1647.1,0
15.93,48.23,14.92,9.48,96,1248,7866,8.38,50.42,16.66,14.61,0,63.2,1075.0,1
14.96,82.51,23.33,20.73,208,1872,12058,2.5,52.52,18.28,142.61,0,31.4,800.7,0
22.0,51.81,4.24,15.55,265,5565,29745,4.93,47.36,18.09,89.02,0,62.9,800.0,1
27.58,70.5,51.24,16.57,196,1764,14115,8.5,52.65,22.55,83.32,0,62.9,1537.6,1
13.82,34.44,0.29,4.37,84,1008,7873,13.41,39.65,16.07,13.75,0,54.4,1146.7,1
34.28,60.94,15.68,3.4,336,6048,32976,14.25,56.05,28.65,74.13,0,99.7,2160.5,0
12.58,32.0,1.2,39.4,233,4660,23536,6.95,47.08,20.57,51.01,0,90.0,1624.4,0
30.65,56.05,28.79,11.14,285,3420,20797,7.37,59.34,20.12,86.56,0,86.0,1147.0,0
36.42,43.89,51.46,4.48,85,1700,12083,7.39,55.69,23.35,34.53,0,51.1,2139.2,0
21.64,41.13,7.88,11.32,313,5947,31351,8.62,48.9,20.33,54.45,0,72.8,2007.2,0
47.31,39.36,29.19,5.15,177,1770,15213,8.33,63.17,22.8,4.11,0,92.9,1222.7,1
28.06,51.79,6.14,6.11,212,4876,26667,5.71,56.4,22.13,79.77,0,77.5,1890.2,0
28.05,26.49,2.6,7.8,219,3723,21569,9.93,51.1,23.22,29.77,0,50.4,2053.4,0
38.37,33.41,4.86,5.15,121,2541,16559,9.96,59.51,24.9,18.92,0,58.6,2063.6,0
33.83,56.4,5.39,1.59,88,968,8810,6.21,57.87,22.34,39.95,0,97.5,1064.1,0
28.36,28.79,14.94,19.22,157,1884,13673,6.8,52.34,20.15,29.6,0,25.9,2210.5,0
8.51,32.18,23.86,8.58,78,1326,7026,6.18,44.2,17.93,61.11,0,36.4,1101.8,0
31.69,81.8,3.45,21.55,237,3081,19907,8.79,57.86,26.09,4.01,0,92.0,2151.4,0
5.62,78.57,1.39,12.46,207,4554,22016,5.02,47.78,17.01,85.46,0,27.3,1266.9,0
16.14,42.51,3.76,4.08,156,1872,11976,4.89,46.87,17.04,74.69,0,68.5,1667.8,0
11.11,59.94,5.28,11.97,349,6631,33817,5.48,46.88,18.5,56.76,0,69.1,1026.8,0
33.28,42.64,4.92,28.46,179,2864,18782,7.05,56.88,21.7,106.1,0,30.6,1902.0,0
20.39,43.27,3.73,11.48,292,5840,30184,9.9,46.37,18.74,54.61,0,36.8,1569.9,0
30.32,10.0,9.41,7.89,228,4560,25505,8.68,50.76,16.14,106.83,0,35.3,1951.1,0
12.14,77.93,29.07,5.13,127,1651,10598,13.56,52.21,22.77,25.48,0,86.2,1511.6,0
17.23,63.32,1.59,8.61,256,4352,22830,14.56,49.32,21.14,98.85,0,73.1,1497.1,0
12.49,66.14,29.71,6.06,251,2259,14606,9.85,50.82,22.84,10.51,0,67.1,1426.4,0
57.96,62.99,10.31,9.15,156,3588,24145,9.42,68.91,43.96,48.88,0,99.1,2723.9,0
15.2,52.01,16.2,3.28,110,2530,14022,7.49,50.56,19.76,16.04,0,76.7,1524.5,0
16.42,47.71,25.34,5.87,118,2714,15139,18.84,49.05,20.86,225.06,0,95.5,1474.0,0
49.09,54.48,5.44,17.43,186,2232,17831,11.73,64.53,23.66,42.46,0,55.5,1554.4,0
31.87,76.99,46.26,13.29,231,5313,28307,11.65,60.02,25.93,19.3,0,84.8,1360.3,0
33.94,55.35,1.31,9.98,152,2736,16610,14.34,55.35,21.06,66.75,0,42.4,1994.8,0
17.42,84.12,11.25,5.69,152,2584,15500,3.07,49.55,20.82,119.94,0,42.5,1603.1,0
33.71,43.35,4.41,32.65,232,3712,22839,5.61,56.05,21.25,51.76,0,85.9,1444.1,0
19.95,32.65,7.86,44.94,239,1912,13846,4.94,51.28,19.65,48.17,0,89.1,983.5,0
33.18,41.17,8.94,5.79,76,1748,11914,6.46,55.78,18.52,72.93,0,50.8,1181.8,0
40.22,52.6,36.89,20.44,94,1880,14188,17.51,61.03,24.21,54.18,0,30.5,2122.3,0
23.65,75.83,8.74,5.98,72,1224,8672,6.82,58.18,20.04,0.57,0,46.7,1138.3,0
53.32,47.73,17.96,16.78,105,840,11137,15.3,62.98,33.87,39.44,0,34.7,2598.1,0
36.84,33.13,45.47,2.86,63,693,8326,18.22,57.0,25.68,120.24,0,69.4,1866.8,0
24.8,55.2,10.23,8.41,252,5796,31162,5.84,56.03,20.66,71.7,0,41.3,1478.9,0
66.7,73.33,7.87,13.66,102,1428,14280,9.73,70.17,30.84,32.29,0,77.7,1506.6,0
7.55,54.93,54.16,15.38,342,7182,34735,2.65,45.28,17.35,33.17,0,23.2,1232.4,0
15.99,58.03,26.38,6.61,279,5859,29431,7.23,49.61,18.05,78.94,0,55.5,1282.0,0
35.66,54.59,42.14,17.36,148,2368,15741,16.46,53.31,24.57,94.07,0,27.2,2105.2,0
30.34,51.84,7.59,11.57,338,3042,21355,12.91,58.32,24.52,109.5,0,82.1,2048.2,0
2.62,91.0,17.88,5.05,243,4860,24148,2.65,48.86,18.73,116.18,0,49.5,1214.0,0
24.52,74.7,4.31,6.18,113,1808,12327,5.22,51.72,23.74,11.13,0,84.7,1822.8,0
37.92,83.11,30.13,32.67,203,4060,23459,8.66,59.53,28.59,65.97,0,75.5,1892.2,0
26.71,98.0,40.56,13.6,283,3113,20226,10.54,57.53,23.44,9.24,0,89.2,1498.8,1
49.44,74.3,4.68,9.37,316,6636,37541,9.71,67.1,27.28,68.02,0,94.3,1520.1,1
18.24,47.94,1.66,4.9,157,1256,9434,6.17,49.63,17.39,16.76,0,27.2,1476.0,0
55.41,68.24,3.36,8.64,95,1330,13404,15.84,68.46,34.83,5.1,0,26.5,2566.3,0
22.07,83.67,15.03,13.7,68,816,7663,10.71,54.43,24.08,30.48,0,74.8,1658.4,0
40.21,63.01,4.77,15.36,194,1552,12974,16.59,60.21,23.21,73.67,0,30.3,1771.6,1
18.27,49.82,15.27,13.13,90,1890,12004,11.47,52.69,16.88,93.34,0,82.8,856.4,1
69.01,75.61,6.47,8.09,255,2040,19976,13.49,77.07,39.11,32.21,0,87.0,2030.0,0
19.35,35.89,37.3,3.88,262,4454,24017,6.33,47.88,18.5,23.44,0,90.9,944.5,0
48.03,57.12,9.04,11.5,163,3749,23173,9.9,59.38,28.74,95.49,0,49.6,2119.9,0
26.54,66.38,10.33,11.91,264,5544,29055,17.71,57.68,25.78,56.47,0,99.4,1762.4,0
64.42,53.38,6.42,7.2,110,990,12964,16.03,60.56,34.54,22.64,0,69.6,2295.1,1
14.29,64.38,1.14,10.72,205,2870,16311,8.95,49.58,20.53,4.94,0,80.4,1641.2,0
38.41,64.79,10.21,12.93,85,1870,12549,6.59,61.25,28.09,0.64,0,81.3,2096.7,0
63.05,63.4,22.33,14.83,274,3836,26880,10.45,73.03,44.52,119.76,0,62.1,2948.9,0
28.63,52.17,45.87,19.9,110,1100,9869,4.95,48.92,22.21,28.04,0,76.9,1345.3,0
30.96,48.96,1.19,2.8,249,2241,16420,13.79,53.68,26.47,103.47,0,78.3,2137.7,0
23.22,53.27,23.95,16.05,197,4334,22897,6.06,49.8,20.2,295.87,0,81.9,1386.9,1
3.64,34.42,4.66,4.6,99,1683,8795,9.8,38.87,16.26,104.46,0,56.7,1183.6,0
8.28,75.64,25.96,6.47,270,4860,25145,8.33,46.54,21.62,139.85,0,93.1,1486.3,0
42.58,63.12,6.28,23.34,330,4950,30406,9.69,58.36,24.85,115.81,0,51.3,1497.4,0
21.31,57.53,1.82,5.79,224,3136,17721,11.87,50.88,21.64,121.71,0,93.5,800.0,0
15.75,44.84,14.2,20.64,263,4734,25197,17.9,47.3,18.23,121.71,0,51.4,1367.8,0
83.34,56.93,33.65,8.52,346,5536,37398,14.36,76.48,60.26,20.74,1,54.5,3163.3,0
10.69,56.63,3.01,30.02,242,3872,19964,5.85,49.2,17.33,21.11,0,80.0,1227.7,0
20.34,48.47,0.33,5.35,184,1472,10993,9.25,46.96,20.57,1.7,0,87.5,1141.4,0
2.3,70.75,32.29,11.54,181,1629,9437,5.66,47.32,19.43,2.7,0,72.6,1040.3,1
10.48,38.04,17.95,2.24,237,3318,17734,10.79,40.69,18.27,39.59,0,65.4,1516.7,0
39.98,41.34,24.81,12.88,195,2925,19940,20.79,61.89,26.65,39.23,0,52.1,2219.9,0
24.85,71.67,0.93,4.5,323,6460,34496,3.56,52.25,21.33,15.78,0,54.9,1815.4,0
37.98,77.56,33.17,10.45,92,1196,10422,6.83,55.01,27.75,83.75,0,68.4,2276.4,0
52.41,59.18,8.15,7.19,89,2047,15369,8.54,66.46,29.31,162.3,0,42.4,2265.9,1
20.04,40.19,34.19,35.95,151,1812,11928,5.73,47.61,18.92,133.22,0,57.4,1519.5,0
9.78,74.83,1.01,9.26,302,6946,34011,7.04,48.85,18.54,50.61,0,38.4,1656.3,0
27.74,58.17,32.42,33.18,269,3497,20354,5.8,54.1,20.47,32.52,0,38.7,1597.5,1
31.96,56.85,16.78,6.66,181,1629,13098,12.9,53.07,21.56,114.0,0,47.1,1122.4,1
34.08,78.17,12.12,1.65,227,4313,25096,13.5,58.02,26.0,147.93,0,95.3,1992.1,0
71.75,67.52,0.96,19.21,328,5248,34308,11.14,73.91,56.42,4.07,0,76.1,3191.0,0
68.41,49.48,17.49,5.85,230,3910,27558,12.13,73.29,45.39,186.63,0,36.5,3052.5,0
28.15,31.44,13.66,23.77,114,1254,10064,6.98,53.99,19.92,140.11,0,43.0,1837.4,0
20.64,50.26,19.44,11.18,146,2336,14378,4.03,53.4,20.95,139.79,0,88.0,1680.4,0
14.93,62.11,18.92,17.46,178,3916,20739,10.26,49.27,19.1,133.47,0,93.8,1052.8,1
47.66,64.56,8.8,20.8,113,2034,15690,16.21,61.69,31.82,146.43,0,82.1,2509.0,0
15.61,36.61,3.44,46.1,82,1230,8438,2.37,46.14,19.68,22.19,0,88.8,1699.8,0
41.78,45.26,37.69,23.07,314,5338,30151,16.81,57.13,23.65,11.32,0,91.5,1532.1,0
34.01,10.68,38.97,13.66,287,3157,20480,16.69,53.4,16.61,22.72,0,37.4,1429.4,1
18.71,60.2,3.57,20.5,191,2292,14247,11.19,50.74,21.86,1.21,0,58.7,1569.1,1
30.08,29.29,14.94,19.22,71,1562,10350,13.97,54.19,20.65,55.55,0,72.8,1478.5,1
25.04,48.12,3.4,16.46,73,1241,8849,7.85,51.96,23.57,113.91,0,95.6,1844.2,0
18.77,41.54,29.62,41.08,75,1050,7748,9.0,45.94,20.5,57.44,0,66.7,1866.2,0
15.63,65.09,1.55,10.63,152,1824,11425,4.69,49.93,20.83,11.85,0,93.0,856.1,1
38.12,60.76,69.38,13.35,330,6270,34881,9.47,54.24,24.05,76.42,0,43.3,1793.1,1
20.31,43.99,14.16,8.6,60,540,6024,9.82,49.89,18.66,47.58,0,78.8,1136.6,0
18.83,57.31,0.35,64.03,343,5145,28259,4.06,44.15,17.84,91.61,0,49.3,1627.0,0
19.23,65.13,32.04,10.1,323,5491,29143,5.97,51.71,22.97,31.36,0,78.3,1710.9,0
28.04,59.56,17.3,15.06,148,2220,14191,8.27,54.34,22.48,18.61,0,41.2,1852.8,0
49.07,10.0,17.93,6.86,286,4290,28038,7.26,58.24,25.37,6.08,0,47.4,2080.5,0
18.59,89.63,4.82,9.5,135,2295,13471,8.92,54.09,22.03,127.45,0,69.3,1325.5,0
27.0,63.07,6.16,22.43,247,3705,20867,4.94,51.71,23.57,36.39,0,75.2,1996.1,0
51.4,71.85,36.87,11.28,193,2509,19549,23.3,66.99,31.24,11.23,0,34.4,2277.6,0
23.24,44.16,15.12,24.74,250,4250,23829,11.21,54.55,19.29,106.86,0,33.9,1885.2,0
15.09,40.99,0.26,19.97,282,5076,26396,6.51,51.29,23.59,12.78,0,93.5,1802.7,0
24.25,47.05,5.95,11.44,181,1629,12313,9.53,53.61,18.9,5.93,0,44.5,962.2,0
36.62,85.0,13.69,7.15,68,748,7991,9.17,60.23,24.9,5.82,0,70.5,1796.2,1
18.09,50.23,2.4,14.57,271,5149,26603,14.84,54.22,17.16,67.88,0,22.8,1535.0,0
26.13,54.04,1.55,14.58,138,2484,14885,17.46,56.42,23.38,31.99,0,97.7,1794.8,0
43.27,82.84,0.92,12.3,187,4114,25175,29.16,61.48,26.85,142.49,0,92.0,1763.9,1
34.72,49.59,14.94,14.6,223,2007,15304,11.75,53.94,22.85,1.08,0,53.1,1658.3,1
3.9,55.24,5.8,8.0,228,5244,24380,8.5,42.73,16.89,40.62,0,23.6,1065.7,0
44.51,35.11,7.02,18.13,70,630,9117,8.41,61.16,27.55,18.63,0,85.6,1884.6,1
15.14,84.18,0.93,15.72,122,1952,10677,15.57,55.54,21.41,34.85,0,52.2,1472.1,0
16.23,43.61,20.09,7.7,98,2254,12250,4.79,45.31,18.1,79.59,0,31.1,1553.5,0
29.43,52.41,21.84,9.17,336,5376,30397,9.26,55.12,16.42,76.05,0,40.7,1111.7,1
36.63,10.0,26.53,11.79,176,4048,23101,10.21,53.45,23.37,120.19,0,44.9,2120.0,0
66.74,52.44,15.82,9.21,198,2376,20151,9.14,66.73,31.37,68.38,0,51.5,1765.3,0
12.3,53.84,22.26,7.65,134,1340,8166,19.36,45.65,20.81,39.03,0,91.8,1503.6,0
33.04,48.75,12.91,22.73,168,2688,16847,10.98,55.53,25.71,26.24,0,86.1,1754.4,0
40.36,28.92,10.15,20.81,195,3705,22604,14.03,57.53,23.79,53.17,0,66.4,1715.7,0
23.17,63.18,4.51,17.54,142,1988,12816,9.45,51.03,22.1,53.02,0,38.9,1901.2,0
55.42,26.5,0.82,6.03,277,3047,23488,7.07,66.48,37.59,5.84,0,83.9,2585.4,0
65.13,30.15,5.18,37.01,297,6534,38228,20.62,68.84,35.31,105.0,0,73.1,2201.5,1
33.65,51.1,17.26,14.74,230,4370,23859,7.55,56.41,21.53,85.12,0,84.4,1135.1,1
8.92,73.17,39.23,11.3,93,930,6689,12.4,45.36,21.25,35.75,0,43.4,800.0,1
8.58,54.28,4.44,20.06,106,1590,9770,7.73,51.32,17.55,49.1,0,58.5,1308.6,1
30.96,59.47,16.62,11.36,331,4303,25026,10.06,57.21,22.11,245.81,0,34.2,2203.7,0
34.98,44.93,9.76,2.16,284,6248,33793,9.76,56.52,24.4,30.06,0,58.8,2056.2,0
50.88,44.9,14.81,14.28,222,2442,20093,11.62,63.65,34.57,116.15,0,98.9,2396.1,0
28.95,68.22,0.1,23.46,325,5200,28855,9.39,54.04,23.95,16.93,0,64.6,1884.0,0
24.36,73.48,1.96,15.32,287,2296,16623,8.21,57.25,21.4,204.38,0,36.8,1858.1,0
31.43,71.66,3.67,3.99,184,3680,21493,4.53,56.23,19.74,31.8,0,36.8,1094.1,0
27.68,64.25,33.59,20.31,319,3828,23293,17.72,54.96,21.61,54.86,0,24.0,1942.1,0
20.01,59.92,0.62,14.35,334,3340,21606,6.56,51.89,19.82,139.91,0,51.5,1575.5,0
62.13,33.48,12.65,14.95,119,2737,19731,20.32,62.24,27.52,32.03,0,42.0,1828.6,1
31.28,46.48,39.6,4.88,329,6580,36349,5.91,53.12,23.86,31.53,0,45.3,1938.5,0
9.07,44.29,15.84,8.74,92,1656,10291,6.2,43.42,18.42,395.72,0,73.9,1242.3,0
27.17,56.07,9.94,6.29,113,1017,9139,15.99,56.02,21.59,67.69,0,69.9,1802.7,0
45.25,66.68,7.32,20.95,239,2868,21951,14.14,57.15,31.01,69.68,0,95.4,2093.8,1
34.39,49.94,14.68,16.17,195,1950,14670,5.79,54.47,25.2,11.94,0,50.3,2181.9,0
17.54,17.6,9.82,8.34,218,3052,16961,6.04,48.52,17.68,64.06,0,87.1,925.2,1
62.07,73.93,18.33,7.77,94,2162,17946,13.6,69.86,42.4,131.56,0,91.7,2694.9,0
40.08,41.54,14.43,10.09,276,6072,33640,7.06,62.84,18.79,2.28,0,44.3,989.9,1
12.84,42.36,12.57,14.49,212,1696,11430,4.03,45.43,19.87,21.01,0,45.4,1552.7,0
9.43,64.67,47.13,20.76,62,744,5864,6.51,46.05,19.41,354.63,0,95.3,1138.7,1
17.76,47.26,27.09,7.05,330,6600,33169,2.72,51.56,19.82,25.55,0,51.2,1494.0,0
3.53,55.36,14.08,15.12,80,1760,9459,8.53,46.45,19.12,54.5,0,95.3,1282.6,0
57.38,59.99,11.6,9.78,117,1638,15377,8.52,67.11,37.0,6.5,0,43.5,2613.6,0
25.44,57.25,19.31,2.08,226,2938,18380,3.78,57.28,24.84,2.71,0,89.8,2020.2,0
10.08,51.24,24.44,8.85,329,5922,29740,5.95,44.07,17.93,46.23,0,55.2,1340.6,0
27.05,56.86,5.25,15.5,105,2310,14459,7.46,55.28,21.48,15.6,0,66.7,1846.9,0
8.93,89.87,16.49,7.47,292,2628,15618,4.03,49.19,22.85,36.31,0,59.2,1771.9,0
45.31,74.43,2.18,15.02,197,2364,17453,11.83,59.28,27.11,64.07,0,87.0,1441.6,0
37.81,69.41,8.44,18.52,211,2110,16133,19.32,59.82,24.11,36.75,0,40.9,1584.0,0
39.13,62.21,41.82,24.34,154,1386,12561,10.01,58.97,20.81,51.76,0,28.8,1717.3,1
28.98,80.37,5.92,6.44,117,1755,11987,12.35,55.83,20.9,15.43,0,41.4,1690.5,0
34.61,69.51,2.51,24.66,215,3870,22830,6.85,61.42,26.66,3.7,0,98.5,2013.8,0
22.59,75.91,2.37,12.43,301,2709,17430,18.98,55.93,23.53,33.23,0,89.4,1566.2,1
41.2,76.44,7.51,4.75,78,858,9777,15.07,61.42,23.88,20.29,0,33.1,1543.6,0
40.36,66.55,3.83,10.54,291,4365,25514,13.74,57.33,27.86,41.16,0,95.0,1937.4,0
29.67,64.34,8.35,10.2,283,5660,30645,9.63,57.0,20.77,129.32,0,57.6,1944.2,0
52.19,51.5,19.03,8.82,129,2451,17841,9.51,65.71,27.57,145.0,0,48.8,2068.0,1
45.22,85.4,32.86,5.8,296,5328,31196,7.7,65.42,27.41,101.49,0,60.0,1724.6,1
11.93,55.44,1.75,14.06,331,6289,31429,8.51,43.48,16.43,100.87,0,25.9,1260.7,1
12.3,39.51,21.94,11.74,317,5389,27205,4.08,43.98,17.67,37.41,0,43.5,1358.1,1
9.3,61.71,1.64,8.76,259,4144,21267,5.49,46.14,20.01,66.3,0,99.7,1201.4,0
15.97,53.23,7.16,6.87,164,3444,17857,3.77,45.52,23.5,15.39,0,90.5,1811.7,0
34.42,40.92,85.03,4.06,226,4294,24429,15.0,54.9,26.23,0.55,0,99.2,1643.1,0
69.18,41.79,1.07,30.82,281,3653,27573,9.33,73.71,40.13,63.26,0,83.3,2416.4,1
28.77,56.56,0.35,10.38,67,1206,9398,6.65,51.64,24.48,203.17,0,37.8,2077.5,0
31.35,57.48,6.09,19.61,152,1824,12768,7.21,55.01,23.43,249.47,0,79.9,1724.0,1
38.09,34.59,45.28,23.8,62,682,8054,4.08,55.33,19.48,89.09,0,28.9,1252.9,1
35.12,49.84,0.3,22.71,342,7524,39804,12.77,56.57,22.76,15.29,0,69.9,1662.1,1
17.07,70.04,3.78,18.22,302,5738,29099,6.22,52.18,22.02,62.52,0,92.8,1703.7,0
20.75,16.74,13.86,13.94,321,2568,18679,3.04,46.06,15.21,227.39,0,54.2,1263.6,0
36.66,51.36,3.99,4.39,162,2916,18732,8.89,58.91,26.7,17.82,0,71.1,2133.5,0
21.47,55.47,0.83,31.37,108,2052,12695,7.66,50.5,22.12,44.46,0,84.5,1541.7,0
22.37,64.92,0.81,6.14,202,4040,21923,4.97,54.18,22.66,44.8,0,97.2,1649.7,0
21.51,51.87,12.29,29.83,233,3961,22066,9.44,48.83,20.1,94.04,0,82.2,1562.6,1
39.67,49.19,12.38,10.21,131,1572,12647,12.79,59.83,23.67,152.88,0,52.0,2017.9,0
13.76,64.17,18.39,22.03,163,1793,11187,7.67,52.47,17.43,63.51,0,34.6,1277.4,0
20.44,54.23,2.12,20.32,182,4186,21826,7.17,50.14,18.63,31.58,0,74.0,1265.3,0
64.26,81.52,10.39,15.13,219,2847,22908,9.8,73.31,44.6,107.59,0,38.7,2888.4,0
40.43,64.32,13.78,15.08,90,1170,11648,11.38,58.4,31.07,25.76,0,97.4,2205.0,0
14.12,67.21,3.77,10.94,225,3150,18444,13.23,47.37,18.6,79.9,0,82.4,1541.3,0
31.96,56.13,11.89,12.52,286,3146,20669,7.77,50.47,22.63,103.38,0,73.6,1285.7,0
15.13,83.2,18.48,12.47,187,1496,10426,4.48,46.49,20.78,45.6,0,83.7,1434.8,0
67.04,46.6,70.39,13.44,245,2450,21597,15.52,69.24,36.6,35.98,0,44.5,2167.4,0
12.26,37.76,13.61,11.25,298,4768,24434,4.41,47.48,16.71,31.48,0,22.1,1690.9,0
13.63,53.59,29.62,5.48,101,1212,8789,4.93,47.33,18.52,4.72,0,49.6,1516.2,0
37.73,51.06,26.91,9.48,228,5244,29941,5.45,56.49,21.59,151.08,0,64.1,1158.5,1
17.99,52.93,42.27,15.74,309,3090,17902,10.64,49.31,22.4,154.34,0,85.4,1753.3,0
51.16,84.66,19.26,11.25,199,2985,20754,8.91,71.15,38.3,22.61,0,95.7,2681.5,0
33.15,43.13,3.59,12.25,311,2488,17612,10.99,51.11,19.31,56.63,0,24.4,1429.4,0
49.82,54.08,5.31,8.46,276,3036,21924,16.68,63.02,26.96,54.09,0,21.6,2005.3,1
12.18,30.51,23.03,17.18,279,2790,16852,6.97,44.68,18.57,51.83,0,65.4,1734.8,0
11.52,83.39,11.04,17.72,206,1854,10948,3.88,50.88,20.54,12.07,0,42.9,1220.4,1
29.95,20.14,4.34,3.01,158,1422,12104,15.52,53.21,23.8,54.45,0,88.1,2133.8,0
40.57,57.17,16.04,4.78,91,1092,9814,5.93,61.29,25.46,10.63,0,87.7,1753.7,1
6.09,34.88,35.55,10.93,254,3556,19806,5.12,45.62,19.71,21.62,0,98.2,1087.5,1
39.88,34.12,6.64,16.47,192,3072,19818,7.81,58.48,26.13,8.08,0,38.2,2332.7,0
35.24,41.75,13.6,14.58,303,6363,34708,7.85,56.37,19.98,450.3,0,25.1,1252.3,0
37.62,38.46,13.07,11.21,141,1692,13025,13.27,60.89,21.93,15.36,0,91.6,1335.0,0
17.92,59.04,2.04,20.08,229,2061,13933,3.6,49.18,21.29,28.96,0,74.5,1607.2,0
52.11,35.87,1.42,17.52,276,5244,32188,13.95,63.86,30.2,134.63,0,92.4,1968.2,1
8.34,70.61,33.03,10.82,337,3707,20532,13.86,45.84,18.86,36.28,0,81.2,1173.4,0
32.19,74.99,40.67,11.2,275,3025,20116,5.94,62.39,23.93,2.51,0,65.2,1529.0,1
39.57,79.81,35.19,5.56,94,1222,11284,5.34,60.81,25.63,67.67,0,50.4,2254.1,0
12.96,32.05,7.58,12.94,81,1539,8369,10.16,45.45,16.26,0.13,0,62.9,947.6,0
5.75,43.27,5.09,17.07,262,4978,23667,4.68,45.89,15.04,90.76,0,55.3,1392.3,0
58.24,47.78,42.75,7.9,309,2781,22657,13.86,68.21,38.21,29.48,0,63.7,2636.6,0
42.63,46.53,32.16,12.47,184,1840,15235,8.81,63.02,29.26,25.08,0,90.1,2201.2,0
39.99,67.03,25.71,14.91,170,3740,22752,7.33,56.86,29.03,28.26,0,46.7,2159.4,0
25.03,59.77,6.1,20.55,270,3510,21734,7.57,52.87,21.52,171.37,0,38.0,1684.7,0
31.03,41.08,15.27,10.13,160,1760,12459,8.1,49.87,17.4,17.77,0,21.4,1590.2,0
28.07,50.77,20.82,7.27,261,3393,20425,6.11,53.5,17.69,626.74,0,48.7,1396.4,0
43.64,54.5,12.88,9.95,298,3874,24917,12.3,60.99,27.1,102.49,0,26.3,2070.8,1
27.55,52.43,13.82,14.51,208,4368,23023,7.96,54.05,22.92,12.1,0,80.6,1645.4,1
13.28,43.96,21.2,14.04,229,2290,14706,6.18,46.25,16.57,80.68,0,24.0,1374.5,0
12.6,38.36,21.84,4.84,254,3556,20142,5.67,43.88,17.52,77.0,0,73.3,1489.9,0
51.2,66.27,4.12,9.95,302,6644,38129,17.27,68.38,24.49,31.72,0,83.9,1431.2,0
8.19,37.26,7.43,6.59,337,3707,20213,12.2,40.9,15.97,29.48,0,30.7,1431.0,0
39.15,65.62,22.79,12.42,312,4368,26421,14.18,63.05,29.53,20.23,0,80.8,2143.7,0
18.51,58.57,4.55,15.1,95,1900,11184,8.26,51.58,19.05,137.37,0,79.3,1340.3,1
3.9,42.16,37.08,22.47,128,2048,11305,6.59,39.71,17.73,28.1,0,43.1,1101.8,1
39.8,62.65,27.39,25.93,318,3180,21826,10.75,60.92,27.88,115.7,0,45.9,2150.8,0
35.91,44.26,33.87,16.41,252,5796,31360,7.61,57.51,26.55,40.42,0,98.3,1752.3,1
25.68,63.48,5.29,9.51,140,2240,14037,5.16,54.71,19.58,46.33,0,41.3,1354.1,0
18.77,43.19,1.67,8.96,239,2151,14204,8.39,49.06,21.76,140.66,0,69.5,1892.7,0
56.8,56.64,1.59,16.09,81,972,12037,7.64,65.84,32.02,203.33,0,47.1,2080.8,1
28.53,54.27,12.18,19.28,92,2024,12750,6.97,56.03,25.35,38.64,0,86.8,1822.8,0
22.39,45.72,5.47,5.88,188,3572,19610,6.28,48.42,19.94,101.76,0,37.9,2040.7,0
11.24,50.28,4.59,50.97,191,2101,12867,9.67,52.13,19.13,4.82,0,46.5,1618.7,0
11.94,45.35,3.77,15.74,228,5016,25040,12.85,48.41,20.21,25.43,0,58.9,1278.5,1
40.21,72.56,12.39,20.16,193,3281,21169,16.87,58.31,31.73,98.19,0,56.3,2420.4,0
22.12,44.49,11.91,16.09,87,1566,10026,9.75,47.69,22.57,7.32,0,88.2,1408.6,1
1.14,53.93,8.23,6.5,294,4116,20934,11.55,47.32,17.91,28.35,0,59.8,1271.6,0
17.04,23.64,2.24,9.35,71,994,6615,9.54,51.08,17.69,28.13,0,61.9,1475.9,0
45.07,44.69,39.63,7.65,165,3135,20591,14.38,62.48,32.67,20.34,0,79.1,2459.7,0
37.26,64.52,8.38,4.42,235,2350,17548,17.13,57.78,26.51,126.49,0,71.7,2050.2,1
19.09,62.12,1.98,5.84,245,2695,16535,7.75,54.45,21.75,85.05,0,81.8,1460.6,0
65.33,61.55,0.57,35.02,172,2408,20409,14.4,69.34,38.1,188.18,0,37.5,2192.6,1
10.73,54.57,2.48,10.7,348,3480,19865,10.34,45.7,19.57,70.4,0,61.7,1330.3,0
9.09,58.78,5.29,20.52,208,1664,11177,9.42,47.04,19.28,18.57,0,63.8,1356.1,0
8.22,76.65,14.92,8.68,164,2952,15856,10.75,45.99,22.14,113.1,0,96.9,1398.1,0
15.36,41.14,53.07,7.93,308,2772,17540,3.16,44.65,18.82,15.9,0,36.0,1590.0,0
37.59,73.4,4.76,29.79,150,3450,20100,13.02,60.09,24.17,45.01,0,87.8,1804.8,0
18.45,41.77,23.4,10.91,109,2071,12027,12.77,51.56,20.46,96.75,0,91.2,1621.4,0
23.96,59.54,36.35,10.65,60,720,6550,5.3,51.72,23.11,15.35,0,64.0,1848.5,0
5.65,42.15,7.45,14.27,91,1638,8430,7.46,39.79,16.75,38.18,0,62.8,910.1,0
51.11,67.72,4.38,17.81,254,3048,21742,10.29,61.39,29.93,61.6,0,21.2,2199.2,0
45.85,35.68,10.13,8.84,156,2340,17477,6.5,57.76,25.47,32.79,0,53.2,1968.8,0
22.68,39.93,34.05,3.28,83,1826,11129,3.31,51.86,18.1,55.51,0,31.8,911.5,1
22.56,53.32,0.17,24.38,206,2060,14233,6.39,50.89,19.56,42.86,0,77.4,922.3,0
26.84,43.18,10.0,15.77,155,2480,15934,24.13,56.04,20.01,55.32,0,28.6,1716.9,1
30.79,44.34,21.26,7.17,268,3216,20409,5.85,59.87,21.48,2.94,0,42.5,1370.1,1
28.79,53.23,13.79,11.05,71,1207,9844,16.53,52.09,21.18,61.78,0,52.8,1603.3,0
30.69,36.23,10.32,26.96,221,4420,23798,6.83,53.39,24.76,121.5,0,37.2,1906.4,0
23.7,56.92,12.1,31.41,162,1620,11631,9.71,55.44,22.08,47.66,0,68.6,1882.4,0
12.03,60.52,14.48,9.98,251,5522,26286,9.47,50.48,16.25,3.51,0,27.8,1424.0,1
30.96,31.38,17.19,29.9,125,1875,12071,10.33,50.17,18.71,55.14,0,26.9,1201.8,0
20.2,58.66,6.61,12.19,243,2187,13579,14.26,53.3,19.57,29.53,0,94.0,1371.1,1
27.85,58.05,10.93,7.84,98,1470,11387,4.94,59.1,24.58,17.99,0,87.1,1895.4,0
8.13,61.55,4.79,8.87,116,1856,9724,2.47,49.72,16.86,20.77,0,35.7,1488.7,0
21.15,56.74,62.02,35.36,123,1845,11319,6.78,53.93,20.35,108.32,0,44.0,1981.5,0
15.41,60.28,3.11,17.25,149,2980,15812,5.7,51.65,19.66,35.31,0,67.5,1455.3,0
37.46,60.23,2.45,6.9,263,4471,25545,14.52,62.08,28.35,10.64,0,93.6,2262.3,0
29.15,58.68,4.7,22.61,190,3800,21889,4.47,55.27,22.77,39.92,0,85.4,1775.6,0
16.66,60.59,37.9,23.15,260,2080,14475,11.95,48.95,17.81,53.22,0,31.7,1086.8,0
18.19,78.12,16.13,9.5,320,5120,27456,9.17,56.52,22.59,104.55,0,56.8,1736.5,0
33.56,74.64,9.13,16.12,260,2080,16132,11.45,61.53,27.77,208.32,0,92.2,2170.1,0
32.33,53.29,38.93,28.52,85,1870,12348,5.0,57.16,23.79,128.34,0,88.3,1670.7,1
26.2,45.64,34.56,6.07,314,5024,28006,7.97,50.11,22.0,53.66,0,81.4,1565.1,1
35.25,74.06,7.7,4.11,158,2686,17144,5.85,53.54,28.21,152.71,0,89.4,2029.0,0
47.31,89.33,12.44,8.13,127,1143,11326,9.77,68.46,34.74,59.8,0,90.9,2470.1,0
15.31,54.58,35.37,4.24,80,1840,10696,5.9,48.33,18.47,55.86,0,37.2,1350.3,1
7.38,62.5,5.77,5.77,143,2145,11644,5.81,46.52,20.22,152.19,0,63.4,1155.4,0
36.76,50.11,7.85,24.18,191,4011,22258,10.64,63.45,26.1,20.41,0,28.4,2317.8,0
17.8,62.97,23.63,7.33,155,2480,13877,15.07,54.95,21.28,26.66,0,93.5,800.0,1
35.7,25.26,17.99,11.7,214,4708,25754,5.79,55.6,24.43,139.01,0,75.5,2021.2,0
38.78,47.13,0.75,18.82,88,1144,9793,10.17,53.0,23.6,154.97,0,21.4,2322.7,0
30.9,65.85,1.87,24.81,180,2340,15984,5.6,52.22,21.28,58.51,0,21.7,1862.9,0
17.11,41.88,28.09,15.02,244,2440,15729,8.83,47.18,17.14,19.0,0,20.8,1644.2,0
2.96,63.32,0.45,3.38,208,3536,17476,15.45,41.53,19.36,118.96,0,84.7,937.9,0
10.37,62.8,37.87,11.81,141,2256,12401,13.29,46.5,17.22,1.24,0,30.1,1256.3,0
12.79,63.69,4.76,19.31,342,5130,28072,7.76,45.85,17.52,3.02,0,33.6,1204.1,0
33.46,47.39,13.68,13.47,265,2385,17273,6.49,57.27,23.55,31.95,0,53.8,1894.0,1
52.43,66.48,12.47,16.92,99,1188,13418,7.89,64.05,32.21,9.51,0,94.2,2243.1,1
13.21,82.73,7.57,8.14,293,4102,22122,4.6,51.23,22.09,125.03,0,84.9,1318.3,1
29.46,47.64,0.48,12.89,323,5814,31332,5.38,58.39,21.44,67.9,0,88.1,1617.4,0
21.31,44.95,3.21,18.11,184,3864,20786,5.4,50.85,18.87,73.12,0,80.7,985.3,1
14.6,52.45,14.32,28.65,222,1776,12757,4.53,45.89,15.73,57.91,0,26.2,1508.0,0
39.61,59.13,8.87,8.31,303,4545,27704,16.05,59.18,26.19,70.0,0,65.9,2156.5,0
46.02,39.55,8.01,8.2,166,1660,14463,11.79,58.25,25.77,94.45,0,26.6,2280.4,0
30.32,48.18,1.54,31.49,175,3675,20862,4.89,54.38,22.27,6.74,0,31.8,1959.7,0
37.31,76.84,6.4,9.95,146,2482,16397,8.43,61.07,24.07,105.85,0,61.8,1580.0,1
29.73,72.04,11.21,13.92,256,2304,17214,6.7,54.1,22.54,116.76,0,41.0,1825.0,0
25.31,40.14,1.21,14.26,203,2842,17198,3.76,50.05,25.14,13.65,0,61.7,1879.3,0
49.33,82.99,1.04,12.15,329,3948,26950,14.72,65.7,31.27,32.32,0,92.0,1951.0,1
11.42,48.55,10.15,39.07,176,2640,15131,10.49,45.51,18.5,30.67,0,83.0,1536.9,0
12.09,60.03,12.36,10.62,156,3588,18254,6.64,48.82,16.9,44.74,0,41.2,1510.0,0
2.93,55.63,4.47,19.58,315,2520,15759,5.1,47.73,14.79,140.88,0,32.0,1230.4,0
33.21,68.78,5.91,9.48,61,976,9413,5.4,56.54,28.26,59.01,0,88.0,2232.5,0
37.11,37.85,23.91,37.31,233,4427,25037,7.35,61.34,25.06,60.92,0,31.0,2373.6,0
27.31,47.09,30.52,7.44,64,832,8004,7.48,53.64,23.03,140.43,0,59.7,2150.0,0
32.06,41.25,5.9,17.65,104,1560,12549,6.3,55.53,22.01,137.6,0,28.6,2087.6,0
15.0,39.15,6.59,2.99,104,2080,12197,7.9,45.12,19.84,9.69,0,86.4,1491.5,0
19.95,43.86,26.61,10.21,290,6380,33201,10.21,45.85,20.72,80.87,0,43.9,1667.2,0
22.22,42.46,54.65,17.01,202,2626,16154,9.61,50.08,21.3,10.14,0,65.7,1513.3,1
12.13,64.62,5.8,5.1,101,1414,8595,6.36,47.52,22.48,74.06,0,97.1,1584.8,0
12.54,49.19,23.32,9.74,216,4968,23785,7.64,48.48,17.63,47.72,0,32.0,1468.6,0
29.68,51.19,9.8,83.19,152,2736,16684,8.14,55.38,24.09,6.2,0,64.5,1967.1,0
13.99,27.47,4.59,6.42,272,4080,22051,11.5,42.96,15.66,60.97,0,30.3,1613.5,0
35.36,69.82,17.18,14.35,212,4664,26857,8.79,58.75,24.38,153.84,0,55.3,2149.4,0
49.42,29.31,9.31,5.05,249,3984,25750,10.35,56.25,25.56,11.99,0,72.0,1512.6,0
21.72,56.43,4.68,6.36,200,2200,14846,7.11,52.85,20.99,128.73,0,52.8,1781.5,0
27.01,74.93,1.7,15.75,249,5229,27215,13.92,54.21,23.34,9.3,0,54.5,1799.1,0
8.02,78.06,30.26,10.66,244,5124,25354,4.11,46.77,19.07,28.53,0,67.9,1703.0,0
11.17,34.25,31.64,7.48,348,3480,20708,10.32,46.17,17.9,4.18,0,86.8,1396.6,0
8.83,52.31,1.17,9.21,314,5338,27240,8.67,45.09,17.03,179.98,0,36.5,1463.2,0
29.31,66.55,16.33,23.69,92,1564,11589,9.44,55.26,24.58,69.22,0,94.7,1747.3,0
37.92,48.92,2.66,10.61,274,5480,30342,11.12,59.62,26.02,465.72,0,97.4,1772.8,0
14.45,71.21,15.59,17.22,310,2790,17813,3.92,52.15,19.68,4.28,0,81.2,1457.8,0
44.62,24.44,35.73,4.27,119,2618,17558,12.53,56.77,30.29,161.7,0,88.5,2125.4,0
49.56,57.28,4.52,8.78,211,1899,17398,19.75,62.48,31.91,40.85,0,79.0,2503.5,0
23.87,61.73,6.41,9.43,128,1408,10159,19.85,53.74,23.66,30.87,0,77.9,2212.5,0
29.04,37.81,23.78,7.81,94,1410,10837,12.3,54.77,21.06,74.95,0,82.4,1224.2,0
25.0,67.01,19.94,11.28,232,5336,28267,5.71,53.6,18.79,1.89,0,26.7,1319.8,1
27.72,39.63,7.88,10.14,200,3600,20192,7.56,55.41,20.95,130.54,0,87.2,1593.1,1
3.89,79.35,28.31,18.86,219,2847,14957,1.99,49.15,17.3,31.88,0,38.2,965.0,1
23.57,50.16,38.0,23.66,242,2420,15845,4.39,53.25,19.88,235.37,0,61.1,1590.5,1
1.86,52.61,9.04,8.39,86,946,5962,21.99,40.17,19.75,38.9,0,94.1,800.0,0
43.06,39.5,0.6,25.04,147,3381,20278,12.52,61.8,25.32,37.01,0,53.5,1958.4,1
42.19,49.75,10.68,7.87,62,620,8224,7.03,59.05,28.41,97.34,0,67.9,2318.4,0
21.82,44.4,20.19,13.1,188,3948,20963,7.14,54.56,21.15,15.47,0,72.3,1477.3,1
53.05,59.53,3.73,5.48,152,1520,14086,11.33,61.32,25.8,118.22,0,98.5,1125.9,1
60.07,58.88,1.57,10.27,232,4640,29532,16.37,68.38,34.67,38.78,0,51.4,2375.0,1
20.52,53.68,5.04,30.49,145,2320,13306,10.08,50.63,17.19,67.63,0,36.7,1690.0,0
39.32,57.55,0.17,13.27,256,4608,27211,17.24,60.05,24.02,101.2,0,50.2,2039.9,0
50.94,38.59,18.85,10.44,102,1020,12157,17.34,62.26,30.93,20.58,0,57.9,2381.6,0
17.5,39.5,2.37,3.67,182,3276,17417,19.56,49.01,22.38,35.07,0,97.9,1384.1,1
8.09,73.08,19.29,11.72,71,639,4001,6.66,47.33,20.27,16.17,0,92.8,1466.0,0
29.3,43.81,4.01,12.91,262,4978,28107,12.53,47.22,21.32,391.27,0,68.5,1609.7,0
30.58,59.46,72.54,9.17,202,4040,23596,10.39,55.49,20.23,135.78,0,28.9,1321.4,0
30.33,20.45,11.38,9.97,184,3864,21485,9.0,52.04,22.02,14.34,0,62.9,1921.1,0
18.36,61.39,0.63,11.44,299,2691,16969,8.7,52.69,19.84,9.01,0,95.2,1422.0,0
20.61,72.44,22.22,12.41,168,3192,17449,7.72,53.54,20.07,74.83,0,51.3,1056.3,1
5.04,56.81,7.92,10.93,331,6620,32231,8.41,46.93,16.74,20.78,0,21.8,1007.0,1
27.34,57.55,14.02,24.59,251,5271,27739,8.67,51.64,22.22,14.5,0,75.0,1142.1,1
53.8,78.52,45.3,6.54,202,3030,21231,11.26,68.23,40.63,57.5,0,71.6,2761.4,0
36.44,59.26,10.92,30.8,283,4811,28204,6.17,59.32,24.8,87.4,0,42.6,2089.9,0
7.13,44.74,24.47,10.4,123,2460,12059,5.47,46.69,16.75,190.72,0,94.0,859.4,0
15.53,48.42,5.41,16.8,310,3100,19092,2.56,46.93,17.47,33.65,0,37.1,1907.5,0
18.0,45.88,18.8,23.09,139,2919,15768,6.31,53.43,20.39,51.06,0,97.7,1200.2,1
43.71,69.62,1.57,13.66,227,3859,24501,7.98,65.8,27.92,8.66,0,79.3,1868.8,1
62.61,74.33,33.57,11.95,224,3808,27474,19.33,67.61,31.02,128.47,0,93.3,1636.4,1
10.85,71.01,3.34,13.3,290,4640,23527,11.02,47.6,19.28,14.5,0,61.8,1198.4,1
34.67,44.07,5.39,3.8,91,1638,11787,15.43,55.22,24.26,17.2,0,66.5,1767.5,0
38.46,56.08,47.63,2.48,133,1330,11726,5.32,58.52,30.1,9.23,0,58.5,2345.5,0
4.69,65.51,2.53,19.17,335,5695,28139,6.2,42.45,18.5,25.7,0,71.5,995.6,0
14.86,37.49,4.4,10.0,115,1035,7731,6.7,45.5,19.2,75.64,0,81.3,1499.4,0
50.02,68.64,13.02,7.3,150,2250,17555,9.63,65.82,33.81,61.87,0,26.9,2486.1,0
3.04,67.77,59.21,13.91,109,1417,7439,18.6,46.54,17.15,302.52,0,32.7,957.8,0
10.26,64.0,17.64,11.09,118,1298,8185,5.78,51.41,17.75,5.72,0,54.4,1234.9,1
61.43,67.32,1.82,5.61,143,3289,22495,9.99,70.18,34.66,31.25,0,58.8,2273.8,1
31.53,53.76,20.68,21.5,167,1336,11004,9.11,57.23,26.44,43.61,0,86.8,2080.7,0
14.89,42.47,8.33,24.0,214,3638,18995,5.15,43.62,23.68,39.48,0,92.4,1891.8,0
19.24,72.56,73.05,13.82,163,2119,13453,11.67,52.65,20.63,180.58,0,58.7,1766.9,0
36.77,55.69,14.86,13.45,110,2200,15788,7.7,60.49,24.01,47.65,0,41.1,1916.7,0
48.72,47.17,11.39,12.1,86,1204,11896,13.76,61.1,30.4,40.86,0,70.9,2323.8,0
47.71,56.93,12.22,13.09,118,1770,14351,9.7,61.07,32.44,6.31,0,73.2,2292.2,0
8.97,56.82,15.39,15.02,323,4522,23695,11.34,53.55,17.16,39.97,0,35.6,1429.9,0
25.65,48.05,19.74,9.19,74,1406,10775,12.99,55.75,20.32,66.65,0,48.7,1713.1,0
16.14,63.16,1.22,19.72,344,3096,19443,10.6,53.05,20.91,74.17,0,75.4,1597.1,0
14.44,83.74,2.1,13.49,290,2900,16971,9.11,50.19,23.2,2.67,0,91.9,1546.0,0
25.1,36.35,5.36,19.38,260,2080,15384,4.17,51.21,19.49,79.88,0,57.5,1069.4,0
35.78,36.71,9.75,25.97,252,2772,19204,7.52,53.42,20.38,23.67,0,24.9,1981.4,0
12.43,73.53,5.59,12.45,66,792,6306,4.08,48.28,17.48,113.82,0,48.2,1562.3,0
13.39,66.83,3.61,14.88,221,4199,21587,14.16,47.58,20.96,24.06,0,93.6,944.4,0
22.91,80.06,38.86,17.93,325,5200,28239,3.72,51.19,23.08,22.03,0,91.4,1281.1,1
51.44,83.35,0.5,12.71,164,1312,13295,5.81,66.13,25.73,1.26,0,50.5,1625.4,0
30.4,66.61,41.88,9.91,129,2451,15004,7.69,54.23,19.87,237.93,0,32.1,1088.7,0
11.56,37.81,35.67,13.6,263,5260,25757,9.36,46.54,18.5,82.62,0,72.4,914.0,0
49.94,60.34,17.27,26.59,137,2603,18395,16.54,63.59,26.03,4.91,0,46.3,1919.6,1
23.39,49.78,0.5,2.85,327,7194,36867,6.35,52.37,18.16,145.1,0,45.2,1099.1,0
26.77,62.53,3.83,19.07,270,5940,30506,12.59,56.03,21.93,108.46,0,71.6,1367.6,0
29.68,44.05,58.02,13.37,229,4122,24306,13.78,53.93,23.76,74.94,0,78.0,1871.7,0
14.65,63.28,35.46,8.91,279,3906,22375,4.86,46.55,20.46,54.53,0,53.3,1587.8,0
11.5,66.03,50.1,20.49,112,1232,8631,4.16,47.63,22.52,193.19,0,56.5,1521.3,0
2.94,59.49,83.29,5.91,270,4050,20337,15.93,46.64,19.68,53.16,0,89.9,1171.6,0
2.17,61.57,0.99,9.58,104,1768,8311,4.04,45.56,17.12,2.57,0,49.4,1269.9,0
37.32,66.26,12.69,26.76,158,1422,12535,12.46,60.65,23.37,112.97,0,44.6,2050.5,0
21.06,43.96,26.95,3.91,82,984,8343,5.21,51.65,23.46,20.61,0,76.0,2082.6,0
0.36,59.88,5.78,16.46,139,1251,7966,1.42,45.82,18.11,15.39,0,65.6,1114.5,0
62.24,54.09,8.58,28.88,288,6624,38939,13.35,68.72,33.02,81.2,0,29.8,2057.2,0
37.69,72.09,5.01,23.62,119,1071,11555,11.69,57.09,30.33,167.3,0,96.1,2163.7,0
20.33,67.12,0.58,15.47,80,1120,8680,10.1,51.4,22.94,153.08,0,77.1,1671.6,1
58.18,46.72,1.13,6.85,118,2478,18290,19.59,62.57,27.91,4.65,0,92.9,1603.1,1
36.37,65.85,0.33,20.83,227,2497,18494,10.02,57.16,25.52,2.11,0,44.0,2065.3,0
24.09,76.03,11.24,8.36,316,6004,31055,12.71,53.89,24.22,26.36,0,67.9,1379.0,1
6.11,61.36,14.45,11.1,303,4848,25318,4.4,44.0,17.79,22.77,0,39.7,1622.1,0
22.8,50.41,5.52,11.81,288,6624,33321,8.53,49.98,23.12,119.03,0,63.8,1788.4,0
24.77,39.03,26.24,5.82,75,1575,10558,6.7,49.26,20.48,52.81,0,89.9,1807.9,0
16.48,25.51,32.84,26.48,348,8004,38714,9.86,47.76,21.26,2.79,0,91.4,1663.3,1
28.77,71.78,2.26,11.53,81,1782,11965,9.27,54.5,23.99,170.26,0,99.1,1554.2,1
41.99,34.75,0.8,11.67,254,4318,26598,18.71,56.72,28.77,22.64,0,98.7,2130.0,0
22.67,39.77,5.77,8.44,102,918,8100,4.97,55.57,20.95,21.13,0,61.7,1775.7,0
6.43,56.56,18.72,7.96,122,2562,13172,7.26,41.3,18.11,80.69,0,44.8,1684.4,0
12.75,59.7,10.62,17.64,84,1764,10127,13.21,45.3,17.27,100.7,0,94.2,954.4,0
64.39,77.07,10.04,17.92,240,5520,33369,10.17,69.66,51.42,59.13,0,39.2,3262.2,0
4.95,60.53,2.48,72.48,203,4466,21639,6.77,46.84,17.19,143.36,0,50.9,1164.2,0
27.66,50.98,6.5,10.11,283,3962,22827,3.41,49.57,25.37,116.76,0,99.8,2007.0,0
22.15,51.0,47.87,9.45,152,2280,14467,15.74,51.04,18.29,53.63,0,40.1,1394.5,1
36.72,32.26,6.25,23.67,129,1032,10590,8.61,55.56,23.26,44.8,0,70.1,1895.2,0
25.14,76.62,13.43,20.18,202,1616,12324,18.03,52.95,21.93,149.99,0,34.4,1773.2,0
22.52,68.3,0.9,10.24,271,3794,21415,4.15,55.12,21.17,284.22,0,36.2,1627.8,0
46.0,59.15,0.99,15.06,75,900,10146,18.0,62.65,28.68,255.0,0,28.3,2466.6,0
35.99,76.49,8.28,31.07,292,4088,24301,13.36,58.97,20.17,47.3,0,23.8,1846.2,1
24.62,71.13,13.9,5.96,208,1664,12655,3.88,54.13,24.58,52.55,0,84.5,1786.0,0
27.88,63.09,6.99,7.8,127,2032,13903,4.23,55.22,23.56,106.45,0,88.7,1572.2,1
54.63,54.5,2.96,15.76,212,1908,17551,11.63,63.16,35.53,50.4,0,23.1,2667.4,0
26.68,55.57,19.97,8.12,278,5004,26838,5.84,53.43,24.41,126.16,0,79.4,1513.6,1
47.75,32.82,2.26,8.37,154,1848,15632,12.53,63.92,27.37,63.31,0,33.0,2401.5,0
48.48,71.1,16.54,25.45,259,5180,30421,17.56,61.09,33.7,135.21,0,47.1,2509.8,0
12.99,52.05,47.11,15.61,171,3591,18404,4.26,48.58,18.64,52.57,0,27.2,1105.2,0
12.67,70.99,9.54,11.79,192,2112,12485,5.55,48.22,20.08,48.03,0,40.6,1803.6,0
32.68,66.0,3.36,7.64,256,3072,19867,6.27,61.5,26.57,264.32,0,61.1,2015.2,0
50.13,56.52,27.68,15.18,107,1712,14335,7.44,63.85,30.87,2.11,0,96.6,2208.2,1
16.26,67.62,10.56,24.61,225,4500,23202,22.72,47.64,20.43,22.28,0,60.0,1212.2,1
35.39,43.31,38.5,5.61,333,3996,25290,14.26,58.21,26.88,103.49,0,91.1,1946.6,0
36.12,32.89,19.13,5.85,84,924,10213,18.86,55.28,19.98,29.87,0,24.4,1730.4,1
2.67,52.73,8.45,18.32,126,1386,8376,13.21,40.92,16.98,64.39,0,57.5,1267.0,0
38.41,61.57,14.41,8.71,148,1776,14008,5.93,60.18,24.0,129.6,0,25.6,1859.7,0
16.91,67.89,2.79,7.5,154,2618,15236,4.76,47.5,18.53,25.84,0,43.3,1568.3,1
27.16,56.39,7.35,8.1,139,1112,9504,17.61,52.66,20.63,44.39,0,23.9,1457.1,1
5.21,41.48,13.52,19.18,174,2784,13779,7.72,43.11,15.6,1.53,0,49.3,960.0,0
17.34,74.56,13.38,18.83,184,4232,22707,11.95,52.92,19.59,5.37,0,54.2,1300.5,1
25.22,49.63,13.27,15.45,280,2240,16136,6.69,49.98,18.43,55.57,0,47.4,1736.7,0
30.01,60.81,20.41,9.42,263,3682,22601,12.84,57.54,26.58,45.88,0,69.3,1880.2,0
19.78,62.56,1.67,7.47,177,1947,12790,13.2,53.22,20.76,36.54,0,62.4,1685.0,0
23.85,56.04,1.15,8.48,102,2244,13858,10.44,50.56,20.6,174.2,0,38.0,1578.5,1
35.81,25.86,2.4,7.15,213,3408,22271,15.73,53.75,19.29,20.85,0,37.1,1750.1,1
29.29,44.92,23.58,9.63,261,4437,24838,13.89,52.76,22.29,7.73,0,57.4,1891.7,0
10.45,62.0,1.01,12.45,340,2720,17551,11.37,49.74,17.05,1.68,0,39.6,900.0,1
8.73,78.6,3.83,18.98,148,1628,9593,5.9,50.49,19.81,71.49,0,65.7,1194.7,0
44.9,65.17,4.41,12.46,166,2324,17176,8.86,66.28,33.43,77.88,0,98.9,2317.3,0
37.59,62.3,15.63,11.01,191,4202,23599,10.41,59.92,20.4,8.58,0,21.3,1511.9,0
33.2,25.17,7.7,33.81,119,1071,9954,25.55,53.61,19.87,42.77,0,50.5,1575.2,0
26.26,70.85,3.33,1.51,131,1572,11153,17.16,57.25,24.51,133.28,0,81.1,1791.0,0
17.8,68.86,8.95,17.91,322,5796,30762,8.85,46.8,19.8,43.0,0,41.6,1510.8,0
15.11,63.55,17.35,16.66,208,4576,22984,20.79,46.04,19.36,45.0,0,59.0,1333.6,0
36.28,59.05,23.13,16.79,61,1037,9399,19.99,57.95,25.24,29.42,0,38.6,2255.9,0
13.97,62.58,1.98,21.28,91,1729,10476,4.56,44.44,18.53,103.61,0,75.6,1012.5,0
29.73,73.42,18.81,5.98,264,3696,22718,16.18,55.31,21.91,168.51,0,29.8,1553.7,1
35.81,54.21,0.1,21.6,88,1936,14038,5.33,54.99,22.15,1.99,0,82.3,1306.4,0
10.88,60.65,19.33,15.34,192,4032,20804,9.73,50.67,18.01,71.17,0,59.1,1812.2,0
22.5,50.4,16.23,9.61,177,3009,17611,19.29,54.08,17.81,206.11,0,35.2,1425.4,1
36.23,55.24,9.49,17.78,171,2907,18494,10.95,55.73,27.13,24.42,0,61.2,2211.6,0
24.4,56.72,2.21,13.56,76,1444,9748,4.76,55.17,22.11,38.09,0,96.0,1282.0,0
4.81,64.2,21.69,6.92,266,5852,27999,2.98,45.48,20.42,40.18,0,87.4,1348.8,0
53.61,47.54,1.12,3.62,298,2980,22363,14.76,65.94,30.53,70.89,0,98.8,2015.0,1
26.64,53.21,33.89,5.55,260,3900,22502,7.53,52.99,19.12,44.34,0,46.4,1037.4,0
12.98,59.97,22.27,7.94,348,6960,34805,7.28,50.88,22.01,261.56,0,98.7,1483.5,0
53.93,53.06,20.26,15.44,325,3575,24890,25.41,66.5,34.08,3.72,0,51.5,2465.5,0
8.91,57.35,21.06,5.14,234,2808,14949,8.47,45.33,20.89,84.19,0,62.0,1258.9,1
35.57,37.14,1.05,15.58,188,2256,15055,6.88,60.28,28.81,88.34,0,71.4,2317.7,0
29.4,63.26,69.0,14.69,99,2079,12650,7.07,51.89,26.51,36.54,0,95.8,1893.5,0
16.89,45.87,29.34,41.86,132,3036,15995,8.33,51.5,19.43,70.65,0,85.7,1570.6,0
8.9,34.3,10.64,15.13,81,1782,9332,10.68,44.65,18.7,178.2,0,79.1,1080.1,0
45.28,59.34,19.06,3.52,85,1190,10999,16.19,65.19,26.36,81.54,0,43.7,1917.4,1
21.6,60.06,20.16,24.23,92,1380,9035,4.05,49.83,21.81,54.58,0,63.3,1900.2,0
42.27,61.53,26.56,7.05,69,1587,11905,9.44,62.11,30.05,112.61,0,80.9,2255.0,0
3.33,61.75,4.42,6.83,248,1984,12166,6.66,42.9,15.89,57.37,0,66.6,1204.1,0
45.2,61.34,6.98,10.84,182,3094,20371,19.29,59.11,23.35,17.37,0,35.2,1820.3,1
48.16,77.03,24.12,16.96,255,4590,28042,12.14,64.35,28.74,19.69,0,66.8,1900.1,1
34.26,67.53,21.98,10.33,194,3880,22370,12.13,56.19,26.74,117.9,0,70.5,2123.3,0
17.47,69.08,11.09,12.26,199,4179,21572,3.63,49.88,21.64,33.01,0,62.8,1796.2,0
21.95,63.6,7.57,7.04,150,2100,13348,11.05,55.81,20.74,14.4,0,74.5,1795.3,0
29.7,67.99,51.84,6.05,342,5130,29353,8.47,57.69,24.62,67.37,0,57.5,1970.4,0
25.1,48.55,8.04,13.75,144,2880,17303,12.8,53.56,22.01,15.93,0,75.7,1827.2,0
18.59,64.73,21.66,4.88,174,1566,11421,9.02,51.16,19.58,92.58,0,53.2,1426.2,1
47.74,72.44,7.98,7.94,66,528,9638,8.74,62.61,29.72,116.97,0,52.5,2003.9,1
13.69,51.85,5.56,9.99,260,4160,21781,1.95,48.15,20.46,23.99,0,69.8,1746.9,0
49.25,75.62,15.37,14.02,96,1728,13736,10.18,63.99,30.9,359.54,0,88.4,1847.7,1
19.15,49.96,24.72,10.42,113,2599,14138,4.87,54.31,20.2,14.29,0,83.3,1911.5,0
30.25,62.11,59.75,10.07,107,1712,12433,11.5,53.03,24.45,24.86,0,73.5,1936.6,0
43.55,39.81,2.42,5.82,324,5832,33092,9.28,60.08,28.4,25.09,0,80.8,2268.4,0
13.08,67.03,31.33,9.5,239,4302,22941,1.47,48.17,19.36,20.94,0,46.2,1516.2,0
15.61,73.38,11.14,10.49,294,6174,30370,12.12,48.35,20.96,38.7,0,67.4,1683.7,0
21.97,54.62,1.71,15.64,89,1869,10888,8.82,50.68,18.47,29.08,0,45.4,2038.2,0
28.71,35.03,23.73,7.54,247,5187,27931,12.97,53.57,20.93,68.67,0,82.8,1908.4,0
60.14,55.55,6.04,7.12,318,6360,38401,11.81,65.64,35.49,176.33,0,34.6,2506.2,0
4.93,41.73,30.4,5.89,239,4302,21664,2.01,45.23,16.71,18.2,0,21.2,1155.0,0
18.19,56.38,2.58,13.34,211,4642,24221,11.31,49.06,19.74,38.3,0,78.9,1025.9,0
24.67,67.53,18.62,9.87,215,4085,22087,8.03,57.2,19.3,160.09,0,25.0,1681.6,0
36.7,62.09,5.37,11.24,226,4746,26590,12.23,56.68,27.62,33.39,0,50.4,2083.7,0
24.0,31.72,4.46,9.17,242,4356,24115,10.56,51.21,21.35,68.36,0,69.6,2013.2,0
9.65,50.12,0.77,9.39,268,5896,27890,10.83,46.71,21.15,50.36,0,99.3,1189.4,1
24.42,58.09,9.86,8.46,141,1410,10561,3.61,51.4,21.35,5.56,0,57.3,1805.0,0
12.98,75.78,7.45,16.45,268,5092,26636,11.22,49.18,22.41,157.68,0,77.9,1637.5,0
43.25,52.78,0.96,12.49,212,3604,23399,10.45,61.65,26.19,224.43,0,88.5,1868.6,1
61.56,62.47,3.86,29.39,329,6909,41032,10.82,69.57,35.45,33.87,0,84.9,2164.7,0
27.76,57.64,10.02,10.15,326,5216,28931,9.39,48.73,24.61,39.7,0,90.3,2009.4,0
8.4,46.2,24.78,31.36,234,1872,11287,11.53,45.42,19.7,33.12,0,64.1,1147.5,1
12.13,48.19,39.77,10.27,342,2736,17333,8.08,48.2,21.64,178.9,0,99.5,1093.0,0
19.26,52.13,10.86,16.55,63,1449,9123,9.66,51.42,21.49,91.84,0,91.2,1574.1,0
50.92,74.08,7.75,8.44,164,1476,14901,11.51,65.28,32.34,151.18,0,46.5,2441.9,0
12.21,43.34,46.43,16.29,349,7329,36123,4.81,45.07,17.49,79.16,0,58.8,1427.4,0
9.97,52.3,49.4,3.05,130,1820,10667,6.63,46.86,18.0,37.87,0,52.5,1206.9,1
4.64,46.01,3.17,5.76,333,3663,20015,7.08,40.82,15.29,19.36,0,71.9,1326.7,0
29.88,74.58,11.37,6.77,78,1248,9582,8.44,55.6,22.37,33.55,0,70.9,1104.6,1
8.2,60.76,25.8,41.75,202,2626,14157,3.38,46.93,17.17,117.83,0,30.3,1163.7,1
9.79,75.56,25.91,22.93,134,2010,10575,10.48,45.72,22.58,70.51,0,76.5,1714.7,0
48.09,15.01,17.33,14.23,199,4577,26836,8.18,61.47,27.84,27.71,0,33.6,2265.1,0
30.53,68.92,9.56,9.49,95,1330,10596,11.74,51.79,23.46,85.06,0,53.5,1674.1,1
33.22,41.5,7.75,8.59,304,4864,28298,8.6,55.67,16.19,34.91,0,38.7,1519.0,0
14.43,46.15,24.63,8.47,301,6923,34127,13.46,47.92,20.54,53.11,0,86.9,1490.4,0
51.47,52.16,3.84,18.27,203,4669,27992,14.8,59.55,32.22,27.17,0,79.5,2359.1,0
44.11,54.72,8.39,12.86,279,5022,29357,9.79,59.78,30.31,1.01,0,86.7,2242.2,0
26.84,54.75,12.55,20.89,231,3927,23147,9.62,56.94,20.32,24.14,0,62.2,977.7,1
12.06,44.34,26.74,17.06,290,4640,24439,11.81,45.76,17.93,134.9,0,34.1,1627.2,0
53.22,53.43,7.02,15.61,75,675,10118,7.09,65.97,32.01,8.16,0,60.0,2302.8,0
9.7,53.57,11.93,7.61,172,3784,19261,4.36,49.15,17.83,35.29,0,90.0,880.6,0
27.76,30.21,4.91,7.6,143,1144,10824,6.25,53.48,19.38,100.55,0,89.4,1254.3,1
6.51,60.16,27.2,13.18,68,1088,6576,5.75,47.65,17.31,106.46,0,33.8,1369.6,0
59.58,55.2,23.09,15.3,184,2944,22093,15.48,67.28,30.06,57.78,0,68.7,1873.3,1
23.64,57.88,25.73,10.85,105,1995,12236,24.23,51.95,19.86,96.65,0,72.6,1720.0,0
9.17,47.54,0.89,5.77,282,2820,17435,8.81,48.43,17.69,12.89,0,71.4,1290.6,1
6.49,55.38,10.01,13.93,333,6327,31779,11.83,46.69,15.53,135.41,0,25.3,1189.7,0
45.13,22.47,2.19,19.18,273,3822,24878,11.67,59.85,23.45,41.49,0,29.6,1831.2,1
16.5,46.92,16.8,6.28,181,2715,15569,10.59,50.0,16.7,23.08,0,52.8,1081.4,0
2.62,48.27,5.6,10.22,133,1197,7487,7.48,46.66,18.77,28.16,0,92.9,852.2,1
21.78,54.25,22.35,6.9,143,1430,10515,5.83,51.02,19.61,31.27,0,40.3,1677.7,0
74.79,54.55,1.01,21.63,154,3542,26426,8.7,74.3,30.97,6.0,0,39.8,1579.6,1
18.52,69.31,10.8,40.36,110,1540,10733,11.04,53.45,20.3,25.72,0,53.5,1559.6,0
71.38,38.32,1.98,26.8,303,6060,37143,18.73,67.38,46.52,5.11,0,76.0,2810.9,0
58.1,65.81,12.24,4.71,178,3382,23080,8.2,68.0,41.57,11.63,0,52.5,2928.3,0
33.86,85.05,14.02,14.99,141,1410,11243,14.69,60.92,27.93,8.24,0,93.6,1838.3,1
14.71,47.68,9.3,16.95,71,1136,8194,2.34,51.11,20.36,84.33,0,94.2,1361.4,0
36.2,65.99,4.92,34.49,266,3724,23578,11.42,58.87,27.08,74.65,0,95.9,1639.1,1
21.51,76.5,0.49,8.61,104,2184,12163,5.75,55.43,19.8,13.04,0,46.6,1312.7,0
31.95,76.09,16.28,11.31,151,2416,15538,17.99,58.02,25.08,5.86,0,56.5,2024.0,0
12.9,50.63,30.65,6.0,251,3514,18662,3.51,45.22,20.35,33.77,0,78.4,1533.6,0
16.04,71.23,19.84,5.42,231,4389,23061,7.52,50.87,23.63,15.03,0,95.7,1709.8,0
37.36,67.9,33.53,12.69,330,5940,32953,11.09,56.73,25.42,50.06,0,69.9,1784.5,0
30.61,73.09,39.78,29.39,286,3718,22670,9.75,56.81,24.75,12.26,0,59.1,2058.9,0
3.5,65.35,8.96,12.39,134,2546,13294,8.64,42.06,17.68,127.72,0,66.7,1152.0,0
41.58,72.55,17.96,12.55,303,3636,24226,8.88,55.91,28.01,20.19,0,36.2,2178.3,0
24.23,51.6,7.6,5.7,148,1332,10592,8.02,53.75,21.04,130.06,0,93.1,1483.9,0
12.77,48.12,37.8,13.29,63,1449,8098,8.85,47.5,19.49,105.51,0,71.7,1055.6,0
48.77,22.3,12.42,8.74,101,1515,13414,20.58,61.73,28.65,92.81,0,36.5,2454.7,0
22.15,48.66,20.94,9.27,273,3003,19031,7.73,47.25,19.23,61.32,0,55.0,1661.4,0
23.72,50.35,0.22,33.95,211,3165,19462,9.8,51.04,20.66,142.18,0,38.1,1796.0,0
40.26,27.95,12.85,9.36,78,1794,13282,7.19,52.61,21.96,29.99,0,78.6,1449.4,0
20.98,55.67,20.32,9.93,100,1300,8992,8.45,52.99,19.16,146.77,0,81.3,1674.8,0
4.18,71.09,4.46,13.89,150,2550,13095,6.61,39.85,20.44,20.24,0,88.3,1384.9,0
12.08,41.31,0.22,1.46,270,3510,19597,3.82,47.58,18.55,34.24,0,89.2,1372.1,0
44.95,83.09,20.42,7.64,200,2000,17814,9.67,64.51,31.34,2.09,0,48.2,2354.4,0
9.66,60.57,6.19,4.16,125,1750,9927,7.49,50.93,21.49,104.47,0,92.3,981.6,0
34.01,67.67,8.4,8.76,123,2583,16354,12.36,52.92,20.6,19.93,0,53.7,1480.3,0
31.24,54.27,12.38,38.23,199,4179,23840,7.77,56.17,25.18,150.2,0,94.2,2038.9,0
34.11,41.65,1.75,2.3,88,1232,10483,10.57,54.33,22.37,67.93,0,72.2,1928.8,0
24.9,63.14,1.64,4.48,273,3276,20731,4.83,54.39,24.49,22.37,0,83.1,1765.2,0
12.0,66.4,48.62,27.45,345,7590,37053,15.97,49.54,23.41,308.54,0,92.6,1558.3,0
20.27,52.43,6.21,11.07,132,2508,14280,8.84,50.07,17.52,34.43,0,28.3,1661.0,0
20.59,58.83,4.43,15.86,256,4608,24997,11.56,53.66,18.47,152.95,0,51.6,1325.3,0
52.73,54.91,0.73,12.91,159,3498,22883,11.78,61.6,34.88,50.16,0,95.3,2611.0,0
40.69,45.25,2.87,13.15,72,1512,12383,8.18,61.33,21.87,74.75,0,60.1,1155.5,1
12.05,59.92,8.46,9.91,189,2457,13897,1.8,46.99,21.95,36.35,0,82.6,1685.3,0
39.08,44.42,6.28,1.74,92,1196,11177,11.57,58.07,22.25,77.85,0,94.1,1309.4,0
6.83,66.46,8.29,12.03,319,6061,30540,3.0,46.12,19.55,38.41,0,81.7,1306.2,0
30.07,89.78,18.26,23.54,133,1995,12767,7.57,58.96,21.37,147.21,0,44.4,1013.0,1
28.26,71.49,15.4,22.22,317,6657,34810,4.95,52.79,17.89,46.97,0,68.0,847.5,1
14.01,52.22,10.19,17.26,184,2944,15841,7.53,50.11,17.82,61.21,0,31.8,1111.3,1
6.58,60.24,25.3,11.44,250,4500,22984,6.44,46.43,19.88,109.64,0,43.5,1581.4,0
12.85,72.0,29.21,13.34,327,6540,32659,5.36,51.16,18.51,42.49,0,28.9,1589.7,0
13.15,53.55,13.4,20.37,203,2639,14875,20.11,51.22,18.46,7.52,0,73.3,800.0,0
13.33,63.38,1.88,4.87,119,1190,7908,13.13,46.93,17.17,1.28,0,35.8,823.4,1
37.93,65.77,7.82,35.96,286,6006,33751,6.32,56.52,20.68,3.3,0,31.8,1468.7,0
3.71,58.93,15.1,22.3,190,2280,12346,2.22,41.36,21.05,26.19,0,84.2,1469.5,0
48.86,57.85,0.97,36.94,279,2232,19008,24.49,63.02,23.61,24.16,0,60.9,1543.9,0
11.88,70.77,0.3,14.69,239,5019,25299,9.75,47.56,22.71,152.95,0,78.8,1371.0,1
32.34,80.99,44.44,8.89,75,600,6931,20.81,56.49,25.96,14.37,0,57.8,2227.2,0
37.32,53.66,19.64,16.09,270,4590,27371,5.46,59.95,25.68,102.15,0,49.4,2078.8,0
47.71,73.61,2.49,19.17,289,4913,29145,7.84,63.82,29.51,10.04,0,68.7,2025.6,1
39.32,32.69,8.84,38.7,233,1864,16057,19.61,61.21,25.88,87.17,0,91.5,2197.6,0
17.99,62.26,3.23,10.22,346,5536,29180,16.47,49.88,20.44,2.17,0,77.7,1304.1,0
14.41,22.28,0.16,9.51,60,1020,6706,10.1,44.76,16.44,72.16,0,61.6,1031.6,0
40.77,43.4,7.46,23.0,89,801,9972,6.71,57.85,28.97,0.91,0,35.4,2301.4,0
43.74,39.46,15.68,10.59,75,1275,11134,7.56,58.58,27.02,47.83,0,36.4,2183.5,0
27.74,79.56,46.23,8.49,127,2286,14279,13.45,57.7,28.34,266.85,0,93.4,2123.5,0
12.06,50.76,22.03,8.83,147,1176,8122,11.49,44.68,16.06,199.23,0,46.7,1603.7,0
22.27,54.27,3.92,3.62,227,4313,23542,7.58,50.55,22.59,7.47,0,87.7,1366.9,1
36.26,51.7,6.15,7.96,146,2920,17671,16.93,55.44,25.7,126.78,0,91.0,2163.3,0
10.59,33.31,11.03,15.69,76,912,5814,7.52,42.91,16.86,154.75,0,71.1,1304.4,1
33.03,59.3,3.18,12.14,158,2370,15967,12.73,53.62,23.39,217.57,0,51.1,1810.7,0
16.99,56.14,26.84,16.14,341,4092,24516,11.69,51.47,19.83,86.76,0,63.7,958.4,1
15.65,42.82,2.76,27.0,304,3648,21156,15.2,47.17,18.57,111.41,0,23.0,1936.6,0
24.04,75.7,5.14,51.06,202,3434,19582,11.87,53.36,19.47,60.37,0,20.1,1713.2,0
47.58,75.23,12.93,10.35,176,1584,14564,14.37,59.69,33.44,0.66,0,45.8,2342.1,0
37.94,36.13,1.97,6.15,319,4466,28210,10.71,55.74,20.96,7.54,0,75.5,1513.4,0
32.7,44.7,14.7,9.36,340,7820,40763,7.6,53.37,22.04,92.45,0,72.9,1781.2,1
76.4,62.05,43.3,19.36,195,1560,17790,11.24,72.68,54.21,48.55,0,41.1,3023.5,0
46.97,48.03,17.64,53.53,87,2001,13949,6.37,61.02,26.8,117.37,0,94.1,1753.1,0
24.21,51.74,25.13,13.42,65,585,5622,13.28,55.5,22.08,37.97,0,48.4,1844.4,0
22.0,39.74,8.66,16.23,126,2898,16205,5.22,48.62,17.32,55.47,0,58.9,1299.6,0
41.34,39.88,6.82,10.62,239,5497,30574,14.32,59.62,27.68,54.03,0,53.4,2354.1,0
32.91,47.2,5.98,13.36,260,3120,20438,9.56,55.77,22.89,44.89,0,26.9,1942.2,0
9.27,56.96,16.2,25.67,99,1386,9011,16.05,46.74,18.97,174.72,0,77.1,1360.6,0
14.41,57.97,10.96,19.78,143,2574,14249,10.7,47.32,21.05,81.84,0,92.0,1329.0,0
9.21,42.75,9.59,11.77,203,2842,15587,9.55,52.57,19.63,267.88,0,40.1,883.1,1
12.17,37.77,1.59,14.17,133,1995,11337,8.86,44.42,16.26,6.21,0,50.7,1691.7,0
16.78,36.37,16.78,9.77,137,1781,11366,5.0,47.29,18.86,69.16,0,39.1,1392.1,0
24.01,69.83,19.39,24.87,74,740,7281,9.38,52.2,24.01,126.0,0,72.2,1864.3,0
17.73,86.88,3.28,37.13,228,4332,22902,20.63,49.96,21.34,102.53,0,96.3,1550.8,0
17.98,61.45,21.39,7.23,69,1035,6745,9.98,47.65,20.03,60.78,0,41.2,1793.2,0
33.97,16.5,31.73,7.58,315,2520,18384,6.13,58.07,21.11,46.26,0,62.2,1763.4,0
24.17,63.52,2.88,9.83,329,5922,31802,7.02,52.68,22.85,49.28,0,95.0,1810.5,0
50.03,72.78,9.02,20.36,281,2810,21022,10.39,67.21,28.09,82.01,0,21.5,1984.9,1
38.72,45.26,31.33,9.43,217,3255,20795,8.91,60.38,24.33,39.9,0,62.0,1888.2,0
34.78,68.2,10.02,21.4,282,2820,18775,12.61,54.61,25.52,2.1,0,74.3,1917.1,0
41.84,71.07,25.33,4.75,161,1932,15631,12.91,66.17,31.24,92.21,0,93.7,2360.4,0
11.45,74.34,3.65,11.66,205,2460,14002,5.15,49.56,22.08,72.21,0,88.1,1387.5,0
37.14,46.21,0.99,13.2,64,896,7949,9.39,55.48,23.27,52.35,0,75.9,1651.6,1
15.53,56.13,0.92,6.96,148,1628,10928,5.31,51.08,19.7,7.55,0,93.3,1523.8,0
49.78,57.73,53.83,11.2,331,5627,32744,8.33,62.66,32.2,35.73,0,27.6,2481.0,0
27.86,74.78,2.7,23.71,266,2394,16325,5.99,56.72,21.5,53.06,0,82.7,1006.3,1
17.34,48.86,30.03,11.19,100,900,7582,7.79,48.43,22.0,71.03,0,73.9,1727.3,0
54.16,69.13,5.69,15.65,247,3458,23729,15.43,64.35,30.6,34.55,0,84.0,1780.0,0
35.93,59.09,0.61,28.55,145,1450,13185,14.26,54.36,22.6,0.29,0,40.2,2101.6,0
21.71,69.4,4.14,7.05,342,5814,30303,6.73,53.96,21.08,14.21,0,88.6,1529.1,0
56.43,66.37,10.56,14.23,327,6867,39965,8.51,68.62,38.51,85.42,0,88.7,2572.5,0
58.42,45.17,1.69,2.21,211,1899,17268,16.5,59.55,38.92,212.25,0,20.4,2854.9,0
23.04,59.04,38.3,5.29,213,4899,25383,10.67,49.55,21.34,36.38,0,44.9,1489.7,1
4.09,44.64,34.52,19.09,335,4020,21094,4.46,44.44,18.2,7.12,0,44.3,1388.3,0
22.14,54.65,2.42,8.85,259,5180,27795,8.2,50.96,23.31,39.81,0,68.5,1865.6,0
37.42,81.22,20.04,14.49,237,2133,17340,10.48,58.29,27.01,130.77,0,89.6,1933.8,0
20.47,48.65,9.26,4.92,177,3540,19065,9.43,47.15,16.2,111.22,0,21.2,867.8,1
10.45,45.83,60.37,2.4,267,6141,29683,16.54,44.28,16.49,33.45,0,38.5,960.2,1
28.17,52.23,0.85,7.99,221,4420,23613,8.78,53.71,24.14,0.17,0,59.6,1978.9,0
17.16,65.13,9.55,8.62,179,3222,18213,5.65,47.64,21.85,29.17,0,99.3,1591.0,0
42.37,65.02,5.04,9.85,155,2945,18701,14.74,62.42,27.17,104.01,0,25.4,2354.2,0
5.79,60.4,19.44,29.38,299,3588,18889,6.39,47.55,16.94,146.64,0,85.7,809.3,0
53.2,43.05,1.77,3.56,345,7935,43293,15.9,65.56,34.45,41.85,0,49.8,2712.2,0
45.55,51.27,14.84,7.86,203,3045,20444,6.85,61.26,31.05,1.98,0,81.4,2277.2,0
6.87,76.11,44.36,9.78,235,4465,21838,7.37,48.81,18.6,58.0,0,53.9,800.0,0
12.44,32.24,9.07,11.19,241,5302,26231,19.11,46.9,14.62,7.25,0,41.8,1611.6,0
23.5,58.88,9.08,22.09,218,4796,24933,10.82,54.61,16.43,92.7,0,54.3,817.6,1
53.39,51.71,10.27,11.75,221,2873,21292,10.45,62.46,30.51,70.68,0,54.8,1996.2,1
14.83,62.02,8.06,19.64,121,968,8080,19.95,51.12,20.95,11.77,0,85.0,1308.6,0
20.3,57.03,8.9,24.84,267,4539,23406,8.55,49.34,22.23,117.28,0,81.9,1844.0,0
42.23,32.48,9.33,5.29,147,2058,15671,11.81,59.42,26.96,27.79,0,25.7,2310.4,0
28.41,63.83,93.72,23.94,203,4669,25795,3.93,55.05,25.09,115.24,0,84.7,1954.7,0
25.32,40.37,1.86,10.83,90,990,8518,8.63,51.77,16.0,202.6,0,33.9,1006.1,1
12.35,37.28,5.04,12.53,239,5497,27679,16.27,45.03,17.8,51.74,0,20.9,1199.8,1
39.55,55.76,3.55,13.3,258,2838,20321,18.84,61.05,23.41,2.18,0,35.5,1747.2,1
52.45,48.83,11.79,15.64,186,2976,21136,7.54,61.41,32.24,41.37,0,27.6,2516.1,0
40.95,43.03,0.1,5.02,290,4930,28284,10.66,59.78,24.26,51.78,0,44.7,2118.1,0
26.16,49.17,38.09,4.76,175,2275,14130,4.37,53.89,23.88,21.46,0,93.6,2018.8,0
31.7,44.0,11.36,8.96,339,5763,31368,6.39,53.79,19.69,28.66,0,62.3,1328.1,0
18.99,78.2,33.96,17.55,313,4382,25017,9.44,53.76,19.64,22.46,0,28.3,1388.1,1
37.58,59.71,6.35,26.32,175,1575,13329,4.1,57.41,29.11,48.41,0,81.1,2125.1,0
36.13,52.62,2.44,8.1,174,3654,21679,6.09,54.97,21.93,10.93,0,66.8,1245.4,0
33.16,66.38,3.2,20.38,201,4623,25643,19.05,57.72,21.3,18.1,0,23.5,1622.3,1
20.39,52.17,9.54,10.72,349,6980,35475,9.63,49.43,19.76,58.11,0,62.9,1477.8,0
25.01,51.1,0.62,14.85,297,5346,28806,14.22,51.52,18.8,420.83,0,75.9,1275.5,0
17.39,69.0,22.84,8.5,335,3350,21061,5.67,49.9,16.9,161.98,0,35.8,1583.0,0
30.89,44.59,23.46,13.24,137,2740,16497,16.58,58.56,22.51,40.64,0,98.8,1568.1,1
22.39,39.66,18.16,7.01,94,1598,10631,5.39,50.75,21.33,1.45,0,80.2,1811.2,0
20.01,64.84,34.0,12.89,122,2562,14137,7.18,54.75,19.22,71.43,0,30.7,1528.0,0
78.22,57.46,11.96,20.5,235,1880,20380,9.29,75.41,35.38,54.7,0,54.0,1796.4,1
3.74,57.32,9.79,9.56,232,2784,15634,9.67,43.19,18.53,42.54,0,56.6,1340.8,0
33.96,49.74,11.3,14.16,274,3836,23531,15.03,52.57,22.3,53.39,0,64.2,1525.4,1
7.6,63.94,3.01,15.2,273,5460,26550,8.28,49.21,17.27,55.78,0,25.6,1356.2,0
25.61,34.45,10.77,23.71,90,1170,9631,17.67,48.52,19.53,62.22,0,32.4,1588.3,1
41.18,25.94,11.71,3.98,88,1144,11487,16.57,57.15,27.82,2.89,0,87.4,2270.5,0
13.24,49.04,21.7,18.58,340,7820,39215,5.04,49.15,16.49,38.97,0,42.7,1178.5,1
5.61,64.44,6.41,6.34,283,3679,19779,4.81,49.67,19.14,60.73,0,98.4,1208.1,0
34.5,73.67,1.45,6.0,282,3102,20332,15.87,55.55,25.73,50.61,0,33.9,1732.2,1
15.05,63.22,13.65,8.27,321,4494,24252,5.09,51.6,17.56,93.61,0,27.0,1573.9,1
11.28,41.16,23.26,6.95,96,1248,7615,3.56,46.0,17.18,355.47,0,20.3,1491.0,0
21.29,41.28,52.38,13.78,204,2448,15719,16.08,45.08,19.83,20.89,0,75.9,1522.4,0
60.2,73.16,1.42,6.82,346,4844,31320,21.47,68.47,37.99,60.61,0,76.5,2340.8,1
19.58,68.58,20.58,17.21,117,1638,10941,6.72,57.05,16.83,155.03,0,20.6,921.3,0
16.75,63.25,13.59,3.38,189,4158,20925,12.16,44.33,20.22,73.19,0,65.3,1407.9,0
20.98,68.81,0.23,23.06,322,2898,18832,6.01,50.24,21.74,89.56,0,93.8,1661.2,0
9.88,57.53,19.0,4.8,209,2508,13913,14.09,44.32,18.27,0.85,0,33.1,1155.0,1
21.41,51.88,0.4,15.53,63,1134,7768,6.63,46.81,20.79,91.47,0,43.9,1886.4,0
52.98,52.6,23.07,7.52,144,2592,19505,9.41,67.55,33.49,104.31,0,20.3,2638.7,0
11.68,64.56,19.17,9.45,158,2212,11890,11.3,47.99,21.25,8.89,0,98.5,1363.0,0
12.54,58.56,17.47,7.21,260,5200,26575,9.45,46.36,16.65,1.62,0,36.8,900.2,1
38.44,25.52,1.92,3.41,151,2265,16033,11.76,55.48,20.05,45.77,0,24.1,1564.5,1
41.96,68.24,37.71,9.23,197,3152,20625,9.96,63.92,26.26,17.51,0,53.9,1734.0,1
48.95,63.79,34.38,5.84,274,3014,22363,5.88,66.41,30.37,131.65,0,23.5,2490.5,0
4.87,59.89,34.58,5.18,211,4431,21475,15.88,45.19,18.87,36.58,0,35.1,800.0,0
19.18,76.14,6.7,9.45,191,2292,13821,20.76,52.56,20.52,124.74,0,46.8,1326.2,1
40.68,42.89,10.16,10.29,235,3525,23942,9.48,55.57,25.26,48.3,0,54.8,2177.9,0
8.81,39.01,1.83,12.81,275,4125,21203,5.16,48.15,16.83,10.05,0,51.0,800.0,0
47.85,62.51,0.79,16.39,117,1053,12384,9.75,58.89,26.29,91.5,0,45.4,1741.9,0
41.9,43.65,0.91,5.91,253,5819,31509,11.37,58.16,22.45,155.73,0,49.3,1822.7,1
8.55,80.0,12.62,5.29,107,856,7271,9.37,46.69,20.03,18.03,0,79.7,1358.2,0
18.54,44.6,5.82,19.17,240,4080,21543,4.34,45.91,20.75,139.75,0,99.0,1596.2,0
19.84,44.22,13.0,10.03,321,5457,28752,4.47,47.83,18.85,212.55,0,33.4,1831.6,0
33.32,48.96,13.47,39.6,306,6426,33393,11.94,60.57,23.74,34.31,0,77.4,1544.9,1
21.48,50.54,35.64,3.56,121,2299,13293,9.89,46.72,22.71,269.18,0,77.9,1776.5,0
14.42,49.47,32.09,14.89,95,1045,7495,5.72,48.42,20.44,129.14,0,74.9,1750.7,0
55.15,51.05,19.02,7.48,336,6048,35679,12.47,65.71,34.48,17.81,0,57.6,2411.4,0
18.15,49.57,25.6,7.64,212,1908,13658,10.08,52.49,16.07,171.79,0,20.9,1787.9,0
25.31,31.66,0.1,8.77,113,2486,14690,7.41,51.92,19.68,441.24,0,40.6,1950.2,0
35.35,62.57,0.23,27.22,175,3500,21087,11.05,59.62,23.57,7.66,0,25.3,1942.4,1
18.69,48.46,9.2,4.46,86,1892,11109,7.96,51.56,17.62,113.78,0,70.8,934.1,1
36.02,52.7,15.91,4.42,137,2329,15346,5.65,59.28,24.38,172.62,0,81.4,1528.9,0
20.33,36.79,23.7,17.63,191,1910,13970,3.54,48.66,21.39,69.22,0,47.9,1776.8,0
60.81,32.13,8.89,33.87,169,1521,16095,18.22,70.3,38.88,39.81,0,52.8,2846.1,0
16.46,53.59,42.24,7.85,323,3553,20988,5.02,44.54,18.45,21.84,0,46.7,1467.5,0
20.83,78.32,25.31,23.36,278,4170,22721,12.61,51.2,20.65,101.1,0,68.9,1570.9,1
44.9,77.81,1.63,20.57,185,3330,21850,19.01,61.75,23.83,0.39,0,34.4,1586.8,0
48.16,41.37,8.7,14.42,190,4370,26010,12.92,62.58,29.97,237.84,0,100.0,2057.4,1
25.42,43.9,79.11,13.59,236,3776,21972,10.09,49.27,23.23,142.4,0,38.5,1996.9,0
61.44,57.55,7.91,9.71,343,4802,31724,11.63,66.09,27.67,384.39,0,45.4,1686.2,1
6.84,15.01,7.32,20.97,161,1449,9624,13.39,38.79,14.8,81.03,0,74.5,950.8,1
24.75,46.21,5.22,18.15,177,2478,16374,15.89,53.47,22.03,131.94,0,64.3,1625.6,0
20.14,58.34,10.0,8.64,274,4658,25009,5.6,48.64,19.26,36.09,0,69.5,1033.1,0
27.48,51.55,19.63,4.7,200,2600,16841,18.7,54.18,21.99,22.08,0,99.3,1466.8,0
15.0,26.51,0.73,7.62,309,3399,19446,3.51,47.17,16.06,13.03,0,37.9,962.0,0
28.31,27.57,27.09,6.43,228,1824,13820,15.91,53.28,20.55,185.2,0,46.7,1663.2,1
9.7,33.53,37.44,11.78,173,3979,19390,23.41,41.58,15.87,48.29,0,45.6,800.0,1
24.0,53.84,22.79,16.25,169,2873,16832,6.56,54.49,21.0,39.38,0,85.5,1495.0,0
23.88,42.46,37.09,15.39,216,3672,20245,5.11,52.52,21.35,3.4,0,54.0,1473.1,1
29.71,78.36,1.5,16.06,109,872,8549,9.05,57.76,21.06,85.48,0,65.7,1043.8,1
24.45,34.95,8.97,13.68,115,1495,10448,9.65,53.48,20.63,49.14,0,23.6,1795.9,0
18.98,73.42,1.11,12.02,204,3876,22012,5.32,53.06,21.44,43.32,0,83.8,1670.2,0
13.09,36.95,27.19,11.73,88,1232,7484,5.44,44.15,18.79,4.95,0,41.8,1109.4,1
33.89,92.74,45.72,25.55,115,2300,15953,12.17,57.15,25.96,4.29,0,42.8,1920.7,0
18.56,64.93,5.3,9.09,291,2328,15504,8.74,48.69,18.29,19.98,0,58.1,1037.0,1
38.12,21.74,11.5,10.68,111,2109,14801,9.75,55.13,20.59,37.53,0,20.9,1774.4,0
19.31,73.25,5.3,3.33,61,1281,8460,12.2,57.62,18.89,2.38,0,28.6,1141.7,1
11.46,48.07,7.14,8.79,348,3132,19722,7.23,47.25,21.37,42.1,0,83.4,1447.7,0
7.37,68.92,9.71,10.17,246,3936,20850,3.74,49.05,21.54,46.75,0,96.8,1492.0,0
15.39,54.84,23.47,24.97,296,6808,34426,7.4,48.86,21.22,97.94,0,80.6,1402.1,1
58.66,49.67,2.38,5.46,226,4972,30428,12.53,63.9,28.84,131.55,0,20.6,2114.0,1
8.28,51.19,2.56,11.29,114,2166,11867,3.13,50.17,18.3,18.74,0,60.7,818.4,0
11.66,37.43,3.38,11.15,94,1598,8861,3.23,45.31,17.9,25.83,0,79.4,1510.4,0
24.35,48.39,0.82,17.87,346,6228,32691,8.06,54.3,21.23,163.18,0,66.4,1387.6,1
16.44,35.62,15.47,9.21,218,4142,22180,7.52,47.65,18.83,100.21,0,88.1,1056.3,0
23.82,47.92,3.16,17.55,85,1955,12211,10.12,51.29,19.37,31.17,0,35.7,1728.9,0
34.52,57.93,8.63,14.21,295,3245,22246,3.94,57.6,22.74,106.49,0,96.1,2109.9,0
53.28,70.87,17.36,7.72,283,3113,23059,9.41,62.15,28.32,27.63,0,88.9,1688.7,0
18.45,77.3,8.94,6.25,300,5100,27170,5.3,50.56,24.55,16.46,0,93.3,1640.5,0
62.78,54.81,35.47,42.71,181,2353,19053,15.34,70.6,30.24,113.91,0,31.0,1787.7,0
49.42,38.11,21.99,8.8,247,2964,22134,8.77,65.17,24.34,146.95,0,62.1,1328.1,1
15.3,54.22,4.78,4.41,207,4140,21457,5.95,47.73,17.8,69.04,0,43.8,1236.0,0
50.5,52.57,2.1,9.27,234,4212,25561,13.63,61.89,25.35,3.97,0,67.6,1644.0,0
13.66,74.77,33.73,8.14,61,976,7301,11.09,51.75,19.19,103.36,0,70.4,884.2,0
8.42,68.13,7.59,6.05,290,6380,31512,12.2,49.7,17.48,7.43,0,42.8,1157.7,1
11.69,58.49,7.23,11.88,122,1220,8069,1.82,46.69,19.8,388.4,0,66.7,1308.0,1
21.35,77.81,24.91,13.64,264,3960,22410,7.47,55.92,23.77,38.23,0,89.1,1387.4,1
3.62,47.41,0.14,3.63,129,2967,15272,7.94,44.11,17.65,49.78,0,92.7,800.0,0
11.65,64.4,9.0,13.14,101,2323,12770,6.57,51.52,18.43,224.59,0,70.2,1435.1,0
5.41,47.43,18.79,18.93,323,2584,15929,7.88,40.94,18.9,58.64,0,68.1,800.0,0
63.75,47.93,28.33,6.83,341,4774,31630,14.11,64.19,41.08,42.87,0,71.3,2821.1,0
19.25,23.98,32.47,5.45,133,1995,12777,6.83,51.32,15.87,18.63,0,62.1,941.1,1
36.62,56.51,9.4,6.55,243,3888,23648,10.52,56.54,23.29,80.46,0,60.4,1694.3,1
17.36,56.94,28.23,8.92,124,2232,12849,8.56,52.34,21.49,84.91,0,49.4,1745.0,0
24.52,52.95,0.55,11.73,230,4140,22905,8.04,53.3,21.1,39.65,0,51.7,1829.0,0
7.21,61.81,5.47,6.05,94,1786,10853,4.22,48.32,18.07,24.06,0,33.6,1576.1,0
14.67,69.99,0.16,9.32,306,5202,27561,3.93,50.73,18.49,266.18,0,24.6,1437.7,0
29.11,54.74,2.71,10.48,252,5796,29890,7.6,56.9,22.59,142.41,0,69.1,1120.8,0
6.96,64.05,19.35,13.01,255,5100,24667,14.33,47.46,19.09,26.75,0,51.6,1587.1,0
16.02,60.6,0.1,4.96,147,1176,9231,10.18,50.63,19.69,3.38,0,59.4,1403.4,0
27.52,71.15,11.11,7.32,315,2520,17385,6.92,55.33,21.5,37.23,0,69.1,1615.5,1
9.74,63.0,8.02,7.6,212,4028,20660,9.13,47.03,21.06,211.29,0,63.5,1315.1,0
51.06,82.34,1.97,30.13,98,1960,14978,23.14,65.71,31.89,63.91,0,53.9,2342.6,0
22.19,58.97,17.36,21.69,89,1335,8998,6.69,53.96,22.19,26.48,0,80.7,1199.9,1
35.13,40.94,17.72,10.98,258,2322,17458,6.72,56.63,18.35,29.2,0,36.9,1476.7,0
21.57,73.93,19.44,4.65,342,7866,39038,7.61,53.39,17.92,40.08,0,26.3,1008.8,0
31.0,64.62,21.74,19.26,192,3648,20310,16.31,49.61,23.8,119.35,0,80.0,2012.8,0
16.59,62.13,5.67,23.06,213,2769,16174,11.93,52.45,20.15,37.31,0,31.0,1339.7,1
10.12,31.86,77.07,10.84,305,4575,24416,7.0,45.74,18.93,90.8,0,97.6,1494.0,0
9.74,77.33,1.14,8.51,243,4131,21543,7.44,49.29,18.39,6.06,0,44.1,1138.1,0
33.64,70.02,15.65,7.47,266,3458,22530,17.11,57.16,22.5,110.94,0,64.9,1543.5,1
21.9,59.71,52.99,17.13,103,1648,10221,17.41,51.24,20.59,13.36,0,61.2,1565.1,0
15.48,12.3,3.81,16.5,304,4560,24938,3.84,44.14,17.41,8.66,0,53.2,1468.2,0
8.31,49.93,4.89,5.99,148,2072,11441,17.53,45.18,17.52,33.06,0,68.6,1451.2,0
21.56,83.69,12.87,6.83,155,1860,12246,4.35,51.74,23.76,88.24,0,90.3,1638.3,0
22.96,62.16,22.8,5.99,85,680,6946,14.76,52.95,19.59,67.49,0,71.3,1637.1,0
33.08,36.85,5.98,32.8,128,2432,15351,6.3,53.52,21.98,53.28,0,23.2,2232.0,0
33.0,46.64,27.19,13.33,69,621,7155,7.89,53.52,22.27,94.73,0,55.9,1744.9,1
46.3,49.02,4.14,21.92,134,1206,12012,7.04,62.69,28.79,47.48,0,22.1,2408.4,0
5.06,71.94,31.12,12.15,116,928,6090,2.23,44.24,20.76,6.71,0,89.5,1396.6,0
30.33,32.37,4.37,14.39,61,1159,9225,6.68,51.32,20.4,130.15,0,87.1,1147.9,1
19.82,70.86,14.41,9.41,216,4968,25298,12.19,51.41,21.78,47.05,0,57.5,1559.5,0
21.47,66.85,6.64,26.98,167,2004,13553,11.61,54.88,20.95,140.81,0,98.5,891.9,1
16.59,88.63,5.83,13.59,145,1450,9893,10.02,53.07,23.41,14.3,0,77.3,1802.4,0
7.67,62.99,6.55,10.85,134,2814,15215,5.28,44.43,17.13,5.71,0,43.9,1301.1,1
14.46,36.41,10.37,3.7,192,4224,22249,17.66,45.61,15.01,105.83,0,21.3,1068.6,0
23.14,54.28,27.97,15.44,263,4997,25564,15.75,52.62,20.73,182.29,0,79.0,1481.4,1
31.31,40.13,21.36,15.35,184,3680,20747,12.83,53.1,21.93,26.49,0,35.2,2001.8,0
33.81,60.83,8.95,24.08,190,3990,22666,5.39,55.94,26.51,183.71,0,98.2,2129.9,0
10.27,81.14,4.97,9.37,283,4245,23162,5.7,50.21,19.88,198.34,0,67.3,1540.3,0
24.62,42.13,28.89,7.35,337,6740,33533,6.9,46.93,21.71,54.91,0,49.5,1913.1,0
30.02,68.97,30.62,33.74,343,3087,20282,5.0,56.52,22.58,181.77,0,29.0,2005.2,0
25.7,45.71,9.07,4.88,277,4986,27500,13.38,50.53,21.82,185.31,0,75.3,1810.0,0
3.19,31.74,17.85,6.99,104,2392,12047,3.8,40.42,14.07,66.9,0,28.9,1289.6,0
26.06,78.98,6.91,28.68,262,5764,29744,19.63,55.97,22.31,191.43,0,55.9,1557.0,1
17.71,58.49,2.42,20.2,86,1806,10575,14.08,49.82,20.49,5.03,0,94.7,1346.7,1
18.17,62.37,5.82,9.82,166,1660,11090,17.53,54.29,19.05,69.07,0,84.1,1529.4,0
44.36,67.93,17.19,10.03,322,5796,34133,7.45,61.22,30.83,8.86,0,76.4,2365.4,0
41.24,29.49,22.01,10.43,289,4624,28533,11.08,54.06,18.85,38.73,0,35.1,1493.3,0
18.22,51.01,28.62,19.37,182,1638,10647,11.56,50.5,18.74,314.6,0,61.7,1637.8,0
21.06,30.36,0.27,19.55,85,1615,10005,10.5,51.47,22.59,241.64,0,97.9,1824.1,0
10.6,47.15,9.99,16.89,312,4992,25705,1.75,46.32,17.95,27.94,0,65.7,1632.0,0
7.86,72.24,4.8,18.73,309,7107,34347,3.14,47.62,15.76,102.97,0,26.4,1228.0,0
43.91,61.74,17.28,16.59,180,3960,24792,10.24,58.1,25.43,16.13,0,61.7,2072.6,0
52.56,45.74,4.22,2.79,109,1744,14747,19.34,67.47,20.85,1.65,0,34.6,1136.0,1
41.41,55.37,12.53,14.8,291,2910,21357,12.75,61.06,24.9,97.11,0,24.2,2344.1,0
63.49,52.82,18.67,9.68,186,3348,23226,16.37,68.68,41.08,34.13,0,92.5,2470.3,1
29.42,59.66,22.05,43.95,60,1200,9246,4.05,56.67,23.77,33.65,0,67.8,1428.8,0
24.06,45.62,4.71,5.0,259,3108,19629,11.47,52.11,17.54,86.45,0,32.7,1734.6,0
32.53,53.16,1.38,5.82,125,2125,14391,10.71,55.28,23.77,12.28,0,36.0,2209.4,0
28.4,57.27,3.7,12.97,71,639,7259,8.24,57.77,16.9,134.13,0,33.0,1393.2,0
27.91,61.39,13.71,5.85,174,3306,19964,14.59,52.06,25.53,66.35,0,75.7,1993.4,0
25.01,58.29,0.62,55.75,259,2072,16403,7.18,54.85,20.73,35.22,0,72.8,1585.0,1
26.95,30.43,2.59,16.99,310,5580,30451,8.3,52.81,17.01,32.7,0,27.8,1681.3,1
36.87,36.1,80.97,8.55,228,2280,17646,11.19,53.78,25.49,14.39,0,57.5,1862.5,0
11.66,64.36,7.23,15.37,144,2160,12978,10.52,47.01,17.62,87.18,0,41.4,800.6,0
39.79,51.19,10.29,13.91,282,2538,20279,10.02,58.16,18.71,240.01,0,32.4,1238.2,0
35.33,48.33,0.17,8.24,347,4164,25806,6.45,55.01,22.49,16.19,0,53.7,1883.2,0
5.07,51.23,13.44,5.63,207,4347,19796,13.65,42.44,16.94,26.13,0,63.6,1214.7,0
30.63,51.21,5.9,6.19,298,3278,21608,12.4,53.23,20.52,27.86,0,21.2,1775.1,0
41.58,28.49,11.33,9.31,142,2982,19711,10.57,61.51,23.42,24.65,0,56.3,1824.2,1
13.95,80.94,11.2,21.97,234,3744,20205,10.45,53.88,18.93,47.02,0,66.6,1369.4,1
37.74,53.31,51.38,17.61,281,6182,33596,6.98,58.08,26.03,47.35,0,69.5,2052.5,0
49.7,55.22,4.68,45.31,174,2958,20773,14.15,62.78,24.21,42.4,0,37.6,1776.5,0
28.76,56.18,12.67,7.3,132,1584,11548,3.86,49.71,19.77,60.19,0,30.3,1394.0,0
37.07,69.43,7.21,5.93,205,4100,23277,13.17,55.61,27.27,89.06,0,94.7,2148.1,0
9.52,65.25,8.22,11.04,171,1368,8179,2.43,48.04,20.85,301.88,0,92.3,1230.7,0
41.29,53.88,0.86,15.77,247,3458,21630,17.81,62.9,28.53,44.57,0,37.4,2248.0,0
27.81,41.91,17.49,16.02,345,5520,30448,4.17,55.42,23.01,89.92,0,78.2,1916.6,0
47.28,73.55,3.26,15.11,344,4472,28746,17.15,63.43,24.17,88.63,0,62.3,1581.2,0
40.58,55.84,9.48,13.8,239,4063,24498,4.93,56.5,29.11,29.93,0,79.6,2043.6,0
25.93,63.92,8.54,8.77,217,3255,18697,8.47,53.05,21.27,66.67,0,83.2,1748.8,0
27.8,38.73,9.47,9.49,298,4768,26713,17.05,50.28,19.95,34.12,0,56.9,1502.8,1
19.83,64.74,7.06,31.31,127,2286,13270,17.1,56.15,21.16,275.79,0,93.6,1307.3,1
28.32,33.62,4.16,5.96,237,5214,28289,14.64,55.99,19.85,30.17,0,62.6,1605.3,1
52.31,49.04,8.93,14.11,118,2360,17648,15.06,67.69,34.28,1.0,0,29.5,2538.1,0
25.04,56.99,0.71,24.46,90,1260,9336,7.94,50.73,23.96,41.13,0,80.7,2172.3,0
52.03,81.06,4.16,6.63,229,2748,20663,6.46,64.86,36.72,28.47,0,84.1,2300.3,0
52.96,64.88,23.05,6.61,220,2200,17862,9.15,64.92,38.48,92.71,0,91.8,2594.9,0
13.62,76.56,27.76,14.48,300,3300,19483,10.95,53.43,23.94,37.13,0,93.1,1411.5,0
23.11,61.9,18.85,15.77,78,858,7840,5.65,56.2,20.59,39.96,0,70.4,1861.4,0
16.69,38.35,15.02,10.08,318,7314,36119,14.27,48.97,18.22,108.51,0,30.0,1624.7,0
44.24,38.44,25.01,15.96,230,3220,21219,13.86,63.22,23.47,337.85,0,61.4,1633.0,1
26.07,66.42,2.05,4.54,112,1792,12410,3.72,52.49,21.22,29.96,0,53.2,1625.2,0
27.93,39.97,11.17,8.29,292,6132,32562,12.08,51.5,21.05,2.01,0,83.8,1881.2,0
43.12,31.84,1.85,24.43,330,2970,22448,10.99,57.05,24.89,118.35,0,37.8,2106.0,0
61.85,40.36,22.57,4.02,168,3192,22795,12.11,69.82,42.92,24.02,0,31.3,2989.2,0
61.68,59.02,11.03,41.76,173,3633,24835,8.58,74.79,36.06,24.14,0,48.8,2238.5,1
22.29,43.09,24.91,11.26,268,4556,24929,6.58,47.84,19.97,74.14,0,27.7,1533.8,1
54.08,73.83,24.07,31.95,68,1564,13958,14.5,66.98,25.14,47.03,0,44.4,1405.3,1
37.71,61.41,9.42,24.48,253,2277,17235,11.17,59.16,27.97,112.82,0,75.7,1802.5,1
38.9,57.84,10.3,13.95,164,1804,14354,10.17,57.63,25.04,7.07,0,67.9,1954.1,1
63.92,60.82,0.43,14.26,307,7061,40464,11.2,69.2,36.02,459.23,0,33.1,2433.0,1
11.07,64.06,11.12,37.95,117,1755,10450,12.99,47.14,19.99,19.73,0,56.1,1393.3,0
23.54,64.27,16.97,6.43,316,5372,28902,7.92,54.33,20.11,94.65,0,40.2,1698.3,0
52.78,42.74,3.99,11.4,153,3519,23191,8.76,66.5,32.25,108.41,0,53.2,2491.7,0
22.22,73.91,64.61,8.53,312,2496,16729,10.2,52.96,23.34,8.25,0,42.8,1534.0,0
34.35,64.42,55.23,7.39,277,4986,27106,6.35,53.57,23.52,14.2,0,24.1,2057.6,0
18.8,49.08,4.99,24.27,141,3243,16737,11.71,53.17,18.85,101.22,0,76.9,1195.3,1
21.53,66.59,18.72,15.38,307,3991,23098,11.73,49.44,20.68,180.18,0,67.8,1636.4,0
37.08,35.01,0.46,15.1,316,6636,36184,8.48,54.22,21.43,79.86,0,74.2,1549.6,1
42.14,67.83,16.44,15.13,348,6264,34919,11.66,68.64,28.35,29.05,0,77.4,2384.7,0
19.44,59.32,14.67,19.46,131,1048,7849,11.48,52.08,20.55,72.02,0,76.4,1411.1,1
41.89,22.83,25.9,10.88,229,3664,22716,7.0,59.39,30.11,8.6,0,95.1,2615.3,0
24.47,84.97,5.44,23.29,307,3684,22645,9.22,54.91,23.5,74.29,0,87.0,1876.4,0
40.07,35.39,31.56,11.51,245,2450,18132,11.07,60.46,22.5,57.1,0,65.1,1659.4,1
27.26,63.61,29.28,12.21,167,1336,11044,9.1,58.04,19.18,1.64,0,29.8,1792.5,0
33.69,76.22,16.61,9.7,171,1881,14608,12.36,56.5,23.47,143.11,0,20.2,1734.2,1
26.22,15.79,9.59,11.0,283,4811,26454,7.53,50.25,17.93,76.16,0,26.4,1455.6,1
8.22,58.49,14.45,14.6,270,3510,19562,4.56,44.89,20.3,1.11,0,89.1,1538.5,0
22.22,68.29,19.64,11.86,217,3255,18896,16.81,56.68,24.6,46.72,0,91.5,1829.7,0
28.61,71.74,55.48,7.43,119,1904,12432,9.6,57.36,25.37,126.47,0,70.0,1975.8,0
25.17,73.25,1.95,10.6,183,4026,22221,4.46,55.5,22.5,92.21,0,87.6,1600.7,0
66.47,68.89,5.63,9.98,325,3575,27445,9.09,74.39,43.52,20.63,0,93.3,2702.3,0
41.81,49.96,22.76,10.98,75,900,9931,9.74,61.14,22.14,23.0,0,28.2,1679.7,0
33.95,61.89,7.89,3.92,318,4770,28989,19.08,55.02,20.29,34.93,0,34.2,1128.8,0
28.27,85.17,16.74,18.72,145,3335,19331,11.13,54.45,24.58,18.18,0,61.5,2153.8,0
6.26,73.95,2.14,10.9,144,3312,15584,5.56,48.24,15.61,81.47,0,29.0,1429.5,0
27.32,45.0,18.52,14.73,214,2140,15166,10.68,52.62,20.41,139.07,0,44.6,1723.7,0
40.54,70.98,16.82,16.38,125,1375,12591,13.23,62.79,25.48,89.43,0,40.6,1897.7,1
17.77,75.34,13.22,6.26,210,3570,19715,11.25,51.03,20.46,20.7,0,78.5,1489.9,0
17.66,41.8,21.74,17.45,98,1862,10655,8.03,48.95,18.09,72.11,0,38.7,1445.8,0
11.7,54.68,31.82,6.42,201,2613,14463,3.11,45.64,16.29,127.79,0,25.2,1021.8,0
13.44,50.71,26.52,14.65,234,2808,15746,7.54,48.12,22.24,78.44,0,92.0,1729.6,0
80.23,68.87,2.05,4.06,110,2420,21116,9.05,81.6,57.64,29.57,0,29.9,3067.0,0
41.67,48.85,20.46,3.16,206,3090,20176,22.86,61.76,19.99,57.25,0,68.3,1269.5,0
34.52,45.56,8.96,20.77,345,5865,32383,4.75,54.63,23.48,50.85,0,88.0,1302.6,1
34.15,71.37,6.09,16.48,331,5958,32654,16.41,60.03,22.4,142.76,0,79.3,1122.2,0
60.91,36.92,31.76,10.64,135,1215,13723,11.18,69.03,38.13,4.37,0,53.6,2723.0,0
48.7,57.78,12.3,11.55,123,2337,17194,9.96,59.02,28.58,45.12,0,73.6,1992.5,0
5.29,44.06,10.43,4.52,275,4400,22333,5.45,43.49,18.55,31.73,0,77.4,1175.2,0
14.9,71.36,23.03,11.54,101,808,6826,7.76,49.76,21.18,111.55,0,63.6,888.2,0
36.01,45.83,12.09,12.41,283,2547,18462,14.95,59.18,25.32,111.66,0,95.9,2002.3,0
30.91,55.55,29.28,8.98,109,1635,11953,20.81,52.56,27.43,120.52,0,94.9,2112.0,0
28.66,19.13,1.63,10.54,334,5010,28567,7.18,49.39,25.46,84.17,0,78.1,2170.3,0
10.69,55.03,22.45,6.45,106,2226,11991,5.12,49.87,18.53,71.61,0,86.8,1175.4,1
23.57,52.35,2.68,4.77,121,2662,15333,15.29,52.71,20.03,60.01,0,86.7,968.7,1
38.92,56.07,3.83,12.88,296,4440,26298,5.3,56.97,24.62,59.13,0,82.6,1768.6,1
19.66,74.53,2.97,5.51,233,2097,14497,8.21,53.71,22.45,3.83,0,83.8,1809.6,0
9.3,63.97,4.09,15.28,106,1590,9408,2.91,42.52,20.13,35.67,0,46.6,1658.7,0
43.45,60.93,19.74,14.25,238,2856,20252,11.65,61.9,26.17,90.51,0,52.9,1895.6,1
8.91,43.92,15.98,21.55,283,3113,17614,7.45,47.63,17.31,17.18,0,55.5,1180.3,0
42.61,87.06,3.92,14.11,187,1683,15292,15.77,63.98,32.24,179.39,0,65.3,2383.1,0
24.7,27.43,4.72,71.17,278,4448,25177,11.68,48.89,19.16,1.92,0,84.4,1382.7,1
24.71,37.05,1.57,9.58,61,610,6541,15.02,52.36,21.13,50.8,0,75.9,1860.9,0
38.71,43.53,8.03,14.5,224,4704,26907,10.16,52.66,21.6,0.73,0,29.6,1740.5,1
19.79,57.85,7.14,7.93,209,3971,21169,4.38,49.91,19.7,24.03,0,34.4,1865.4,0
53.29,55.65,2.36,21.42,123,1476,14507,9.44,64.48,33.92,5.51,0,28.6,2577.5,0
15.17,43.68,26.99,12.66,278,3058,18036,9.3,47.5,17.94,9.69,0,30.1,1594.0,0
38.32,57.64,28.72,4.0,140,2240,15975,6.14,61.35,25.37,38.05,0,96.6,1697.9,1
18.11,72.37,1.73,7.0,146,1606,10181,11.81,53.77,18.24,81.62,0,24.0,1893.5,0
32.01,55.83,4.65,10.42,133,1596,12598,15.93,59.69,23.23,9.58,0,60.7,2051.0,0
30.75,36.11,19.98,5.4,330,7260,37756,4.4,56.87,16.55,18.14,0,21.5,1168.3,0
35.36,53.44,30.6,15.87,99,1980,13811,13.89,53.7,22.46,3.95,0,52.1,1545.9,1
10.83,42.73,1.12,4.91,223,4014,21405,18.64,45.86,17.2,43.64,0,71.6,1124.0,1
47.25,34.03,34.9,10.1,226,3390,22572,8.85,58.9,27.06,140.35,0,84.9,1953.0,0
41.85,55.58,0.95,9.55,75,825,9482,10.35,57.03,27.28,46.47,0,72.4,2217.4,0
33.93,41.43,15.07,20.86,178,3204,19435,11.42,55.26,23.6,107.12,0,91.2,1641.7,1
17.75,50.04,0.33,9.99,111,999,8339,14.91,55.59,17.85,3.93,0,40.4,1732.9,0
17.72,61.33,39.52,18.96,275,4950,25641,8.51,49.54,18.7,55.17,0,59.9,919.4,1
46.78,59.81,6.55,14.59,292,4964,29740,6.58,60.62,32.83,31.7,0,55.5,2459.1,0
12.48,73.07,15.7,5.73,219,5037,25275,11.79,47.65,20.71,34.35,0,47.8,1630.3,0
20.58,29.19,3.06,42.93,297,2673,18271,14.01,46.52,17.9,56.88,0,23.4,1673.7,0
58.2,51.93,5.81,21.85,349,5933,36229,8.34,66.3,37.7,51.88,0,34.5,2887.3,0
21.59,70.18,20.63,6.43,326,5216,28133,14.09,51.45,20.49,92.92,0,34.4,1889.8,0
34.83,29.81,54.18,6.04,316,6636,35351,7.42,55.51,21.61,63.27,0,42.7,1930.8,0
22.06,52.44,72.52,23.67,211,4220,22632,11.24,51.7,17.82,59.46,0,56.5,912.5,0
57.1,58.01,24.89,19.57,100,1700,15379,16.35,63.59,32.84,12.82,0,41.3,2433.0,0
59.75,38.55,28.18,17.12,199,2587,20074,15.41,66.59,42.77,131.09,0,64.5,2824.7,0
47.36,44.86,52.3,6.4,252,4788,28466,15.79,57.57,31.83,154.72,0,42.8,2578.5,0
31.26,37.16,0.62,7.91,170,1360,11646,9.55,56.68,21.51,46.11,0,68.6,1753.3,0
30.05,59.18,2.8,25.04,274,4658,26987,4.49,62.77,21.19,114.13,0,39.0,2070.4,0
41.07,17.51,0.81,16.29,118,1062,11390,7.33,56.15,24.93,172.09,0,73.5,2288.3,0
43.51,43.52,10.43,7.35,131,2620,17398,9.73,58.98,27.39,82.93,0,83.9,2027.2,1
27.26,44.2,47.73,26.41,76,1216,9500,5.23,52.7,20.31,62.01,0,59.9,1346.3,1
43.43,68.61,13.1,37.98,193,2895,20059,8.75,61.39,25.71,214.6,0,77.7,1296.5,0
32.21,31.57,12.16,8.62,119,1904,12403,6.08,53.61,22.32,219.07,0,77.5,1985.6,0
9.15,74.45,26.29,7.67,199,4179,20476,1.72,47.62,20.43,33.83,0,57.3,1009.7,0
18.6,66.21,39.67,28.26,80,1440,10602,10.09,47.89,20.08,10.27,0,50.7,1687.5,0
35.71,70.68,17.99,30.72,253,4807,27669,17.79,58.42,22.55,51.25,0,43.1,1669.9,1
34.77,48.6,33.86,30.35,207,4140,24626,19.02,58.07,23.95,105.6,0,40.4,2184.1,0
35.58,48.7,2.89,14.68,171,3933,22780,14.39,53.46,23.16,6.16,0,31.9,1899.7,0
59.13,43.2,10.5,8.55,335,4355,29627,16.31,63.65,34.49,1.75,0,37.5,2426.5,0
8.48,63.71,6.8,20.04,154,1540,9230,6.74,46.87,19.97,29.66,0,79.7,1628.7,0
34.41,49.73,6.06,9.55,223,4014,24461,13.55,65.02,24.69,8.75,0,26.5,1964.6,0
49.42,42.89,3.62,9.21,83,913,11093,17.89,64.57,33.55,4.62,0,75.0,2628.6,0
34.67,49.69,33.66,12.97,245,5145,28707,13.81,55.71,24.56,8.95,0,41.8,1813.0,0
18.45,60.57,8.98,11.81,108,1512,10683,9.86,53.08,21.35,16.94,0,88.0,1402.6,0
13.68,36.05,11.33,8.6,268,5360,26894,14.25,48.22,19.28,45.55,0,78.7,1846.9,0
10.94,40.73,4.85,6.17,285,5985,29454,6.67,48.26,15.72,225.09,0,35.9,1500.7,0
20.26,75.25,49.39,10.35,240,3600,20921,8.55,48.77,24.65,12.88,0,78.8,1652.7,0
34.56,41.4,14.17,8.01,326,6846,36164,10.75,55.81,22.48,27.89,0,64.3,1640.8,1
25.9,76.71,0.1,5.18,236,5428,27726,9.07,56.73,24.01,43.91,0,75.5,1893.9,0
69.58,47.09,4.68,13.04,146,2774,21949,14.02,67.14,39.61,45.94,0,26.1,2509.7,1
10.02,34.67,110.02,13.24,172,3440,17823,1.47,45.34,18.56,30.64,0,62.1,1261.8,0
24.39,75.55,55.2,18.47,306,6732,34133,13.76,56.39,22.16,87.48,0,39.9,1819.1,0
13.5,81.18,11.8,12.95,180,3060,16616,7.82,49.45,22.08,70.9,0,93.0,1344.6,0
7.53,46.29,12.46,11.44,108,2268,11646,17.28,42.08,20.34,38.58,0,58.2,1381.1,0
72.7,71.39,34.78,18.35,227,3632,26496,23.72,74.81,59.34,93.41,0,96.2,3220.4,0
50.23,56.55,18.49,12.98,277,4709,29110,5.55,62.52,28.9,13.41,0,76.9,1888.5,1
29.72,57.37,40.37,14.1,324,4860,28672,11.43,50.01,25.22,164.15,0,21.1,2285.4,0
43.18,59.71,9.78,16.55,323,2907,21653,11.87,58.23,27.07,75.58,0,27.4,2322.9,0
15.55,55.3,55.88,8.45,239,2151,15180,7.57,46.91,20.95,29.12,0,96.6,1554.8,0
14.33,56.54,11.63,21.15,341,6479,32784,5.95,48.66,16.59,246.18,0,47.1,1476.4,0
3.3,55.09,15.53,12.15,303,3636,19153,8.49,43.57,18.97,138.97,0,51.3,1104.5,1
40.74,46.36,1.29,11.14,156,1404,13877,9.8,62.72,21.54,3.39,0,34.6,1930.8,1
51.67,44.38,14.19,21.0,258,2064,17893,9.51,61.36,24.61,4.78,0,21.2,1846.1,1
21.97,37.76,21.9,8.93,213,3621,19335,7.06,51.53,17.43,34.83,0,27.7,1528.2,0
8.53,26.72,8.68,9.35,148,2664,14321,14.28,45.0,15.49,76.58,0,20.5,1462.6,0
39.62,53.63,10.47,16.0,94,1692,14192,8.87,58.13,30.04,54.64,0,94.9,2303.9,0
34.46,42.36,7.5,13.56,166,1826,13715,21.92,56.37,25.74,72.06,0,76.7,2164.8,0
37.98,30.43,52.13,87.71,293,6153,33632,10.1,59.12,18.74,55.81,0,40.6,1490.7,1
17.29,42.67,9.71,22.23,203,4263,21789,23.36,48.97,17.69,6.37,0,39.8,1410.9,1
23.63,47.03,2.02,2.9,142,1136,9474,14.24,52.4,20.75,128.17,0,52.6,1583.0,1
49.42,46.76,0.44,14.42,227,2497,18913,7.78,62.57,30.62,383.27,0,44.6,2453.8,0
13.01,75.89,22.21,4.03,321,7062,35074,4.62,50.76,21.56,100.85,0,86.1,1391.3,0
40.36,46.07,11.9,9.5,150,2850,19136,9.34,58.02,20.96,94.78,0,25.5,1861.6,1
28.14,76.68,0.1,13.54,126,2772,15710,11.91,59.91,19.32,150.45,0,33.4,1596.7,1
31.64,43.73,7.23,9.24,204,2244,16473,10.03,53.45,23.66,66.49,0,66.4,2140.0,0
43.01,62.23,36.81,3.27,347,4511,27981,4.71,60.93,28.37,110.65,0,45.7,2281.6,0
62.8,39.99,44.28,12.62,222,3774,26141,22.73,67.06,42.83,84.53,0,31.1,2851.9,0
26.49,80.73,0.83,8.69,155,1860,13417,6.25,57.35,22.18,66.57,0,83.0,1760.2,1
8.79,73.38,1.98,17.9,112,2240,11606,2.32,49.91,20.24,61.05,0,37.7,1442.8,0
3.22,66.23,0.1,3.9,144,2304,11165,11.5,42.78,19.0,76.44,0,96.2,934.8,1
46.75,84.66,30.45,7.87,114,1938,14613,13.4,63.36,32.75,77.62,0,43.8,2551.4,0
19.54,68.05,1.1,19.86,66,990,7763,9.78,50.02,15.72,4.66,0,32.0,1138.8,0
27.0,61.58,1.71,3.2,320,4160,25235,20.52,56.45,22.22,158.68,0,66.5,1647.9,0
5.69,34.67,3.87,16.21,166,3320,15665,4.73,42.38,19.38,27.18,0,88.0,1431.3,0
13.94,19.66,37.38,7.63,258,4644,24860,7.97,49.53,19.69,19.0,0,79.1,1669.2,0
20.47,35.58,17.48,10.59,127,1651,10598,18.13,51.23,15.35,86.83,0,27.0,1201.2,1
45.74,29.7,14.39,6.13,65,845,9584,10.51,60.36,27.64,59.05,0,48.5,2136.0,0
22.83,43.0,23.03,10.09,311,3421,21316,7.02,51.21,20.68,3.8,0,80.0,1039.2,0
57.94,71.41,17.73,6.5,72,1512,13008,13.25,66.26,27.52,30.49,0,29.6,1753.7,0
12.8,39.0,20.55,5.84,171,2052,12451,3.68,45.13,16.41,134.97,0,53.3,886.0,0
9.06,48.06,1.15,19.79,315,6615,32216,2.54,46.54,18.56,11.22,0,64.1,1061.6,0
25.21,55.85,13.37,11.24,130,1430,11002,15.45,53.28,20.55,319.91,0,41.0,1515.5,1
24.07,56.38,20.99,14.08,284,2556,17321,9.4,53.26,22.85,239.15,0,96.9,1562.0,1
16.08,46.1,12.51,12.68,65,1430,9157,7.6,49.68,18.67,7.09,0,59.4,1489.2,0
31.68,72.83,0.18,26.37,134,1608,11833,7.7,52.65,23.5,432.53,0,91.4,1401.6,0
22.52,55.37,3.56,15.32,114,2166,13388,9.81,52.04,21.23,3.11,0,63.5,1393.2,1
19.3,57.56,49.41,16.6,93,1860,11018,6.8,47.06,24.06,80.66,0,87.2,1500.0,0
46.43,92.13,18.3,18.78,260,5200,29424,12.15,61.88,26.11,88.81,0,96.2,1493.5,0
42.76,81.06,17.5,7.28,108,864,9880,9.95,64.37,33.73,117.02,0,94.7,2436.2,0
38.32,55.29,16.19,35.4,152,3192,19711,5.25,61.06,25.83,1.85,0,54.8,2284.4,0
65.57,63.2,2.05,5.47,331,5296,33990,16.05,71.59,38.68,135.63,0,97.5,2239.1,1
18.95,41.17,0.1,14.52,213,4899,24771,9.0,45.85,16.36,23.43,0,43.7,1349.6,0
38.35,23.67,8.71,14.48,176,2992,18795,10.38,57.5,26.29,62.04,0,70.5,2054.0,0
52.02,65.22,8.81,50.75,282,5358,31927,14.31,64.25,31.7,47.02,0,84.3,2099.4,1
35.77,39.14,25.05,15.5,134,2814,18313,10.71,56.86,24.42,168.56,0,26.3,2072.7,0
52.22,63.47,3.01,7.67,119,1904,15601,8.2,64.74,35.65,16.1,0,81.1,2700.9,0
19.82,87.22,4.83,8.32,224,3584,19458,3.07,51.76,23.71,73.1,0,99.2,1630.0,0
32.47,26.86,1.22,9.32,207,1863,15812,4.72,56.32,22.32,56.68,0,36.9,2166.9,0
31.32,20.81,7.66,13.01,264,4752,25620,15.95,52.83,19.16,27.81,0,85.5,1006.2,1
10.37,41.22,4.44,13.63,247,2470,15731,3.74,47.96,17.69,23.27,0,64.9,1560.2,0
28.06,67.15,4.58,15.47,230,4600,25294,9.18,58.48,26.24,218.04,0,93.3,1904.7,0
14.79,73.75,4.4,12.38,255,3825,20760,7.01,46.91,19.8,77.41,0,55.7,1076.1,1
46.93,67.13,3.95,16.74,113,1017,11198,17.44,64.1,31.81,0.1,0,83.4,1950.9,1
15.04,59.32,5.78,6.14,173,3287,17443,6.82,55.32,22.3,22.21,0,77.5,1641.9,0
59.18,55.25,11.54,4.64,326,4238,28864,9.69,65.49,38.1,75.71,0,60.7,2608.3,0
49.62,56.86,8.64,23.6,253,4048,26841,9.93,62.94,25.69,201.0,0,90.7,1667.2,0
7.2,72.76,0.98,4.69,81,1134,6047,14.85,47.45,20.49,8.45,0,91.1,857.5,1
14.07,45.34,8.32,11.56,63,1386,8093,8.5,47.32,19.63,117.03,0,98.7,1264.3,1
19.88,55.62,28.09,7.48,101,1010,7882,4.13,46.34,21.56,305.3,0,41.3,1844.5,0
37.07,37.68,1.59,35.06,111,1665,12753,6.37,57.08,23.51,149.96,0,65.8,1980.6,0
54.11,60.39,43.33,37.75,103,1648,15534,8.38,58.56,32.88,52.91,0,41.0,2241.6,1
30.86,55.27,5.54,12.28,313,3756,23323,10.99,50.88,25.18,147.96,0,89.6,1885.7,0
55.99,93.8,0.22,10.11,135,2970,20182,7.05,71.92,33.57,104.49,0,75.4,1999.7,1
21.97,32.83,4.38,10.47,129,1935,13325,6.21,51.03,20.17,4.56,0,83.6,991.0,0
28.36,69.06,1.08,13.68,166,2490,15562,5.69,53.19,22.89,47.67,0,91.7,924.5,1
23.37,47.32,12.53,20.35,316,2528,17685,4.8,53.7,19.41,114.23,0,62.3,1321.6,1
49.52,67.37,5.7,91.9,163,1467,13902,5.66,66.72,24.43,109.63,0,98.0,1121.0,1
23.59,66.23,24.67,6.45,289,6647,33593,3.32,52.12,23.89,124.13,0,68.8,1801.8,0
53.51,50.66,19.79,14.09,79,1501,13963,10.39,67.81,39.73,72.8,0,71.9,2644.5,0
34.23,39.53,9.48,11.1,295,4130,25162,11.64,59.02,23.29,35.5,0,24.5,1976.5,0
14.72,39.15,12.34,8.91,173,1384,9667,5.54,41.48,17.1,36.31,0,31.8,1471.0,0
34.53,56.58,14.08,9.38,96,2016,13745,8.93,48.65,26.46,36.16,0,77.1,2086.8,0
23.82,44.16,4.74,11.4,238,4998,27149,6.07,47.61,19.24,76.74,0,67.8,2095.7,0
41.26,51.55,2.25,13.71,61,671,8147,11.2,63.99,30.75,139.61,0,97.6,2264.4,0
47.71,36.38,7.09,15.26,137,1918,15804,11.2,59.94,24.86,123.84,0,49.9,1526.6,1
45.34,62.62,1.49,16.44,109,2289,15595,18.44,60.8,33.6,18.02,0,85.7,2457.8,0
33.98,41.61,5.67,5.25,269,4573,25974,7.8,55.6,22.49,113.01,0,78.6,1742.0,1
21.69,48.75,12.06,8.13,204,2448,15544,8.88,50.64,17.95,37.27,0,34.9,1504.7,1
28.66,74.74,11.65,16.87,163,1467,11536,7.0,57.64,22.73,34.34,0,35.0,1323.0,0
12.63,57.22,1.93,28.89,115,1150,8656,12.64,50.85,16.69,55.71,0,34.1,1503.3,0
62.06,66.33,0.13,16.22,346,5190,33827,11.68,71.56,42.5,45.87,0,50.0,2803.5,0
22.25,40.67,1.4,10.17,334,7682,38881,14.38,50.43,17.39,167.02,0,31.1,1703.6,0
36.31,59.15,0.55,16.18,296,6512,35865,15.1,61.95,27.16,23.95,0,89.4,1826.6,0
7.34,61.47,7.67,14.2,191,3820,18650,9.3,44.26,20.28,120.39,0,73.5,1556.1,0
31.27,40.52,7.41,6.5,182,1456,11840,5.5,56.75,26.38,53.41,0,85.7,2040.9,0
7.15,55.92,4.15,10.96,100,1900,10138,9.44,48.79,16.2,45.74,0,24.4,1459.5,0
58.67,48.69,3.64,13.51,149,2980,21259,6.75,63.22,31.12,27.67,0,77.9,2069.1,1
21.81,59.08,7.57,18.76,254,5588,28857,8.6,56.17,21.31,18.34,0,52.9,1340.9,1
37.39,35.15,1.36,28.59,82,984,9449,6.02,58.72,24.86,84.22,0,81.3,2213.8,0
36.42,39.26,3.62,35.65,328,7216,37738,11.89,59.54,28.15,57.82,0,70.6,2106.9,0
10.26,34.1,7.81,4.47,273,2730,16146,11.28,44.92,16.44,24.16,0,45.6,800.0,1
20.04,37.74,1.49,10.88,282,4512,24403,11.82,47.6,20.38,193.23,0,95.8,1542.4,1
21.09,45.62,27.57,29.89,233,3029,18697,14.25,49.34,21.72,92.73,0,60.2,1645.4,0
4.35,62.69,16.91,19.38,145,1740,9667,9.15,43.47,17.35,19.92,0,55.2,1145.7,1
37.05,56.38,7.25,19.95,74,740,9075,14.02,56.15,27.21,80.16,0,66.0,2262.9,0
5.82,56.33,2.44,7.87,89,979,5479,1.82,47.99,18.27,140.36,0,52.1,1333.3,0
40.49,40.36,3.24,8.05,172,3268,20552,5.7,54.24,23.89,38.86,0,23.5,1725.6,0
33.72,54.66,1.92,18.09,186,2790,17671,9.64,59.34,25.29,23.08,0,76.5,1978.7,0
47.44,73.85,2.62,9.14,84,1764,13889,6.46,63.19,35.46,75.32,0,68.0,2649.3,0
3.42,59.43,8.24,6.16,61,488,3766,5.59,46.29,16.32,103.01,0,50.7,1137.6,0
57.91,67.16,4.23,12.95,124,2604,19966,11.67,65.07,41.22,32.35,0,64.4,2803.8,0
2.16,47.42,32.39,10.85,231,3234,17339,2.67,39.46,16.62,2.38,0,43.0,800.0,0
37.18,47.81,48.64,20.52,213,1704,14031,9.32,58.82,26.42,168.88,0,60.6,2121.6,0
7.2,62.82,17.63,15.59,142,1136,7914,8.95,49.13,18.18,95.23,0,87.3,805.2,1
23.55,40.93,24.81,38.89,218,2398,15273,6.64,52.6,21.27,47.58,0,28.1,1663.7,0
7.17,53.19,4.42,6.73,165,1485,9667,5.64,46.19,17.04,199.67,0,64.1,985.9,0
19.12,57.8,16.41,12.5,317,2536,16627,7.36,48.01,24.19,45.72,0,85.6,1744.6,0
35.26,49.14,0.9,17.11,109,1635,12569,10.49,54.07,21.24,22.3,0,87.9,1568.6,0
32.03,42.33,48.36,16.73,284,4828,26965,11.12,51.03,21.77,1.04,0,20.0,2169.8,0
20.74,45.25,16.64,14.21,299,5083,27805,14.88,47.58,20.23,156.17,0,47.1,1633.7,0
48.92,34.33,5.72,4.28,105,1470,12836,13.51,55.8,31.66,9.98,0,70.4,2460.8,0
7.78,59.16,22.24,3.75,245,3920,20503,5.39,46.68,18.96,136.99,0,64.5,1058.1,1
6.69,67.52,0.24,6.39,144,1296,8474,9.73,44.7,21.32,29.99,0,62.2,1433.7,0
7.36,47.43,7.08,16.41,272,4624,23181,6.74,44.02,14.7,300.16,0,23.0,1213.7,1
23.19,96.06,33.9,3.9,294,4998,26968,12.31,60.54,21.98,52.37,0,49.3,1772.1,0
5.49,43.62,4.58,18.11,328,4264,22791,11.25,43.16,18.35,22.41,0,68.9,825.5,0
27.65,43.87,16.54,10.16,142,1420,11576,10.46,52.17,21.27,49.14,0,43.9,1675.2,0
22.88,66.55,6.7,9.96,245,2940,19006,12.53,56.22,18.73,22.64,0,36.6,1962.7,0
18.46,64.31,7.47,39.08,121,1936,12239,7.42,50.33,21.86,46.04,0,85.7,1495.5,0
7.94,65.05,20.55,35.62,338,3380,20086,3.7,47.97,21.16,38.18,0,72.2,1441.0,0
43.44,71.07,36.15,8.13,319,5104,30668,14.07,60.7,28.52,198.92,0,91.9,2132.3,0
25.43,41.02,2.74,19.39,218,4796,25428,10.24,51.39,20.87,5.43,0,81.2,1728.7,0
23.49,60.59,4.86,12.47,293,6739,34409,7.5,52.02,19.77,140.93,0,25.8,1496.7,1
17.02,34.01,10.04,20.35,274,5480,28076,10.39,47.46,21.77,37.54,0,64.3,1488.5,0
28.74,70.98,14.27,9.63,279,4185,24639,8.28,56.21,23.6,47.71,0,41.0,1612.1,1
56.29,69.93,9.46,5.47,104,1768,14229,7.68,63.96,41.59,14.69,0,97.8,2724.8,0
13.44,70.65,24.56,11.88,146,2628,15064,4.36,51.04,20.83,9.08,0,60.0,800.0,1
14.03,54.21,21.92,19.82,104,1664,10897,16.68,44.9,19.72,185.74,0,73.2,1528.6,0
9.46,70.41,7.79,11.21,184,1656,9889,13.94,48.14,17.64,128.33,0,20.8,1203.7,0
29.22,57.52,0.62,19.99,304,3344,21918,3.81,60.16,22.99,5.92,0,70.5,1558.1,1
39.47,75.75,3.24,26.16,102,1020,10905,5.84,56.79,24.0,52.7,0,23.5,2125.7,0
11.07,50.37,10.01,24.71,184,2392,13750,7.34,40.21,17.32,111.58,0,46.7,1373.0,0
23.42,50.16,39.37,16.15,299,4485,24236,8.88,50.48,20.34,19.29,0,31.8,1651.9,1
21.11,61.41,12.58,5.52,251,4518,24231,17.32,52.76,18.8,1.88,0,57.6,948.2,0
32.61,36.07,11.34,3.73,285,3990,23808,16.51,52.3,21.98,29.44,0,91.0,1366.0,0
33.84,51.45,19.31,17.35,235,4465,26196,10.88,59.13,21.68,57.82,0,69.8,1409.0,0
18.66,54.24,2.48,19.47,134,2948,16034,8.77,47.75,18.49,2.91,0,39.0,1448.5,0
8.25,34.95,2.38,12.26,300,2700,16449,8.22,44.22,19.31,10.62,0,70.2,1075.1,1
9.18,56.48,6.36,14.27,67,804,5740,12.25,42.38,20.14,124.81,0,67.1,1516.6,0
14.93,62.42,79.04,11.51,221,2431,14751,7.35,47.74,20.2,239.77,0,62.1,800.0,1
29.41,67.55,31.31,12.7,67,1273,9294,11.6,55.72,23.22,114.86,0,41.8,1847.7,0
11.14,32.53,17.1,15.31,111,888,6982,2.91,43.1,18.04,368.82,0,53.8,1084.6,0
29.8,70.2,7.44,20.96,140,2520,15900,11.55,56.22,19.08,4.57,0,53.3,1518.5,1
28.72,23.85,12.13,13.03,67,1474,10239,8.18,53.19,16.3,95.34,0,38.4,976.9,0
67.2,41.4,5.43,12.32,201,2412,20458,11.21,67.88,47.16,32.62,0,75.6,2922.5,0
52.1,85.62,16.83,11.17,128,1536,13186,7.67,66.01,39.63,139.37,0,84.6,2627.3,0
78.78,57.31,8.14,14.0,146,3358,25751,11.74,75.06,45.68,34.29,0,41.1,2475.9,0
32.96,39.32,1.92,3.66,199,2388,17004,7.53,55.38,22.32,37.61,0,92.9,1536.6,1
32.04,34.56,3.63,21.07,183,1830,14892,12.65,55.18,22.94,62.24,0,84.0,1819.2,0
11.59,36.0,14.07,10.86,345,6900,34844,4.91,44.68,17.9,2.73,0,87.7,1553.1,0
51.77,40.79,17.79,7.61,195,1560,15863,17.53,63.99,30.59,17.85,0,82.5,2084.1,1
15.87,69.61,1.51,27.83,256,4352,23346,9.11,48.05,22.5,128.09,0,96.8,1489.5,0
13.62,63.22,24.78,10.33,264,3696,20036,6.13,49.53,18.94,55.55,0,31.6,1461.3,0
53.24,71.01,26.09,6.5,268,4288,27909,12.66,69.74,34.1,65.39,0,27.0,2654.1,0
40.66,39.12,19.26,19.02,138,2346,16343,7.52,55.22,26.25,129.6,0,90.8,1816.1,1
11.73,25.1,17.26,9.15,165,2145,13180,5.21,43.26,16.23,66.0,0,58.8,1321.7,0
13.96,64.59,3.96,9.73,171,3078,16609,6.17,52.47,17.55,91.19,0,44.1,1590.5,0
16.3,54.04,37.82,20.38,174,1914,12230,8.46,52.45,22.16,15.69,0,93.3,1703.9,0
25.49,43.06,4.69,22.0,126,2394,14088,13.14,52.69,23.36,66.01,0,51.4,2133.9,0
37.22,69.94,3.02,5.43,197,2364,17525,8.28,59.43,25.09,49.62,0,30.8,2186.1,0
43.83,74.48,15.26,11.61,202,4040,24026,12.6,60.21,28.49,75.52,0,27.6,2395.2,0
26.07,80.86,6.79,5.11,250,2500,17205,4.53,56.14,24.05,103.69,0,61.9,1935.9,0
21.36,39.53,40.55,9.41,194,2134,14685,9.16,48.25,18.54,90.52,0,21.3,1621.8,0
37.12,73.44,9.25,7.58,335,5695,32287,21.06,59.23,20.99,142.87,0,96.1,1191.9,1
25.46,60.84,2.68,22.91,247,2470,16787,9.88,53.63,18.86,26.0,0,28.8,1777.3,0
12.73,45.66,47.38,6.32,323,6137,30214,10.87,42.65,18.49,19.46,0,49.5,1557.7,0
52.75,73.15,10.87,16.89,149,2533,18028,13.57,65.53,31.65,78.46,0,45.1,2045.2,1
22.59,41.72,10.96,10.19,117,2340,13245,12.61,50.88,16.74,61.8,0,51.2,881.1,1
13.94,45.58,7.31,4.67,195,4290,22191,6.95,48.75,17.27,33.87,0,79.6,914.1,0
19.21,68.55,27.12,7.43,345,4830,26316,4.62,53.33,20.09,132.0,0,61.1,938.8,0
39.55,45.77,5.09,5.59,168,3360,21163,7.03,57.45,26.31,103.23,0,26.9,2256.3,0
12.06,61.1,0.21,7.45,113,1243,7490,4.93,47.4,16.24,26.1,0,27.6,838.4,1
52.28,47.52,10.32,6.65,241,4097,26228,10.92,68.11,31.92,9.17,0,44.4,2391.1,0
33.65,57.61,39.03,9.99,282,3666,22630,9.03,56.91,21.55,78.38,0,36.2,1598.4,1
39.93,58.7,4.79,21.65,315,4725,28259,12.86,66.31,26.25,58.68,0,58.8,2179.5,0
34.95,40.62,4.64,7.31,216,3888,23646,6.21,54.96,23.8,40.03,0,97.1,1751.4,1
11.82,58.11,20.1,6.18,240,4560,22195,9.67,46.94,19.45,16.88,0,74.9,1635.0,0
35.44,47.11,22.41,8.48,281,4215,26096,6.79,60.79,20.98,105.19,0,92.0,1303.1,1
9.13,40.66,8.58,10.16,90,1710,9517,10.25,43.42,18.49,27.93,0,62.8,1394.7,0
34.05,38.29,26.9,7.64,63,819,7711,5.14,53.33,21.72,38.3,0,71.6,1509.0,1
19.99,38.46,2.83,5.6,153,3213,17942,13.09,47.26,18.53,72.43,0,41.6,1677.1,0
20.43,45.9,6.86,19.14,308,4928,26504,13.46,53.02,17.83,38.59,0,31.6,2014.6,0
11.98,63.61,7.77,17.22,81,1053,6757,13.31,46.02,18.43,267.49,0,27.1,991.0,0
21.84,34.54,5.63,11.48,185,2960,17948,8.69,50.32,18.07,30.25,0,50.7,1334.4,0
32.94,56.25,3.68,30.12,155,2015,13710,10.84,54.71,20.15,162.99,0,39.9,1275.6,0
9.09,60.62,6.19,53.73,89,1424,8077,10.2,48.49,18.22,141.88,0,30.9,1718.0,0
14.84,70.01,0.27,27.02,64,960,6959,15.69,46.6,19.73,190.35,0,93.5,1150.1,1
28.34,46.82,18.23,3.45,253,3542,20990,16.39,56.77,19.01,8.87,0,30.7,911.5,1
2.66,57.44,17.28,14.69,257,3855,18628,7.42,45.99,14.44,14.19,0,24.0,1152.3,0
5.13,37.67,8.97,7.61,166,3652,17245,4.8,43.65,15.11,6.36,0,26.6,822.0,0
12.98,35.47,5.85,9.83,166,1826,11588,3.47,44.17,14.4,26.87,0,20.4,1449.4,0
28.45,60.44,8.54,4.66,133,1862,11755,11.05,57.18,22.28,2.25,0,37.4,1773.8,0
32.02,86.03,41.36,14.26,107,963,8306,8.01,60.25,25.5,148.94,0,39.4,2149.1,0
34.84,64.91,13.88,34.43,137,1370,11913,12.61,52.38,26.22,14.73,0,72.9,2097.6,0
31.37,36.77,19.72,11.72,203,2030,14381,19.04,51.73,20.32,85.85,0,30.0,2071.5,0
33.66,38.08,3.91,22.41,107,1284,11278,6.17,53.87,20.95,136.93,0,36.5,1497.7,0
15.68,64.24,1.49,14.97,188,2068,13238,7.14,55.06,22.48,18.68,0,92.4,1424.5,1
26.66,65.81,1.3,19.26,75,600,6536,5.36,51.95,18.38,107.9,0,22.7,1472.3,1
30.55,55.82,9.58,3.12,79,1422,10915,4.86,54.12,18.05,26.91,0,23.8,1645.9,1
37.09,51.84,18.92,15.78,118,1652,12886,13.26,58.81,24.03,48.33,0,52.7,1664.4,1
4.26,62.83,22.32,20.27,310,5270,26215,1.62,41.23,20.3,145.55,0,89.2,1366.9,0
23.17,39.53,19.12,33.86,320,2880,19246,3.01,52.28,21.57,43.26,0,98.7,1823.4,0
35.29,70.41,36.59,5.14,253,3795,23052,6.27,62.77,25.84,170.53,0,32.0,2013.6,0
13.56,60.31,0.8,32.61,300,3300,19499,5.71,50.15,19.68,1.56,0,69.0,979.6,0
16.61,42.9,29.0,9.99,226,5198,25511,5.79,47.05,16.26,152.73,0,20.4,1121.5,0
11.26,53.73,16.21,13.64,103,2163,12673,6.2,51.53,18.34,12.55,0,96.2,1474.8,0
54.31,98.0,2.9,21.46,228,3876,25985,7.58,69.64,28.24,31.1,0,68.0,1501.5,0
13.37,50.6,17.2,21.22,121,1452,9429,9.68,49.96,18.66,55.8,0,39.3,1448.9,0
17.51,63.45,10.75,4.33,134,1474,10578,10.99,49.2,20.54,8.29,0,59.3,1400.3,1
20.1,67.52,6.67,13.06,341,3751,23116,4.54,50.77,22.7,22.68,0,70.4,1746.9,0
10.69,57.88,4.27,6.45,110,1430,8633,8.36,44.43,15.32,10.59,0,20.8,974.8,1
29.74,48.97,9.36,12.59,154,3388,19017,4.09,50.07,21.48,74.46,0,25.8,1745.6,0
23.01,44.08,4.1,8.46,305,7015,34775,12.18,49.63,20.19,17.62,0,97.6,1469.6,0
62.63,52.38,1.3,4.5,277,3324,25372,11.03,72.48,40.53,10.8,0,82.3,2799.1,0
15.86,52.86,28.07,6.63,273,5460,28566,2.95,50.6,18.15,194.52,0,62.3,1157.3,0
6.99,74.13,13.48,17.06,337,7751,36635,8.71,51.91,16.55,90.38,0,38.2,1191.6,1
52.72,79.0,6.78,15.0,84,1092,12131,13.44,65.34,25.59,8.35,0,26.5,1539.7,0
23.14,82.17,8.88,6.29,312,2808,19264,4.75,54.28,22.75,82.34,0,83.0,1584.2,1
20.26,49.74,30.02,8.63,162,3726,20141,4.91,49.67,20.34,40.38,0,90.9,1438.9,0
25.39,70.74,5.78,14.13,299,2392,17397,11.75,50.58,18.27,259.47,0,40.4,914.2,1
41.38,59.19,7.17,14.51,94,1692,14311,13.16,60.86,19.68,14.16,0,32.9,1211.1,0
58.98,38.82,21.79,18.28,132,2904,20491,23.03,68.19,34.5,32.65,0,97.1,2316.1,0
7.75,32.74,3.36,14.0,225,4275,21379,7.17,42.44,16.61,8.81,0,55.5,800.0,1
64.36,50.16,16.15,17.37,160,3040,21859,15.64,68.61,48.23,58.49,0,81.3,3099.0,0
8.68,52.87,8.55,11.71,63,630,3957,6.87,46.4,15.3,5.81,0,54.6,1219.9,1
51.08,41.59,10.4,16.44,261,4437,27915,14.08,64.74,23.04,19.04,0,41.4,1359.9,0
10.81,73.55,23.19,31.91,348,5220,26804,19.02,49.8,17.72,33.57,0,58.4,847.6,0
27.98,77.32,74.71,31.28,194,4268,22220,11.38,53.33,24.97,169.84,0,55.9,1778.7,0
15.01,52.2,26.71,12.45,304,5472,28016,5.1,45.94,18.72,58.33,0,61.8,1609.1,0
23.16,77.96,2.63,6.04,140,3220,17632,10.15,54.64,22.21,1.03,0,91.9,894.1,1
41.79,61.39,3.81,27.29,319,2552,20593,19.08,65.25,26.58,4.83,0,28.5,2256.6,0
41.18,25.57,7.91,2.97,252,3780,23044,14.27,57.27,31.12,33.64,0,61.6,2637.2,0
32.98,24.53,19.05,16.64,324,2916,19826,14.04,55.43,17.98,15.25,0,24.9,1882.8,0
13.53,60.12,10.68,16.3,91,1729,9586,5.11,43.59,19.35,217.96,0,68.6,1477.5,0
33.71,52.69,34.81,12.54,343,6174,33686,6.17,56.54,25.12,83.2,0,67.4,2064.5,0
15.33,41.02,0.75,15.45,279,5022,25464,13.2,48.02,22.4,99.82,0,94.4,1739.5,0
27.72,61.55,4.49,5.52,121,2057,13414,12.9,56.66,20.37,12.98,0,87.6,1682.8,1
36.1,87.83,3.71,6.48,61,671,8093,4.85,64.71,27.18,22.7,0,37.1,2268.5,0
11.26,56.07,20.45,5.65,183,3294,16536,8.81,47.16,18.27,62.19,0,52.5,1204.8,1
13.57,48.64,9.38,6.08,312,7176,35291,5.75,45.25,17.73,64.84,0,32.5,957.0,1
12.65,44.49,0.23,7.99,140,2800,15147,14.94,45.38,17.81,24.16,0,75.6,1072.8,1
24.19,37.23,22.27,10.95,67,1206,8086,6.1,52.54,20.51,37.06,0,66.9,1501.1,1
32.66,67.22,6.74,22.17,199,4378,25058,8.41,58.14,25.92,43.07,0,89.4,1708.3,1
19.06,48.6,4.53,39.4,186,1860,12988,4.59,49.01,21.26,21.01,0,74.6,1616.6,0
56.59,52.94,3.03,7.41,280,2240,19628,11.42,64.85,34.13,38.91,0,27.4,2510.8,0
9.81,48.87,43.78,11.65,283,4245,22002,6.72,45.77,15.21,57.98,0,26.0,1223.4,0
31.53,79.07,42.72,12.93,215,1720,13090,6.87,58.63,20.8,3.84,0,24.8,1085.3,1
56.91,33.7,1.19,7.14,192,2688,19742,11.27,63.7,30.12,60.81,0,37.2,2136.6,1
4.07,65.28,3.97,9.23,230,2300,12871,8.46,43.19,22.36,24.02,0,98.9,1425.8,0
11.07,68.05,15.58,33.63,71,710,5144,12.6,51.71,17.74,98.32,0,38.4,1429.5,0
7.57,43.93,16.65,24.99,348,5568,28597,11.28,42.08,15.43,185.19,0,48.7,1071.5,0
18.99,64.09,8.11,26.9,90,1800,11264,6.66,50.19,20.45,78.33,0,64.5,1591.5,0
8.54,52.45,12.61,16.98,212,3180,16369,4.2,43.84,17.04,55.55,0,47.7,1294.8,0
12.22,67.21,18.19,20.27,216,4104,21106,7.51,50.7,17.01,50.64,0,32.0,1436.7,0
51.02,40.46,45.09,15.15,262,4454,28127,8.17,65.18,36.26,144.41,0,76.1,2873.4,0
34.23,59.04,19.37,31.79,336,3360,22942,6.4,59.0,24.87,31.2,0,85.8,1702.1,1
40.21,56.09,1.75,2.12,115,2185,14990,13.13,57.4,26.41,1.92,0,75.3,1973.5,0
17.99,63.13,18.98,6.32,82,1476,9529,13.35,51.03,22.73,131.76,0,69.1,1615.7,0
42.33,19.27,1.05,5.02,321,5136,30705,19.72,55.71,28.17,165.68,0,34.7,2431.6,0
9.93,44.22,10.47,8.09,289,3757,21290,9.78,42.63,20.12,45.25,0,74.2,1233.0,1
20.66,63.78,11.23,12.57,274,2740,17507,2.82,51.55,19.08,63.44,0,43.7,1807.7,0
16.27,81.27,22.59,11.17,133,1862,11305,17.23,52.14,23.0,25.59,0,78.6,1459.7,0
44.22,70.72,0.17,7.3,183,2013,15745,6.06,63.23,31.42,29.64,0,99.9,2227.0,0
24.76,61.06,31.16,13.49,311,4043,23328,8.69,55.9,22.73,43.07,0,49.0,1958.3,0
21.81,42.29,16.35,14.99,141,1269,9590,4.81,50.73,22.5,29.54,0,83.0,909.3,0
20.1,59.48,0.48,16.73,263,4208,22550,11.74,49.73,19.82,269.5,0,60.7,1638.6,0
41.34,63.78,2.62,19.24,99,1980,14120,9.47,63.06,28.74,120.44,0,49.0,2363.5,0
21.4,81.71,0.6,8.38,312,3120,19060,5.05,50.14,20.18,25.13,0,56.8,1872.2,0
7.77,41.72,21.78,22.22,185,4255,20075,7.86,44.28,20.75,53.96,0,97.6,1850.9,0
61.64,49.32,2.81,11.67,258,4386,28341,16.85,70.55,40.89,42.92,0,72.8,2585.1,0
30.45,85.16,0.7,19.14,184,2024,14720,5.05,57.25,21.95,324.95,0,53.3,1602.5,1
4.81,52.02,2.23,8.34,194,4074,20086,6.13,47.74,18.82,15.43,0,93.4,968.9,1
25.24,62.36,12.3,34.12,271,4336,24389,12.62,52.56,20.54,31.89,0,54.2,1172.0,0
5.55,39.11,10.26,16.49,157,2198,11838,12.61,44.87,16.6,33.42,0,44.5,1156.4,1
15.76,49.86,4.24,13.03,290,2610,16967,5.26,46.53,18.44,81.79,0,84.3,1547.4,0
48.99,59.88,42.95,5.88,288,6336,35343,13.3,65.37,33.46,87.95,0,53.2,2653.5,0
34.5,49.29,28.95,23.38,265,5300,29414,9.17,58.53,21.39,18.99,0,65.1,1583.0,1
15.92,57.72,5.66,6.35,139,2502,13516,16.27,46.97,20.2,31.45,0,38.0,1253.6,1
61.16,58.83,9.65,46.08,338,2704,23428,13.24,65.67,36.99,26.84,0,44.5,2370.0,1
7.13,56.06,10.91,18.91,334,7682,36510,7.05,46.41,15.87,42.23,0,71.4,1139.1,0
20.21,43.76,21.17,5.57,197,2758,16556,5.55,51.54,23.18,3.93,0,59.8,2067.0,0
29.55,67.42,8.38,13.84,237,2133,15459,9.29,59.57,22.3,30.25,0,58.4,1600.7,1
45.55,57.72,11.86,39.66,349,7678,42088,15.11,61.84,25.62,41.38,0,60.4,1876.3,1
28.79,45.02,7.98,12.08,163,3097,18926,10.57,56.64,18.86,135.94,0,27.6,1707.8,0
19.63,42.92,21.58,9.83,289,5491,29287,8.94,50.47,17.85,52.85,0,31.2,1539.1,1
6.91,39.54,12.18,14.68,172,3612,17024,4.33,44.15,18.98,201.53,0,96.7,1386.4,0
32.69,73.07,26.38,7.75,229,4809,26778,6.04,54.74,26.7,58.43,0,87.9,1854.7,0
16.76,44.3,0.83,27.13,183,2379,15100,13.49,48.89,21.69,76.68,0,94.1,1454.6,0
57.04,41.35,35.2,7.29,178,3560,23781,15.6,67.28,32.85,165.77,0,83.8,2185.3,1
19.43,40.16,25.67,15.79,108,1404,9715,5.68,50.68,20.29,9.49,0,61.7,1675.3,0
4.56,25.16,25.6,25.8,229,4122,20591,11.21,39.82,15.72,114.52,0,66.2,1367.5,0
15.93,88.06,2.27,12.6,128,1536,11054,4.28,52.95,20.64,7.5,0,44.4,1614.1,0
11.98,56.33,4.59,26.43,134,1206,8624,2.84,44.53,21.07,48.95,0,86.7,800.0,1
20.66,41.72,58.88,10.88,193,4053,22103,5.57,49.46,17.16,237.9,0,31.5,1597.1,0
17.09,49.84,45.02,6.2,201,3216,17903,5.02,53.55,18.89,181.9,0,57.0,1332.4,1
25.04,36.15,3.85,19.02,85,680,7322,12.2,52.8,19.61,60.54,0,54.3,927.0,1
13.6,57.77,8.51,14.91,278,4726,24531,9.68,46.92,17.18,77.84,0,56.4,984.8,1
16.97,52.73,2.54,6.85,306,2448,17321,8.97,47.41,19.7,95.62,0,56.3,1719.0,0
48.59,71.7,4.57,11.57,201,4221,25258,6.34,60.15,28.97,12.56,0,85.1,2067.9,1
43.88,44.51,3.06,6.79,216,1944,15702,6.32,59.61,26.99,24.28,0,38.0,2264.1,0
36.16,60.42,1.27,12.14,269,5649,30356,6.48,53.45,30.16,28.37,0,97.8,2124.2,0
21.54,55.28,12.99,47.91,265,3975,22636,11.63,50.0,19.61,22.06,0,61.1,1494.9,0
28.5,42.15,4.13,21.66,187,2244,16174,5.56,51.81,20.19,59.18,0,76.9,1276.8,0
11.46,60.39,72.88,17.75,244,2440,14822,15.15,46.69,20.79,126.84,0,70.9,1429.1,0
13.01,53.8,10.87,13.48,305,5795,30517,6.26,48.54,20.16,12.85,0,86.3,1301.0,0
17.31,69.93,6.67,22.86,320,3520,21657,5.17,50.45,16.25,29.39,0,22.8,800.0,1
54.85,61.03,36.66,12.76,108,2376,18018,8.35,69.38,34.0,48.73,0,23.1,2442.4,0
11.34,47.81,14.54,4.16,163,1793,10408,7.44,45.38,17.79,15.31,0,79.0,1238.9,1
31.91,68.33,2.04,5.45,120,1920,13717,24.79,57.18,19.38,160.89,0,59.6,1796.0,1
43.49,59.34,10.33,8.76,236,4720,28827,4.57,57.92,32.65,61.0,0,97.6,2212.4,0
64.72,47.2,8.73,9.46,157,3454,24481,11.21,68.65,30.38,67.23,0,57.7,1743.7,0
59.75,69.2,21.73,12.37,128,1536,15764,11.57,71.17,42.61,7.28,0,36.1,2721.5,0
43.53,68.01,17.75,24.83,175,4025,23549,5.44,62.66,31.76,14.92,0,89.3,2172.4,0
23.78,41.44,6.95,15.39,127,1397,10559,17.34,49.34,21.39,13.28,0,57.9,2016.4,0
25.5,44.09,9.51,13.56,204,2856,18376,7.09,53.75,16.22,99.49,0,24.0,968.9,0
8.92,56.86,10.97,6.29,188,2444,14039,6.26,44.72,19.45,76.65,0,80.4,1218.7,1
8.04,49.69,8.23,11.11,120,2400,11746,4.04,45.94,16.57,100.93,0,50.2,1394.2,0
21.76,50.16,1.71,8.4,325,2925,19404,8.31,49.59,20.32,14.51,0,88.3,1230.4,0
40.59,43.08,35.38,6.6,184,3496,21648,10.34,57.59,25.92,42.64,0,28.9,2156.2,0
41.02,57.58,16.75,1.93,248,2728,19404,5.81,61.34,24.32,4.32,0,24.8,1733.8,1
44.3,58.33,9.52,5.99,92,2116,15454,9.71,59.72,31.29,13.58,0,76.8,2252.5,0
36.99,33.52,12.65,34.71,150,1500,12438,13.52,57.52,25.95,3.58,0,48.6,2203.3,0
21.21,49.21,3.6,24.51,275,5225,27775,6.86,47.52,23.53,34.45,0,78.3,1689.0,0
24.07,46.55,11.34,7.3,243,3888,21873,13.91,48.6,21.81,128.43,0,84.3,1193.0,0
27.64,59.15,20.56,9.12,176,2288,14829,12.04,55.97,18.9,18.83,0,52.4,938.9,1
8.67,63.57,11.44,55.07,151,1359,8297,3.42,44.88,20.33,49.48,0,51.6,1597.8,0
9.2,65.85,9.83,50.81,270,3240,17978,5.59,49.6,19.96,62.34,0,79.1,1640.1,0
41.42,49.45,9.31,13.86,241,3133,21242,6.37,64.1,27.23,65.21,0,71.2,2310.5,0
14.13,63.03,21.51,19.08,253,2024,13785,6.01,51.96,20.56,25.92,0,48.2,2028.4,0
14.3,32.49,21.0,14.57,232,3944,20792,8.94,48.64,14.26,20.86,0,20.5,1403.5,1
34.56,74.98,20.8,10.09,340,7140,38193,10.83,60.72,24.33,44.27,0,36.5,1858.1,0
8.55,44.58,4.24,14.38,318,4134,23447,11.79,43.68,18.16,104.58,0,67.7,1729.6,0
19.55,34.79,14.43,17.78,148,1480,11075,5.25,47.68,19.16,118.7,0,47.2,1670.0,0
43.46,44.67,22.64,22.91,138,3174,19896,6.47,58.03,22.11,8.98,0,50.4,1214.6,1
32.54,76.7,12.38,14.84,175,2625,17036,8.9,61.6,29.86,2.86,0,85.2,2348.6,0
6.6,64.52,22.64,14.71,116,2204,11850,2.88,46.32,19.31,24.65,0,45.3,1122.9,1
24.77,81.86,28.9,5.7,127,1524,11022,5.2,52.65,24.97,115.24,0,89.4,1489.3,1
5.2,59.52,2.87,7.42,189,2457,13627,13.61,45.07,19.6,176.94,0,90.9,1262.4,1
7.24,75.36,5.49,4.11,65,715,4530,8.49,50.99,18.92,116.08,0,30.7,1477.3,0
4.37,49.63,13.79,16.18,180,1440,9760,4.14,36.87,18.76,8.42,0,75.3,1262.9,0
33.67,35.39,5.13,8.65,286,3146,20953,12.85,50.72,25.27,221.37,0,80.1,2198.4,0
13.72,60.49,42.55,10.81,349,5933,30690,11.14,45.4,19.53,39.52,0,50.8,1449.2,0
15.34,56.12,3.24,12.83,184,4232,22056,9.54,47.14,20.94,53.71,0,97.5,1422.7,0
15.14,62.51,6.62,14.6,118,1298,8644,10.09,47.32,19.85,44.78,0,89.3,875.7,0
10.96,67.48,77.53,3.89,81,891,6063,9.2,48.34,20.84,176.41,0,51.6,1087.4,1
17.83,61.03,3.15,15.36,280,2800,17906,4.08,51.46,21.13,103.79,0,77.4,1512.4,0
19.69,53.58,8.94,9.61,300,6600,33047,3.69,52.29,23.5,102.47,0,99.2,1608.7,0
64.37,54.26,5.65,20.66,73,1387,14145,11.06,70.42,44.5,131.19,0,94.7,2789.2,0
53.91,62.22,24.9,10.05,256,2560,20380,9.75,66.83,33.09,3.66,0,39.2,2422.5,0
41.6,33.05,5.44,8.44,202,4444,25738,12.45,58.07,30.0,56.24,0,96.9,2450.8,0
27.67,44.47,2.64,24.15,111,888,8252,10.73,52.08,20.71,51.44,0,69.4,1652.1,0
19.53,86.48,40.58,6.83,299,4485,24632,4.05,58.62,19.6,31.29,0,27.6,1650.3,0
56.59,47.84,5.73,8.95,265,3710,25978,6.31,65.04,37.27,60.83,0,76.4,2628.5,0
30.74,65.16,20.31,6.99,160,2880,18501,13.27,55.83,25.76,45.33,0,99.1,1734.3,0
28.18,49.09,5.15,9.2,259,5957,31165,16.55,52.76,19.58,56.88,0,46.6,1639.8,1
32.88,51.93,2.95,33.43,81,810,8296,5.02,61.42,19.03,91.19,0,24.6,1592.3,1
50.38,22.42,24.32,5.89,261,5742,32499,11.3,60.26,27.48,82.62,0,46.4,2016.4,1
27.19,64.36,0.86,10.46,142,1988,13578,8.82,53.66,20.36,62.23,0,42.9,1772.5,0
8.38,46.95,6.05,19.54,347,5552,28550,15.78,43.4,15.97,36.28,0,32.0,938.7,0
3.32,24.53,22.72,10.65,83,1494,7161,4.63,37.47,18.82,17.76,0,70.2,1604.4,0
11.88,33.94,10.77,15.41,333,4662,25005,11.04,49.07,14.85,186.66,0,23.5,1402.1,0
30.93,56.64,17.55,8.84,342,3762,23739,5.91,56.92,21.09,9.63,0,37.4,1678.3,1
15.25,44.69,1.04,11.43,333,7326,35783,4.17,44.52,19.79,153.95,0,99.6,1047.1,1
36.91,42.81,20.78,10.44,218,1744,14557,21.14,60.38,27.36,6.24,0,69.6,2195.1,0
42.75,48.52,2.83,10.9,190,4370,25864,9.39,59.47,26.08,42.54,0,29.2,2218.7,0
33.07,10.0,24.81,24.64,140,2240,14072,4.71,53.49,26.95,160.08,0,98.9,2121.3,0
10.48,30.78,12.46,8.47,254,3810,20553,11.82,43.99,19.49,15.58,0,45.1,1525.3,0
13.64,64.6,20.16,14.67,278,2780,16824,6.02,49.69,18.67,97.98,0,28.2,1655.5,0
59.86,62.73,3.59,21.67,185,3330,23741,12.48,67.43,45.72,4.93,0,60.9,2865.0,0
58.63,63.4,7.55,16.97,333,5661,34017,7.51,64.07,41.37,140.12,0,99.7,2671.8,0
59.83,64.12,24.3,10.36,185,2960,20687,21.09,67.08,38.44,0.77,0,99.5,2302.6,1
44.88,61.56,36.25,27.38,145,1740,14863,9.06,63.49,31.95,72.37,0,57.7,2425.0,0
58.24,76.58,3.85,13.42,232,2552,20545,12.31,67.93,40.02,56.15,0,52.6,2732.4,0
8.58,64.02,23.65,20.54,199,2587,13995,5.78,44.53,20.74,134.51,0,88.2,962.3,0
15.67,55.55,1.72,8.87,98,2058,11321,5.99,44.87,17.53,60.84,0,65.4,1488.2,0
37.46,78.1,8.32,17.31,249,4482,26079,4.26,63.39,28.34,32.85,0,78.8,2177.6,0
10.62,63.02,41.88,18.24,242,3388,18034,4.85,50.13,18.76,19.07,0,55.5,1087.5,1
26.84,63.61,43.54,7.69,334,4342,26170,5.63,57.01,19.97,30.58,0,64.2,1236.7,0
14.98,47.48,5.28,27.51,153,2448,13534,11.18,51.77,18.98,30.88,0,55.1,1591.7,0
55.54,55.48,3.21,23.99,177,4071,25777,7.08,62.12,33.46,8.88,0,26.8,2644.0,0
26.59,37.89,2.43,8.82,112,896,9202,8.03,53.41,21.82,236.56,0,59.3,1965.7,0
16.93,32.28,9.83,5.21,279,6138,30813,2.07,47.33,18.61,40.48,0,54.1,1605.2,0
58.71,29.23,1.45,10.95,292,6716,38218,11.66,69.48,31.9,10.13,0,62.4,2053.1,1
14.13,51.69,6.62,11.48,127,1397,9586,9.86,51.42,17.48,2.31,0,38.9,1785.8,0
28.11,75.53,0.26,8.49,320,2560,17937,13.82,55.86,24.49,138.85,0,86.7,1544.8,0
47.73,61.52,4.5,9.19,222,4440,26905,7.26,62.26,29.98,68.54,0,70.7,2201.7,0
10.91,68.01,34.58,20.05,194,3298,17832,4.61,47.86,20.45,89.08,0,81.3,1122.0,1
23.51,42.01,8.89,31.83,149,2086,14384,4.99,49.3,19.45,254.01,0,53.9,1040.6,1
9.76,59.54,1.15,19.47,207,2277,14741,5.46,47.27,17.75,15.62,0,73.4,1301.7,0
33.76,85.49,15.61,25.82,191,3820,21485,16.15,60.79,27.58,102.14,0,80.2,2117.3,0
46.03,66.98,46.73,12.22,155,1240,12329,9.32,64.18,30.53,29.28,0,62.8,2250.4,0
20.67,49.39,9.34,4.84,260,5720,29578,5.23,48.88,20.87,12.26,0,93.4,1639.3,0
27.27,29.6,14.68,8.75,248,1984,14838,6.68,50.84,17.85,7.73,0,23.4,1847.1,0
44.59,35.3,37.78,7.89,176,2640,18194,6.06,56.52,32.97,109.2,0,96.3,2329.5,0
16.9,64.85,8.15,22.0,168,3024,16355,3.67,48.32,22.54,151.68,0,92.0,1715.4,0
14.15,58.31,16.39,3.45,113,1243,9075,3.73,52.11,20.96,36.06,0,86.0,1412.9,0
31.49,81.95,8.72,13.35,189,3213,19922,8.64,53.26,22.2,35.24,0,68.2,2053.5,0
29.2,55.97,49.1,11.11,279,2790,19216,6.92,58.02,22.51,49.34,0,24.5,1967.0,0
17.96,32.73,10.51,15.13,256,5376,27439,11.73,43.52,17.98,55.59,0,30.7,1718.1,0
44.37,51.59,32.53,6.87,73,1168,10832,13.47,60.21,26.75,51.06,0,78.3,1820.9,1
28.72,55.64,10.61,24.51,104,936,9019,7.11,55.69,24.42,82.25,0,99.8,1933.7,0
39.13,49.22,16.56,13.55,261,4959,28512,6.59,58.71,26.67,4.31,0,77.3,2046.9,0
42.69,54.95,7.32,6.2,234,2808,19262,5.36,59.51,26.56,70.52,0,30.3,2035.9,0
20.34,60.59,37.43,6.76,316,2844,18781,16.05,51.68,20.94,281.09,0,93.9,1534.0,0
27.09,24.6,15.62,9.41,311,3110,20885,8.1,50.18,18.37,60.18,0,24.0,1718.7,0
26.54,44.93,0.3,16.79,249,2988,17970,7.1,51.18,21.85,4.97,0,80.3,1500.0,1
19.29,73.93,0.24,7.72,190,3800,20535,7.34,49.42,21.26,174.73,0,26.1,1857.6,0
22.36,79.19,16.91,17.52,340,3060,20665,13.5,53.14,18.09,255.81,0,22.9,1426.9,1
45.2,35.85,1.82,11.86,89,1958,14720,9.33,60.16,28.97,8.6,0,75.1,2082.5,0
26.98,35.88,18.89,29.73,159,3657,20531,3.85,50.09,20.16,98.23,0,47.9,1895.8,0
15.87,66.45,5.83,8.57,117,1638,9505,16.76,48.45,19.65,18.03,0,54.3,1247.7,1
8.85,85.4,11.61,11.78,217,4557,22672,4.33,46.52,19.36,26.94,0,60.1,1172.7,1
9.68,58.3,2.87,20.63,330,2970,17647,7.74,48.16,18.94,7.26,0,52.8,1548.7,0
9.11,56.63,4.24,7.35,282,5076,26125,8.16,43.76,18.9,43.94,0,92.9,1338.6,0
57.33,44.37,8.61,7.01,230,3910,25623,19.99,62.27,22.13,42.41,0,26.2,1497.0,0
39.34,70.19,16.43,6.08,184,3496,21307,15.85,61.09,28.61,23.01,0,47.5,2294.6,0
27.2,50.46,2.54,17.33,338,7436,38045,11.98,49.64,23.6,42.51,0,39.8,1907.2,0
55.57,78.55,4.95,5.12,297,3564,25061,14.96,68.37,37.22,22.19,0,38.8,2700.5,0
33.69,60.41,3.48,14.47,277,3324,21318,6.95,61.57,22.29,76.94,0,37.1,1847.5,1
7.35,58.89,29.78,8.01,123,1230,7237,8.43,46.68,20.12,93.61,0,77.6,800.0,1
10.97,42.67,15.66,8.04,246,2214,13624,12.61,47.65,17.48,1.12,0,45.3,1517.3,0
22.75,43.2,9.48,3.92,109,1635,11376,8.86,48.02,20.82,23.64,0,81.7,1884.2,0
20.2,45.73,44.05,11.46,203,2639,16541,4.21,51.73,20.48,46.41,0,65.5,1773.1,0
29.75,53.61,19.97,7.78,307,5219,29227,11.43,52.21,23.3,27.9,0,50.1,1750.4,0
42.17,71.58,40.37,10.7,214,4922,28781,7.75,62.7,28.47,66.81,0,55.4,1937.6,1
17.77,67.33,13.65,10.77,204,4692,24170,12.0,51.27,19.02,153.52,0,45.1,1216.4,1
72.18,47.95,2.23,34.38,140,2800,22152,16.23,68.89,51.48,60.83,0,39.3,3108.6,0
33.93,23.62,16.88,7.03,189,4347,24539,7.73,58.64,24.85,85.54,0,62.4,1937.9,0
35.57,44.13,3.38,16.48,178,2136,15083,10.44,60.01,22.78,20.55,0,57.5,1924.4,0
25.61,57.3,6.37,9.91,338,3380,21248,5.92,54.58,21.78,214.39,0,39.4,1623.0,1
43.68,58.47,10.69,17.29,166,3652,22100,8.38,61.54,31.96,19.31,0,98.0,2225.4,0
26.95,82.5,2.57,10.9,110,1870,12111,15.52,53.09,23.21,4.34,0,42.9,2139.7,0
15.72,76.46,0.32,35.38,338,2704,17906,18.11,52.72,20.12,77.33,0,29.8,1157.1,0
31.39,66.91,5.94,11.75,261,5742,31327,15.29,54.03,23.36,172.66,0,52.2,1579.3,0
34.47,45.26,26.09,12.95,293,4981,28260,9.53,57.4,22.06,59.98,0,30.8,1775.1,1
20.87,59.23,0.23,24.86,291,5238,27444,10.67,51.97,21.48,28.43,0,94.8,1301.9,1
16.32,62.7,1.74,9.82,92,1104,7200,5.55,51.85,22.37,173.29,0,87.4,1415.0,1
24.51,74.77,24.66,22.63,182,3640,20421,10.03,54.88,21.32,73.75,0,39.5,1470.9,0
28.9,40.16,5.48,24.93,255,2040,15441,10.42,51.26,18.59,72.31,0,33.5,1570.5,1
34.63,68.37,41.76,8.73,287,2296,18587,16.9,61.89,24.0,3.98,0,54.2,1802.2,0
39.05,63.93,7.18,19.75,67,670,8086,11.03,61.97,25.89,1.37,0,60.8,1848.8,1
30.23,47.37,23.9,6.85,336,3024,21428,9.52,55.41,22.08,92.8,0,57.1,1915.0,0
19.67,74.56,4.49,13.82,180,2160,12644,6.02,50.48,21.96,5.69,0,77.6,1645.7,0
33.46,26.55,0.96,8.22,247,5187,27679,11.58,50.41,24.22,30.51,0,87.3,1947.4,0
19.38,87.59,32.0,11.7,203,3857,21306,11.83,55.59,18.81,57.33,0,34.0,1091.0,1
10.71,74.75,39.32,18.38,233,4427,22483,19.51,56.23,19.63,78.4,0,65.2,1294.9,0
17.32,52.09,18.47,23.94,125,2375,13331,14.0,46.45,19.8,19.3,0,69.4,1584.6,0
23.68,48.66,22.05,3.0,82,984,7766,3.9,54.33,20.12,147.87,0,42.3,1835.7,0
29.96,54.48,0.11,7.22,349,4886,28791,12.8,57.24,19.03,14.98,0,43.5,1035.1,0
21.87,43.72,21.03,27.49,251,3012,18877,5.37,56.02,23.13,91.54,0,73.0,1525.1,1
31.5,51.61,9.59,12.18,192,2688,18323,6.28,56.93,19.3,0.78,0,32.4,1667.8,0
26.42,67.31,9.04,11.95,196,2940,18136,9.82,52.16,22.95,1.22,0,47.7,1416.2,1
23.4,44.38,11.65,22.1,305,5795,31016,9.7,49.43,18.28,63.41,0,38.1,948.9,1
8.45,69.1,4.75,2.8,97,776,4910,10.62,44.95,17.9,34.83,0,66.3,1130.6,1
6.29,51.29,17.88,6.7,297,3267,17730,4.0,41.27,18.52,58.69,0,89.2,1143.0,0
10.29,71.4,5.26,22.06,142,1136,8147,10.12,47.39,18.98,11.07,0,43.5,906.5,1
19.69,75.44,12.27,4.44,228,4104,22627,6.28,52.8,20.19,13.35,0,42.6,1411.6,0
13.94,40.01,2.21,12.45,322,6762,34231,23.05,49.17,18.43,248.75,0,45.1,1754.0,0
24.52,23.35,16.86,3.54,249,4731,24862,5.27,46.44,21.16,54.28,0,90.0,1517.3,1
11.65,57.48,3.15,8.82,176,2288,12961,8.59,46.79,17.49,6.67,0,35.6,1590.8,0
20.54,58.85,2.8,23.96,85,935,7285,4.12,50.35,19.23,50.67,0,25.7,1682.9,0
8.28,36.65,0.37,3.99,137,2192,11440,3.59,42.48,16.98,4.27,0,21.5,1168.4,0
12.82,80.02,1.95,10.06,217,1736,10858,15.21,51.19,19.71,25.73,0,78.5,1344.7,0
35.97,49.57,3.97,20.75,133,2793,17737,7.4,56.13,21.9,160.77,0,43.7,1733.3,1
39.32,64.59,3.77,7.26,61,854,8136,12.24,58.68,23.22,70.2,0,89.6,1274.6,1
15.77,44.01,5.96,14.83,343,5145,27916,7.99,49.74,19.59,32.43,0,70.7,1387.1,1
17.38,32.61,0.84,36.2,330,2640,17994,13.83,47.89,14.93,67.51,0,24.2,918.8,0
22.5,72.52,41.05,18.84,88,1584,10784,20.3,55.81,24.51,228.93,0,74.2,1728.6,1
53.6,41.11,1.9,13.83,103,1133,12706,14.33,63.19,36.61,60.08,0,20.2,2557.0,0
25.07,66.79,18.16,31.91,295,6195,32408,11.26,49.18,20.14,136.84,0,59.2,1374.1,1
13.04,42.59,11.49,13.3,154,1232,8042,6.07,47.13,18.74,16.62,0,61.4,1542.8,0
48.53,51.7,12.07,11.24,94,1222,11642,13.34,63.63,26.88,125.66,0,33.4,2049.1,1
8.04,52.61,1.67,6.47,132,2772,13883,8.03,48.42,17.26,224.55,0,43.0,800.0,1
23.57,54.61,4.18,20.28,240,4320,22970,11.65,53.47,18.83,8.13,0,50.5,1665.1,0
51.06,45.36,22.7,41.5,240,5280,30204,10.48,63.45,29.26,121.3,0,25.0,2222.5,0
11.04,65.8,9.35,3.38,66,660,4669,9.48,44.62,16.89,54.95,0,42.6,1113.4,0
24.51,69.14,9.16,7.35,328,7216,36725,8.21,54.76,22.2,21.58,0,48.2,1856.3,0
23.58,73.32,11.84,11.58,143,1716,12197,13.43,57.6,21.97,167.2,0,90.9,881.7,0
68.02,48.3,8.53,7.21,302,2416,21532,9.28,73.06,35.97,4.38,0,75.0,2020.3,0
38.06,38.22,24.61,19.67,248,1984,16404,21.01,60.24,20.44,266.14,0,88.1,1231.6,1
44.32,58.21,20.72,17.65,281,3934,24867,8.5,60.69,26.14,14.58,0,46.9,2162.4,0
31.49,60.56,5.72,15.52,100,1300,10552,9.53,53.62,24.07,243.22,0,97.2,1610.5,1
39.04,60.64,25.08,36.67,278,4448,27173,11.07,63.07,25.35,24.9,0,60.7,2201.8,0
22.92,78.0,10.97,14.79,281,6182,31486,13.65,54.44,21.77,76.88,0,34.1,1665.3,0
30.42,56.66,14.82,8.82,228,2736,18244,6.86,58.49,25.2,230.44,0,61.1,1999.3,0
8.86,86.48,30.17,6.11,211,1688,11420,9.15,43.77,22.76,268.08,0,78.0,1531.2,0
4.95,68.19,9.69,16.22,345,5175,26592,13.95,42.66,18.61,59.4,0,91.9,1438.6,0
73.61,68.66,21.17,6.21,339,2712,24962,8.91,71.97,51.86,136.82,0,35.0,3054.0,0
62.85,56.31,14.84,19.01,335,6030,35682,12.75,64.66,30.77,83.1,0,51.2,1897.1,0
48.85,50.33,8.35,9.14,315,2520,20739,7.05,61.85,31.91,1.15,0,62.6,2336.6,0
34.3,45.84,23.34,3.58,195,3705,21103,6.58,55.94,26.01,5.71,0,94.9,1870.7,1
71.08,57.75,1.67,22.4,268,4556,31166,11.15,73.03,41.49,96.01,0,37.4,2510.5,1
25.85,68.14,13.06,17.15,154,2464,15246,5.04,52.91,24.55,1.76,0,85.5,2041.1,0
61.51,52.05,0.71,19.67,255,4590,28988,23.1,70.78,38.9,0.3,0,21.3,2812.7,0
45.4,49.44,2.55,4.8,92,1288,12212,14.46,57.63,30.11,64.22,0,73.5,2484.0,0
42.89,39.53,13.7,27.1,280,3360,23222,10.19,61.19,27.91,15.76,0,48.7,2225.1,0
31.47,62.68,5.51,37.13,175,2100,14508,11.76,55.82,24.45,107.33,0,80.5,1843.1,0
48.41,38.97,4.57,6.78,119,2499,17849,7.51,64.04,23.92,21.07,0,23.7,2024.1,1
9.77,60.97,46.8,15.41,142,2982,14067,2.07,45.92,21.78,5.57,0,99.0,800.0,0
46.48,59.25,6.83,9.63,314,5338,31733,10.77,68.05,30.55,4.59,0,67.2,2161.1,0
46.63,52.92,12.48,9.52,297,4455,28187,13.96,58.54,30.94,7.12,0,22.8,2373.2,0
58.34,73.08,11.46,14.35,158,1580,15757,8.51,69.05,35.57,104.82,0,26.4,2388.5,0
43.9,78.85,0.96,8.56,237,1896,17000,11.87,66.07,33.03,0.93,0,57.2,2324.1,0
34.22,23.4,16.83,10.99,303,3636,22501,7.11,58.63,22.54,114.69,0,76.7,1496.0,1
41.72,32.69,10.79,40.0,178,2136,16527,12.91,62.52,23.35,5.76,0,68.8,2031.9,0
27.48,63.77,7.2,5.63,162,3078,18344,14.62,55.24,21.47,17.26,0,32.1,1719.0,1
19.54,80.4,1.02,14.92,284,3976,22085,9.39,52.1,21.32,18.55,0,74.5,1444.0,1
26.73,34.57,5.2,48.34,331,5627,31535,5.04,51.05,19.65,2.32,0,83.2,1627.9,1
15.47,61.32,32.32,12.56,296,5624,29751,7.81,49.04,22.3,19.62,0,95.2,1677.5,0
31.7,28.82,2.86,18.75,94,1410,11468,10.43,53.73,24.33,17.68,0,85.0,1926.8,0
41.66,27.21,3.71,7.73,263,3682,23119,12.12,59.33,19.07,166.21,0,30.3,1250.9,0
8.79,86.03,3.45,7.21,130,1820,10655,10.11,48.97,19.39,26.31,0,50.9,833.6,1
32.88,60.83,33.22,5.45,191,3820,22146,13.35,57.72,21.97,18.51,0,72.9,1654.7,1
17.52,31.94,18.06,12.88,135,2970,16008,4.13,50.32,21.22,119.18,0,96.8,1763.4,0
43.18,51.76,32.04,36.57,233,4893,28350,13.92,63.3,22.99,127.96,0,23.7,1919.6,1
32.48,43.29,36.76,17.85,295,4720,26940,16.97,55.31,20.86,69.94,0,94.7,1221.8,0
33.66,48.59,39.46,13.5,319,2552,18746,3.86,57.01,23.81,47.25,0,63.4,1778.9,0
6.0,50.3,9.97,9.5,225,5175,25137,7.87,44.12,17.4,5.07,0,73.4,1599.0,0
21.0,58.17,9.7,9.07,95,1805,10738,12.75,49.1,19.45,2.87,0,32.6,1765.6,0
29.71,61.74,26.48,7.38,82,1230,10160,10.7,56.56,20.23,150.06,0,62.8,1044.1,0
39.8,44.71,6.05,7.93,279,4464,26975,14.18,60.95,27.94,14.83,0,61.5,2502.3,0
27.22,43.94,0.34,16.52,87,783,6587,10.76,51.28,20.06,29.59,0,47.4,1744.5,1
32.94,61.07,6.04,52.4,92,1012,9331,13.88,56.51,24.5,78.16,0,42.8,1850.4,0
4.88,45.24,18.9,20.46,273,4095,21126,5.14,47.94,18.72,16.76,0,78.2,1353.7,0
26.47,45.12,1.98,8.95,98,1470,10641,10.73,50.41,20.07,16.17,0,87.1,1389.1,1
59.9,56.58,23.04,7.69,81,810,11127,10.4,69.16,34.65,164.09,0,55.4,2105.1,1
36.17,55.46,25.35,7.38,248,1984,15475,7.16,58.73,24.06,50.88,0,69.8,1588.5,1
18.99,48.34,1.6,48.12,246,3444,20556,9.27,58.15,22.26,18.27,0,94.6,1490.3,1
32.98,70.78,1.54,21.07,267,2136,16072,15.53,51.19,25.74,97.31,0,95.5,2043.0,0
23.29,62.41,3.32,15.6,301,6321,32233,9.31,51.28,22.42,13.81,0,92.6,1557.7,0
37.26,85.27,6.61,24.23,169,2366,16672,6.67,62.05,25.76,8.68,0,95.7,1668.6,1
42.88,51.27,11.41,18.61,120,1800,13180,5.85,62.42,27.52,7.13,0,53.4,2227.9,0
37.15,65.58,9.97,3.31,200,2000,15210,12.18,52.75,26.8,36.17,0,79.5,1880.0,0
35.22,76.87,28.78,6.54,266,5852,31848,8.63,57.49,26.08,56.93,0,62.0,2011.6,0
21.45,41.6,2.3,24.39,284,4828,25948,4.67,53.15,21.86,58.98,0,80.9,1719.0,0
16.88,49.62,17.94,44.94,274,5206,26037,4.24,49.69,20.01,329.74,0,86.1,1533.5,0
35.72,73.39,11.94,27.23,256,4864,27826,7.23,59.69,22.88,51.29,0,70.3,1341.9,0
12.39,65.1,20.02,11.88,226,4746,23542,12.75,50.78,16.02,9.45,0,22.7,801.1,1
25.4,54.66,6.28,16.69,228,5244,27411,8.39,52.84,19.15,63.98,0,82.2,1878.2,0
45.28,34.28,9.56,6.91,256,2304,18276,11.61,57.3,33.08,87.36,0,99.6,2679.7,0
66.98,35.53,0.44,15.85,118,2478,19196,9.54,72.02,46.03,9.85,0,78.9,3028.0,0
49.05,48.2,1.85,14.27,248,2728,20583,6.45,65.25,27.19,3.75,0,21.9,1869.8,1
48.51,42.96,7.05,12.27,237,1896,16649,11.22,59.6,31.06,80.09,0,81.2,2380.0,0
6.17,43.31,9.85,18.34,295,6490,31270,15.9,40.72,18.37,232.55,0,65.9,1398.0,0
35.18,27.51,1.34,13.47,242,2178,17028,15.26,54.98,20.82,17.52,0,88.6,1044.9,1
39.08,34.65,26.14,2.22,331,5296,30904,14.3,50.54,26.49,90.1,0,33.1,2432.2,0
18.68,41.78,43.8,8.5,262,5764,29355,10.04,49.86,20.6,98.15,0,87.2,1675.0,0
26.58,56.76,13.61,8.13,214,3210,18638,7.08,54.77,20.82,110.93,0,95.5,1425.7,1
36.23,49.84,0.82,11.16,178,2848,18156,11.49,53.48,20.21,1.9,0,57.6,1156.5,1
16.21,55.88,20.14,14.7,146,3066,16687,11.73,45.86,20.62,7.09,0,57.0,1656.4,0
51.03,55.22,3.67,15.72,72,576,9917,13.93,62.2,29.05,80.92,0,78.4,1857.9,1
42.58,29.49,19.84,10.74,181,3258,20372,6.07,62.56,25.57,191.73,0,45.2,1859.8,1
26.65,70.96,8.55,11.38,114,1938,12524,14.18,52.09,23.44,49.04,0,86.9,1874.9,0
51.19,66.0,0.82,2.97,261,3393,22577,11.23,67.26,30.17,28.09,0,88.1,1896.7,0
8.67,55.64,4.9,23.11,266,2128,14220,8.19,44.19,18.97,60.34,0,70.7,1070.9,0
17.82,47.06,8.35,13.53,138,3174,16692,5.12,42.96,18.3,9.54,0,61.9,1437.1,0
35.85,75.4,19.99,11.0,274,3836,22899,8.17,60.22,28.06,31.12,0,87.1,2190.0,0
52.38,39.76,2.14,10.18,221,3757,24633,20.95,62.02,32.78,35.12,0,34.3,2616.0,0
32.3,69.69,5.07,5.0,191,2292,15868,13.2,57.52,20.68,89.61,0,29.7,1076.8,0
39.11,41.97,1.31,39.83,136,2040,15808,18.48,60.37,22.2,14.95,0,23.0,2186.3,0
9.05,74.75,14.35,8.26,128,2816,15021,5.98,49.66,16.83,142.73,0,20.2,800.0,1
39.09,61.97,9.64,4.69,285,5985,33230,17.47,57.75,30.25,125.75,0,73.0,2522.6,0
50.39,68.43,39.68,10.95,239,3107,22192,17.54,67.6,32.27,31.18,0,37.3,2362.3,0
56.67,58.18,20.24,12.43,323,2584,21693,7.1,67.65,38.59,179.84,0,88.4,2736.5,0
16.57,61.7,22.57,23.95,331,6289,32473,11.48,53.63,18.87,10.47,0,52.6,950.5,1
19.96,55.47,2.69,11.17,207,4140,21999,8.69,51.72,20.5,6.64,0,70.0,1792.8,0
27.07,39.75,4.65,10.45,344,7912,40226,6.96,51.58,19.63,360.28,0,74.5,1445.2,1
53.16,71.41,10.8,7.69,334,6346,37028,16.66,64.06,34.6,51.39,0,65.7,2539.0,0
3.77,51.01,0.2,4.96,276,3864,20325,5.37,40.53,16.77,114.05,0,30.0,1449.0,0
9.3,56.46,30.62,5.5,96,1920,10404,5.19,46.95,18.72,48.22,0,50.7,1443.2,0
16.28,31.2,22.56,16.97,126,1638,10196,14.88,51.79,18.13,7.55,0,24.8,1551.7,0
28.16,52.34,0.9,16.02,186,3906,22217,8.76,53.74,21.97,23.3,0,34.9,1994.1,0
26.02,60.96,28.36,21.74,206,2060,14829,7.26,53.76,21.25,7.53,0,50.2,1788.3,0
19.21,80.89,0.1,11.0,111,1665,10834,5.6,48.59,23.81,71.68,0,78.7,1855.7,0
10.34,54.03,1.82,30.17,122,1220,8185,4.56,46.34,18.99,39.84,0,61.0,840.9,0
36.51,49.86,0.85,7.0,114,2508,16715,11.09,58.24,20.81,13.92,0,76.6,1366.4,0
26.68,45.12,9.78,9.37,68,1360,9234,12.1,52.97,24.96,10.53,0,63.3,1968.7,0
27.21,45.49,22.99,11.44,67,1005,8293,19.4,50.85,19.07,36.01,0,22.2,1339.1,1
53.69,81.79,2.95,11.37,270,5670,33646,7.98,68.92,35.71,90.35,0,59.8,2568.3,0
25.73,39.03,22.14,7.43,160,1920,12360,2.87,49.09,18.69,10.32,0,30.6,1900.8,0
28.05,48.78,3.07,6.71,106,1802,12932,16.03,53.97,23.85,139.16,0,87.9,1996.1,0
32.55,76.35,69.9,2.97,339,3390,22791,11.7,54.88,26.8,149.43,0,69.0,1668.2,1
34.72,72.29,28.81,31.21,88,1320,10851,8.19,57.55,25.96,47.04,0,70.6,2038.2,0
17.53,89.74,20.04,12.3,108,2268,13309,7.28,54.36,19.19,113.24,0,69.1,1649.8,0
65.28,71.09,13.44,9.81,171,1539,16063,9.3,69.46,44.58,175.88,0,55.8,2990.6,0
10.74,58.67,4.17,7.57,256,5632,28602,8.18,42.98,17.01,107.47,0,41.6,1462.5,0
46.03,64.3,1.91,12.87,136,2584,17815,10.39,56.21,23.23,0.92,0,34.9,1339.8,0
40.87,39.83,9.25,11.07,162,2916,18783,8.21,54.85,27.59,105.08,0,58.7,2152.1,0
24.08,53.5,7.73,34.41,67,1139,8173,5.3,48.79,20.04,1.16,0,63.8,1716.4,0
26.47,40.52,16.84,9.1,182,1456,13293,9.53,49.82,17.73,22.48,0,56.1,1041.1,1
8.01,76.45,2.8,10.09,334,5010,27018,9.3,45.21,18.94,379.43,0,71.8,1212.7,0
46.83,32.97,12.39,19.27,297,4455,28401,7.09,54.79,29.22,1.5,0,67.3,2304.4,0
29.91,51.31,17.73,18.13,69,759,7768,8.77,50.01,20.12,57.31,0,46.4,1248.6,1
38.5,39.25,5.33,5.91,236,3304,20609,15.07,59.55,25.31,23.4,0,31.3,2273.9,0
56.73,70.13,22.71,16.76,133,1330,14582,17.13,64.54,39.56,77.64,0,38.3,2762.7,0
10.15,57.55,8.48,25.19,77,1232,6399,8.47,47.81,17.12,43.21,0,41.6,1572.3,0
22.01,54.55,2.66,28.98,69,1380,8654,10.82,53.23,22.85,14.39,0,77.6,1680.6,1
42.79,37.28,3.25,5.82,125,1000,11239,4.46,56.88,30.73,163.69,0,93.3,2312.1,0
21.75,76.39,4.9,11.95,68,1360,9017,17.4,52.5,21.3,90.1,0,31.5,1708.6,0
27.64,41.07,2.58,6.34,186,2790,17432,11.46,54.39,20.34,80.38,0,48.7,1781.2,0
36.7,48.92,12.41,20.4,299,4186,25225,7.08,57.52,23.43,50.22,0,22.9,1772.8,1
14.79,54.94,44.68,13.36,97,1455,9438,5.65,45.17,18.41,173.88,0,33.8,1370.5,1
45.65,63.06,33.96,25.06,194,3880,23526,14.33,59.49,20.84,57.4,0,46.9,985.8,1
35.43,50.68,5.87,16.79,318,6360,33531,11.03,54.59,22.63,185.34,0,40.2,1998.8,0
43.49,76.55,30.0,7.06,213,2556,19414,9.34,62.87,26.65,48.57,0,76.8,1746.9,1
26.88,55.83,46.19,12.8,175,3325,18411,9.46,49.29,19.56,7.49,0,26.0,1165.2,0
23.24,79.99,5.23,7.77,99,1485,10472,10.52,52.18,23.77,32.68,0,78.1,2020.7,0
48.52,41.2,35.35,6.4,148,3108,20619,15.16,63.93,33.21,7.49,0,66.7,2437.5,0
5.7,62.92,89.45,8.96,158,2212,11673,3.34,47.55,19.91,86.72,0,60.7,1254.1,0
22.17,43.92,23.97,13.67,233,3262,18653,8.47,50.36,19.5,67.64,0,59.5,1387.7,1
13.59,52.66,7.42,6.82,342,4104,23593,12.04,52.53,20.46,131.01,0,64.6,1093.9,0
30.92,35.02,14.07,13.11,286,4004,24545,9.87,56.05,22.83,23.74,0,88.6,1780.3,0
20.46,75.62,6.79,5.42,177,3540,19420,7.97,46.41,20.78,9.17,0,59.0,1928.1,0
36.39,75.61,82.68,3.9,130,2860,18043,10.48,58.66,25.98,14.26,0,73.8,1739.3,0
19.33,73.39,1.05,35.55,225,4500,23866,8.52,51.13,19.73,22.56,0,26.2,1112.4,1
30.15,69.43,33.54,9.54,207,3726,21324,13.61,58.77,23.54,37.96,0,63.6,1772.6,0
14.15,96.19,1.16,10.79,274,5754,28853,5.12,51.51,23.31,35.37,0,62.1,1866.2,0
29.97,58.17,0.65,9.78,208,3536,20632,6.43,59.59,20.5,57.18,0,98.6,928.1,1
6.32,80.29,42.19,16.54,293,2344,15022,6.21,43.97,19.15,29.56,0,41.5,1249.5,0
48.15,54.85,30.29,13.43,128,1920,15635,14.47,60.73,30.26,118.4,0,21.7,2527.0,0
36.75,64.15,6.73,20.8,227,3632,23179,9.66,57.31,25.79,34.09,0,93.2,1975.7,0
52.26,67.35,47.39,14.42,299,6578,37690,12.64,65.46,34.16,96.17,0,61.4,2474.5,0
25.74,27.81,29.69,12.02,294,4998,27380,8.76,46.67,18.8,53.97,0,31.5,1961.4,0
57.89,53.31,34.84,22.34,113,1243,13451,9.4,66.53,38.58,90.68,0,29.0,2885.4,0
50.74,51.67,13.56,9.74,92,1104,10812,9.51,64.95,33.2,257.28,0,98.0,2429.4,0
36.78,54.63,47.67,11.79,252,3528,21775,6.6,57.57,24.72,75.89,0,49.9,1957.3,1
39.73,44.23,24.88,10.47,270,3510,23186,12.05,57.29,24.88,255.99,0,64.0,1820.8,1
6.23,57.48,42.19,27.69,128,1664,9155,6.75,49.54,16.31,107.52,0,44.7,800.0,0
27.78,60.35,4.96,14.89,210,3780,21077,11.1,52.33,19.55,75.62,0,21.5,1692.7,1
33.31,39.93,11.39,12.67,113,1582,11927,14.14,55.06,23.71,55.7,0,81.7,2105.0,0
7.45,55.56,30.34,3.3,318,6996,33162,14.65,47.73,19.26,23.21,0,67.0,1485.4,0
28.07,51.28,13.0,15.1,333,5328,29668,5.77,56.71,19.28,92.56,0,69.6,1570.2,1
31.98,73.08,24.22,18.56,318,2862,19310,9.36,54.86,27.86,48.19,0,74.7,2275.7,0
13.97,63.68,54.23,21.11,174,2088,12239,15.04,51.01,18.94,3.53,0,32.1,1308.6,1
32.38,43.46,24.49,10.79,318,4452,27027,13.31,55.22,20.89,101.03,0,50.7,1664.8,1
26.23,69.67,5.68,18.01,201,1608,13128,16.59,52.92,20.48,71.75,0,57.4,967.5,1
33.78,54.23,1.9,16.02,195,2730,18128,4.36,53.84,24.26,18.88,0,81.0,1666.7,1
30.49,55.95,4.78,3.61,347,5552,31000,3.41,55.33,22.44,14.46,0,70.8,1597.4,1
18.06,41.14,16.31,23.88,78,1248,7499,9.73,43.0,20.08,33.63,0,54.9,1661.5,0
24.76,58.03,0.17,11.05,321,7383,36629,6.11,51.61,20.24,8.97,0,51.9,1643.8,0
35.26,69.17,3.16,14.04,107,1498,12139,9.11,62.62,27.26,35.12,0,81.7,2039.7,0
15.18,51.39,5.94,8.38,281,5620,28790,3.54,49.89,19.01,24.09,0,63.3,1360.5,0
39.02,78.71,31.22,18.53,243,5346,30209,13.87,57.74,29.17,349.96,0,98.9,2032.0,0
16.42,68.55,0.79,15.14,235,4465,22793,16.0,52.32,21.56,56.78,0,22.1,1773.6,0
37.44,42.48,0.77,4.48,90,1530,11805,17.63,59.28,23.66,45.3,0,81.1,1628.7,0
45.75,58.92,12.04,8.07,229,2977,20879,10.19,60.62,30.67,157.06,0,31.9,2433.2,0
13.23,34.35,2.94,28.52,272,5712,28246,12.46,43.46,20.04,174.96,0,89.2,1109.9,1
29.13,40.51,4.16,19.66,99,2079,13757,22.87,58.59,19.47,16.41,0,42.0,1906.0,0
38.18,28.9,3.05,9.99,294,4998,28607,14.3,54.05,23.84,9.89,0,39.4,1736.6,1
37.97,30.91,13.07,10.07,336,2688,20533,4.47,55.65,21.38,115.49,0,61.8,1195.5,0
27.85,50.56,0.86,7.16,225,4725,25982,11.15,53.91,21.28,15.2,0,56.2,1578.4,1
7.88,52.15,42.2,7.4,187,2431,13489,5.26,44.92,18.47,41.32,0,45.1,800.0,0
41.63,58.41,1.97,13.74,184,2024,15595,16.9,59.08,24.39,15.92,0,45.9,1817.4,1
33.54,41.55,45.42,32.6,74,814,8344,8.43,57.22,22.08,151.06,0,41.7,1534.4,0
32.02,67.51,22.58,10.09,248,4960,27995,16.37,62.07,23.55,55.5,0,53.2,1757.3,0
33.08,51.79,26.41,12.41,96,864,9035,6.8,56.54,22.9,175.99,0,72.1,1625.6,1
49.93,59.65,2.85,7.87,326,6846,37772,15.92,62.71,24.94,13.59,0,56.2,1738.9,0
31.3,10.0,16.61,11.51,153,2295,14654,16.13,52.85,23.53,283.76,0,55.7,2128.5,0
33.32,55.05,25.48,14.96,177,4071,23458,11.53,57.44,20.86,309.05,0,94.2,1108.9,1
17.48,66.81,12.25,38.03,158,2528,14872,14.18,46.57,21.96,220.56,0,93.8,1346.3,1
39.26,20.85,12.01,24.64,222,1776,14722,8.19,54.99,26.89,6.47,0,56.8,2393.8,0
8.96,55.49,2.6,24.63,229,4351,21846,9.7,49.06,18.11,107.21,0,38.7,925.8,1
38.24,43.16,8.02,9.28,101,1414,11526,11.25,63.63,20.1,1.6,0,32.6,1350.2,0
19.79,78.11,2.45,7.04,111,2553,15032,8.01,53.91,22.43,76.9,0,91.7,1579.1,1
36.91,35.69,54.1,12.19,160,2240,15681,4.95,59.31,25.14,65.91,0,57.9,2114.0,0
9.26,87.42,17.32,8.46,87,1566,8858,13.84,50.87,20.67,62.19,0,80.9,1107.4,0
1.99,74.38,0.74,9.35,292,5840,28892,6.26,44.98,18.29,5.98,0,66.9,800.0,1
41.22,56.7,9.72,14.38,262,4978,28627,8.53,59.06,26.52,113.72,0,37.5,2174.3,0
20.8,33.47,15.24,17.9,61,854,6432,9.35,53.54,18.48,22.79,0,42.4,1388.3,0
46.69,48.12,1.51,25.1,140,2800,18534,8.65,59.22,33.75,118.64,0,92.9,2337.1,0
36.46,65.29,16.4,16.58,250,2750,18727,20.05,58.07,25.36,18.34,0,56.1,1683.4,1
41.07,56.65,2.93,13.32,172,3268,20864,10.59,54.48,21.69,144.93,0,63.5,1123.6,1
32.47,38.52,7.86,7.47,244,3172,20072,15.08,55.01,17.63,162.03,0,44.1,1025.0,1
37.25,71.61,14.73,25.19,111,2109,14298,13.13,61.75,27.94,15.43,0,57.9,2353.0,0
24.78,53.56,6.81,19.46,304,5472,29553,8.06,58.79,22.0,41.57,0,84.9,1860.8,0
14.98,59.24,7.19,9.44,173,2941,16272,12.92,48.91,18.56,97.78,0,86.3,1349.6,0
10.43,69.92,27.83,20.28,284,6532,32237,1.85,49.2,20.9,37.18,0,68.0,1309.4,0
15.08,68.23,5.55,13.03,88,1408,8727,5.66,51.39,20.26,6.76,0,49.7,1216.5,0
36.84,71.2,15.97,24.06,127,2921,17863,10.21,61.89,21.07,91.48,0,22.2,1583.9,1
55.33,65.48,28.37,10.56,140,2800,20349,10.79,59.8,38.58,382.23,0,52.6,2638.5,0
15.15,44.96,2.48,10.79,180,3420,19590,11.9,48.07,17.43,148.8,0,24.3,1266.3,0
34.79,54.37,0.71,4.7,291,4656,27253,10.81,58.77,23.69,7.33,0,42.2,1827.3,0
21.3,75.24,26.19,9.25,180,1980,13063,9.19,47.87,19.03,9.32,0,50.4,950.5,1
26.47,34.77,12.02,33.08,328,2952,20662,6.57,49.56,19.97,5.59,0,58.2,1793.8,0
19.15,38.08,26.38,60.43,271,2439,15717,10.22,52.29,19.85,281.32,0,88.3,1710.5,0
18.33,63.12,3.59,15.92,244,2196,14650,9.78,50.99,20.16,42.26,0,24.5,1793.0,0
39.79,53.65,26.81,9.06,287,5453,30449,10.83,59.8,22.8,57.85,0,24.2,1723.6,1
5.57,29.87,1.5,10.34,320,7040,33608,22.58,42.41,19.41,84.01,0,89.1,1144.6,0
28.35,65.48,32.21,11.84,342,2736,19860,12.8,52.5,22.09,30.16,0,80.5,1784.8,0
10.28,61.79,25.93,9.99,326,5542,27728,6.96,48.12,16.72,9.07,0,22.2,1242.5,1
30.85,94.52,12.57,19.58,94,1316,11104,8.56,62.09,23.39,15.79,0,86.8,1053.3,1
38.75,57.91,14.06,5.34,346,4498,27844,8.31,57.23,26.64,139.62,0,64.6,2181.3,0
40.2,86.8,6.37,12.42,286,3432,22385,10.81,60.5,25.94,118.7,0,33.2,1998.6,0
14.67,69.75,3.38,36.57,290,2900,17583,5.01,45.95,19.49,0.51,0,75.8,1287.6,1
8.01,26.77,9.12,22.81,321,5778,28621,7.2,40.6,18.85,84.82,0,75.7,811.8,0
1.69,55.46,16.07,41.59,280,5040,24403,6.18,44.83,19.69,65.26,0,82.3,1136.5,0
7.62,54.04,97.19,11.27,210,3780,17865,9.92,48.3,19.75,21.53,0,56.4,1064.2,1
60.1,53.66,25.49,8.3,86,860,10943,19.5,67.91,31.08,117.36,0,44.6,2132.0,1
44.75,42.04,8.55,14.75,181,3258,20658,21.95,62.29,31.65,121.0,0,81.0,2613.8,0
36.31,67.03,20.39,7.71,193,3667,21716,8.59,62.53,24.1,226.18,0,57.4,1950.6,1
3.92,49.84,1.72,8.95,220,1760,11720,8.41,42.15,14.51,181.08,0,66.9,1183.4,0
25.26,72.64,8.04,10.75,62,1240,8794,7.93,52.54,22.04,185.94,0,76.8,1216.2,1
14.25,70.43,8.3,25.44,163,3586,18359,8.36,47.57,18.74,48.38,0,47.9,1116.1,0
16.15,51.42,101.18,21.42,163,1304,9023,10.01,50.98,20.65,86.24,0,29.4,1355.1,1
32.57,45.9,7.44,16.59,329,6580,35270,10.56,57.51,24.19,114.47,0,54.6,1652.2,0
52.91,46.62,1.3,12.97,236,4012,25569,8.88,67.23,35.68,205.66,0,76.0,2554.2,0
54.29,55.4,1.04,35.16,115,2415,18579,11.68,63.26,34.16,62.61,0,55.0,2529.7,0
67.41,59.83,17.98,15.88,197,2955,22707,9.38,73.19,28.0,20.75,0,52.7,1447.7,1
20.0,48.28,5.12,7.03,314,4082,23277,7.52,53.12,19.55,364.47,0,71.2,1195.4,1
18.21,48.78,30.48,13.53,225,4950,25600,11.45,49.64,19.76,196.74,0,21.1,1743.5,0
33.63,59.28,9.89,6.93,215,4515,25286,6.89,57.57,25.11,8.33,0,73.6,1950.7,0
28.1,70.5,6.02,8.93,72,864,6636,17.91,52.05,22.15,9.67,0,24.4,1799.7,0
31.1,58.65,21.35,27.95,296,3256,21177,7.33,56.15,24.8,248.63,0,99.6,1814.3,0
12.58,54.58,8.11,14.68,314,4710,25302,4.18,46.12,16.88,77.25,0,20.5,1286.5,1
20.2,58.56,20.06,13.06,256,4352,23653,5.57,46.81,21.44,37.54,0,64.5,1008.1,1
30.89,28.06,18.78,14.31,234,5148,28005,10.19,51.53,21.76,193.64,0,90.1,1576.6,0
29.49,51.52,19.27,11.66,334,6012,33020,7.69,53.85,23.6,2.73,0,83.1,1868.1,0
39.77,36.15,29.19,3.44,285,5415,30789,7.51,54.38,21.96,49.95,0,73.2,1300.3,0
39.88,46.82,28.3,19.03,292,5548,32142,14.78,53.27,24.15,75.13,0,25.3,2051.7,0
10.6,41.28,16.39,18.26,166,2656,14830,11.1,44.68,16.94,0.59,0,58.2,1635.7,0
13.85,41.07,47.19,13.6,251,5773,28046,10.59,46.41,20.02,22.59,0,79.2,812.9,1
19.04,40.22,0.31,8.06,252,2016,14468,17.0,47.61,20.94,68.75,0,75.2,1634.4,0
28.91,89.88,39.98,35.51,173,1557,12200,20.11,63.1,23.05,0.74,0,72.7,1519.5,1
10.27,54.15,2.41,9.16,273,3003,17019,1.81,50.67,20.34,173.25,0,73.1,1593.7,0
11.11,73.07,3.57,7.57,299,3887,21785,5.12,51.59,19.49,152.24,0,85.5,1562.3,0
27.02,66.41,25.51,12.96,152,2584,15801,11.29,56.78,21.84,144.51,0,77.0,1003.1,1
18.2,65.33,7.67,18.65,164,1640,10900,13.31,51.02,20.58,0.1,0,35.5,1806.2,0
55.8,63.16,8.31,16.44,281,5901,34691,8.49,68.28,28.11,51.32,0,39.3,1686.5,0
8.05,86.29,4.54,17.2,223,4683,23668,4.27,47.09,19.2,139.07,0,33.5,1296.1,0
64.55,61.41,3.81,24.88,239,1912,18582,18.58,71.07,42.02,76.47,0,46.2,2799.0,0
13.26,28.29,1.68,14.55,329,6251,32528,9.87,45.51,16.89,7.19,0,69.2,1293.2,1
39.03,52.39,3.29,27.34,332,3320,22605,6.81,58.84,26.56,68.18,0,75.8,1948.5,0
64.41,39.31,12.55,16.48,87,1653,15528,9.57,64.84,34.95,73.71,0,39.1,2294.7,1
15.84,34.0,18.39,11.63,176,3168,17528,14.16,51.49,17.73,55.22,0,55.9,1668.7,0
35.75,61.47,20.14,9.37,198,2970,18888,7.56,60.53,25.9,207.68,0,43.6,2173.9,0
17.11,23.89,6.93,28.09,106,2120,12720,3.02,43.3,16.03,18.4,0,47.6,1511.0,0
31.81,56.63,38.26,18.11,305,5490,30086,13.12,52.91,23.68,65.63,0,55.8,1833.4,0
38.32,30.29,5.98,10.04,338,4056,25981,6.32,59.05,28.53,36.85,0,91.9,2328.4,0
36.84,52.37,1.77,9.41,268,2144,17390,6.5,59.27,20.3,39.51,0,41.5,1298.2,0
5.23,66.65,43.57,6.61,64,768,4693,6.53,41.78,21.6,6.16,0,98.3,962.5,0
13.68,45.2,11.67,33.81,154,2618,14357,8.22,44.15,19.99,37.01,0,48.1,1352.4,1
6.44,37.26,53.3,16.29,139,2085,10772,6.46,41.39,15.49,139.99,0,28.6,1088.3,1
23.58,49.89,7.5,29.5,135,2835,15879,12.88,53.19,20.36,1.48,0,57.2,1669.3,0
64.96,64.29,21.24,43.19,217,3906,25916,9.75,73.79,41.89,27.4,0,70.0,2715.2,0
57.82,59.55,1.75,37.58,263,4208,26148,9.32,61.93,32.92,208.82,0,28.3,2173.2,1
23.81,53.93,28.87,9.58,126,1638,12040,9.29,51.15,20.69,41.59,0,39.8,1527.2,0
12.11,42.45,2.81,69.76,240,2640,15498,5.42,48.92,16.52,43.95,0,39.4,1163.0,1
65.4,48.9,1.07,19.39,129,2322,18960,14.47,69.62,34.73,1.68,0,42.3,2332.0,1
62.77,65.35,1.54,6.1,109,1962,17864,10.82,71.77,34.23,59.06,0,25.6,2206.9,1
19.0,52.99,12.23,14.24,171,3420,18140,7.66,52.33,15.16,102.63,0,43.4,1205.9,0
12.02,58.63,5.18,13.07,330,3960,21835,14.16,51.28,18.66,29.47,0,41.2,1397.6,0
23.4,49.6,48.65,15.85,272,2720,17855,7.02,51.2,22.19,38.27,0,50.9,2064.9,0
8.38,38.05,28.73,14.67,243,3402,17939,17.78,48.97,17.93,29.49,0,99.1,1170.9,0
19.52,85.04,24.39,17.82,253,4554,23540,17.12,51.61,21.71,104.39,0,39.5,1698.1,0
4.79,66.76,24.88,8.04,297,5049,24916,8.07,47.29,20.97,49.61,0,66.0,1512.1,0
14.16,59.16,33.2,14.84,171,3933,19021,15.41,48.8,19.15,26.59,0,51.4,1367.8,0
19.36,52.53,30.06,9.5,254,2794,17924,9.58,50.41,18.95,14.02,0,68.4,1863.7,0
48.93,76.33,39.51,13.8,214,3638,23521,8.3,69.91,30.63,137.47,0,76.1,2240.8,0
28.0,43.05,40.85,11.08,146,3212,17508,10.14,51.6,23.87,22.36,0,82.1,1657.6,1
20.5,65.05,5.31,9.58,324,7128,35926,6.89,51.17,22.66,63.36,0,97.2,1570.8,1
18.03,55.57,3.72,19.28,95,1330,9436,7.6,50.16,18.12,28.39,0,50.6,1322.3,1
62.39,51.06,15.45,16.61,326,5542,34928,8.38,67.15,36.18,324.68,0,21.0,2658.2,0
13.2,50.84,1.97,15.82,328,3608,21459,23.29,49.69,18.72,32.36,0,67.4,915.5,0
2.95,74.59,3.56,9.4,136,1088,6501,9.19,46.1,17.06,39.54,0,24.8,1048.4,1
45.5,26.93,22.24,17.35,176,3344,21780,12.42,59.25,26.74,20.88,0,34.9,2252.3,0
21.96,79.98,15.72,12.0,65,1040,7658,8.18,49.05,21.2,91.97,0,81.3,1811.6,0
17.67,70.36,15.78,9.56,84,1512,9871,7.22,53.69,21.5,23.88,0,41.8,1837.0,0
15.9,55.56,45.13,22.35,271,5691,28552,7.57,50.64,19.7,207.69,0,54.5,1503.0,0
28.86,51.44,16.52,20.0,84,1428,10754,15.54,55.1,24.41,33.21,0,28.9,1992.5,0
42.99,54.84,8.45,2.01,288,5184,30080,12.15,63.46,24.11,4.36,0,39.2,1571.1,0
42.4,62.27,4.93,3.38,132,3036,19187,9.02,63.15,30.29,5.91,0,86.5,2368.7,0
34.7,73.52,6.2,31.29,167,3674,21243,9.58,56.8,24.03,137.26,0,30.9,1869.7,0
48.49,62.26,4.88,5.76,222,3108,21521,6.81,67.91,25.46,200.33,0,70.6,1448.3,0
12.85,59.17,0.53,5.55,115,1955,10801,8.22,44.84,20.61,123.41,0,73.9,1303.2,0
2.36,55.4,4.55,11.18,103,1545,8430,2.98,44.04,14.51,2.29,0,24.2,1345.1,0
52.44,27.35,27.06,14.28,65,780,10306,14.21,64.18,32.89,214.92,0,49.7,2593.6,0
20.21,30.1,19.54,9.11,260,2340,15363,2.92,49.42,19.44,102.97,0,53.3,1536.6,0
47.53,71.51,14.59,1.95,309,2781,21875,14.94,62.96,30.39,12.71,0,30.2,2324.0,0
7.33,62.09,34.87,13.37,180,3060,15627,12.05,48.69,17.59,2.29,0,37.1,1399.4,0
28.78,67.41,4.6,35.92,107,856,8684,19.87,54.4,19.42,93.26,0,34.3,1111.2,1
15.05,67.14,12.93,5.34,65,1300,7429,12.34,51.51,19.99,7.5,0,90.1,1036.7,0
26.9,64.2,0.48,32.76,96,1536,11287,5.42,52.27,23.78,49.26,0,97.5,1754.0,0
35.83,68.03,33.39,10.31,285,6555,34287,7.45,58.23,19.39,97.14,0,51.2,1182.4,1
39.57,42.17,8.91,35.53,291,4074,25630,12.3,56.53,22.13,90.16,0,52.8,1683.5,1
22.58,63.49,2.94,17.71,208,3952,21995,7.69,57.54,19.98,7.33,0,29.5,1479.9,0
11.76,61.79,4.1,8.78,293,3223,18750,8.03,47.98,22.42,61.11,0,98.1,1294.3,0
22.17,74.85,28.28,17.78,185,2220,13886,8.59,48.48,19.41,145.78,0,28.0,1410.0,0
55.79,10.0,1.73,26.76,111,2442,17525,10.87,67.55,29.05,67.47,0,31.5,2161.5,1
28.27,90.85,38.89,5.07,150,3450,19398,18.23,55.07,24.42,26.36,0,70.9,1581.6,0
5.47,67.71,7.01,13.01,126,1386,8444,2.77,44.01,16.93,227.36,0,31.4,800.0,1
18.97,58.84,4.34,22.67,276,2760,17224,7.1,50.58,20.86,10.54,0,70.7,1685.2,0
31.06,40.71,6.05,9.92,93,1488,10347,4.5,52.54,22.83,3.33,0,39.3,1971.0,0
52.37,50.63,7.89,5.53,238,3332,23767,18.32,65.06,35.27,6.79,0,73.8,2270.0,1
60.57,60.2,11.91,41.65,208,1872,17573,8.44,70.54,35.47,110.57,0,39.5,2478.8,0
39.28,80.06,13.26,4.12,187,3366,20608,18.36,63.61,29.23,68.9,0,83.3,2076.9,0
16.87,77.89,8.91,10.09,63,567,5159,6.14,54.49,21.4,2.39,0,49.2,1134.8,1
15.67,64.28,8.87,11.67,228,4332,23077,16.66,53.91,19.12,92.62,0,65.6,1603.1,0
25.92,65.96,5.04,42.79,288,4032,23680,5.48,54.12,20.25,38.35,0,96.3,977.5,0
27.17,57.98,7.26,3.21,108,2376,14365,10.66,57.08,19.14,63.02,0,91.1,1376.6,1
17.26,39.76,9.44,12.07,251,4016,22336,14.58,50.0,19.37,11.29,0,83.8,1602.3,0
6.67,43.26,13.65,8.31,242,2662,15093,18.75,47.83,15.91,23.54,0,51.9,1537.7,0
35.04,69.47,2.1,8.28,166,2158,15253,7.14,59.39,17.36,222.45,0,35.1,937.5,1
16.45,65.6,21.66,31.14,255,3315,19407,5.62,56.23,23.15,9.15,0,90.4,1850.6,0
36.98,45.75,17.12,6.8,243,3888,23609,5.9,51.61,29.08,91.58,0,80.2,2386.5,0
33.79,43.66,5.32,5.73,324,2916,20227,6.96,58.51,21.28,32.1,0,67.1,1500.4,1
50.69,64.7,9.22,6.01,211,3587,23992,17.97,65.86,34.9,29.21,0,59.1,2388.5,0
62.4,50.48,44.04,13.44,179,3759,25781,18.08,67.84,38.67,50.2,0,61.9,2651.9,0
8.47,43.15,0.31,12.0,88,792,5631,7.19,48.6,18.99,136.43,0,66.8,1619.8,0
11.71,60.13,25.02,10.37,66,792,5848,9.47,46.28,17.79,38.82,0,75.3,800.0,1
57.86,65.14,10.75,8.85,343,6517,38409,16.33,67.19,36.04,18.76,0,70.3,2443.9,0
43.61,38.46,14.47,28.58,102,2040,14059,11.34,59.21,31.69,83.94,0,95.9,2415.7,0
11.13,49.92,17.31,3.74,228,2280,13792,9.46,42.36,18.94,25.22,0,60.8,1638.9,0
59.34,65.97,9.13,25.18,88,1056,12599,17.18,71.23,42.18,24.58,0,76.4,2775.3,0
7.51,78.62,3.2,5.26,232,3248,17245,1.32,44.81,17.45,138.44,0,28.1,1429.2,0
9.46,59.38,36.05,23.21,332,5644,29240,7.66,49.1,20.06,50.78,0,76.5,800.0,1
22.45,47.36,20.22,19.81,154,1232,9745,8.7,49.77,18.68,89.1,0,30.5,1767.5,0
44.36,42.55,12.3,17.79,218,2398,18278,8.01,60.58,23.25,21.07,0,23.0,1967.7,0
19.28,54.97,8.93,11.54,128,1408,9310,12.16,51.06,20.86,38.54,0,76.3,1638.7,0
33.71,54.43,10.38,9.42,219,2409,17357,14.75,58.31,24.94,7.12,0,74.0,1971.0,0
4.21,22.62,26.02,13.65,128,1280,7162,5.77,44.17,16.06,77.5,0,55.5,1131.9,0
69.78,29.56,0.19,23.94,273,3003,25217,22.11,68.15,48.1,80.44,0,81.1,2989.2,0
17.46,20.74,30.07,10.06,110,1540,10648,16.85,46.6,17.32,29.83,0,45.2,1560.7,0
34.43,55.22,0.72,8.96,313,6573,35242,6.37,58.72,23.02,46.14,0,51.0,1990.6,0
29.18,70.79,14.35,11.87,91,910,8804,10.78,61.75,22.95,13.21,0,42.8,1823.1,0
28.49,68.67,6.08,10.42,279,4743,26439,20.59,56.67,22.95,23.51,0,22.5,1987.1,0
10.8,35.81,17.01,11.05,343,5488,28245,4.6,48.6,16.12,110.63,0,47.8,1484.1,0
4.66,41.25,1.34,32.9,204,3468,16826,5.3,47.09,21.08,64.33,0,97.3,1233.1,0
16.15,35.47,12.19,7.66,221,4420,22166,13.03,45.59,17.38,8.51,0,35.6,1514.7,0
36.56,56.33,28.99,25.97,247,3705,22416,7.64,57.45,24.79,2.07,0,59.8,2019.9,0
17.9,68.88,10.24,21.21,275,4125,23378,4.23,50.53,22.62,101.52,0,75.1,1895.7,0
42.51,72.06,1.32,5.13,253,4807,27958,15.87,63.79,23.55,79.59,0,21.1,1807.5,0
41.24,44.8,0.57,7.94,150,1800,14909,17.76,62.92,28.1,58.69,0,34.7,2237.6,0
5.96,56.66,14.56,11.82,324,3240,18535,17.11,41.91,17.92,33.31,0,54.6,1616.8,0
21.66,43.84,1.08,11.75,111,2553,14477,6.19,43.72,20.54,66.5,0,45.0,1589.7,1
33.41,55.35,1.11,8.85,223,2007,15256,8.68,56.71,26.17,153.03,0,48.3,2126.2,0
14.01,45.49,8.31,22.38,116,1276,8699,6.34,48.3,16.52,6.55,0,34.9,1045.4,0
50.28,46.61,3.53,13.76,70,1470,12965,23.97,62.62,32.28,62.52,0,88.2,2357.9,0
22.38,35.17,3.43,12.72,91,2093,12340,23.38,50.18,17.81,126.78,0,53.7,1817.3,0
7.39,10.0,9.84,26.51,278,5004,25378,17.82,40.19,15.63,234.06,0,61.9,1441.0,0
50.6,49.27,4.94,7.88,239,4063,25919,7.68,63.83,36.42,102.99,0,74.3,2595.4,0
31.35,60.08,3.71,8.62,184,1656,12871,8.86,54.89,26.79,194.58,0,95.6,2128.6,0
28.09,58.06,10.84,9.64,123,2214,13795,17.19,51.19,22.9,46.99,0,75.6,1937.6,0
24.15,32.55,5.16,5.27,342,5472,30203,12.19,51.14,22.27,63.83,0,93.3,1825.1,0
9.95,21.15,1.25,12.02,155,1395,7787,13.82,44.12,18.38,33.83,0,84.2,1593.5,0
16.48,53.8,17.22,17.72,168,1848,11204,4.8,48.92,20.55,81.58,0,76.0,1670.7,0
3.08,37.61,13.21,5.7,182,3640,18133,11.13,45.85,17.03,150.45,0,70.7,1051.4,0
31.86,48.24,3.58,6.49,310,4340,26190,4.2,53.46,26.68,55.19,0,72.3,2197.9,0
20.58,37.46,13.09,12.49,293,2930,18336,5.33,51.64,19.75,30.43,0,90.1,1035.2,0
11.51,31.66,46.71,14.96,283,2264,15065,4.65,46.19,16.82,24.65,0,68.5,1082.8,1
7.82,72.56,47.02,10.5,182,3094,16040,8.31,47.43,22.39,39.92,0,88.1,1424.4,0
12.56,61.9,11.39,9.63,235,4700,23620,10.12,47.98,22.08,26.05,0,94.3,1569.4,0
15.74,54.63,1.55,27.38,252,3276,18861,9.2,48.57,18.72,108.19,0,65.5,1024.1,0
16.63,68.33,9.19,8.59,176,1408,9999,4.98,45.13,17.58,85.38,0,37.7,1539.8,0
52.84,55.26,0.41,30.2,349,6282,36469,28.92,69.78,23.91,223.25,0,70.1,1028.9,1
17.34,49.32,8.05,8.69,316,2844,17824,14.45,47.9,20.98,10.78,0,96.9,1218.6,0
17.68,79.87,36.02,16.62,101,1313,9030,5.87,47.21,20.93,81.49,0,28.8,1771.7,0
44.46,80.85,9.45,8.56,205,1845,15821,6.1,59.05,34.03,73.72,0,90.6,2339.5,0
12.08,39.86,11.99,9.42,257,5654,27768,10.34,43.31,21.93,109.49,0,89.7,1606.1,0
70.04,59.09,2.58,8.33,193,4246,28321,10.7,70.02,39.39,13.7,0,27.5,2450.1,1
16.3,57.16,0.24,18.86,278,5838,29134,10.27,44.43,17.29,158.07,0,44.1,1205.3,1
32.75,67.94,75.27,32.39,226,4068,23382,9.87,57.2,23.59,114.2,0,88.8,1579.7,1
52.88,39.11,6.19,12.96,206,4120,25871,9.01,62.96,31.51,209.59,0,68.9,2238.5,1
30.04,74.14,4.91,6.5,225,2700,18342,6.58,57.8,24.23,5.82,0,47.3,1824.7,0
4.24,41.13,12.7,17.76,174,1914,10506,5.35,47.52,18.81,4.09,0,84.2,995.1,0
20.24,52.98,20.52,29.53,161,2415,14434,5.49,51.47,16.59,2.99,0,20.3,1729.9,0
34.85,37.95,4.34,20.55,335,7705,40219,12.2,51.54,22.96,192.95,0,35.0,1942.5,0
4.88,46.98,11.14,5.31,180,3960,19294,7.42,42.64,15.71,83.87,0,61.1,1328.0,0
4.85,39.48,6.07,8.45,125,2750,13278,8.4,46.61,16.54,4.51,0,59.6,1330.5,0
52.54,40.68,9.84,7.47,192,1728,15717,12.74,64.39,38.89,100.91,0,98.5,2716.3,0
28.14,66.58,2.64,12.62,340,6120,33091,6.19,53.43,22.31,188.24,0,43.0,2016.9,0
7.75,54.34,10.7,17.19,293,2637,16459,5.02,44.12,18.68,18.5,0,25.3,1630.0,0
16.31,84.91,0.73,23.78,112,2128,12368,11.58,54.94,20.1,204.37,0,46.9,1204.5,0
25.03,51.73,27.49,15.5,264,2904,17573,6.63,53.43,19.09,1.19,0,32.3,1034.0,1
31.75,43.21,14.82,30.23,128,1024,10139,4.36,55.91,22.83,14.48,0,79.4,1527.6,1
11.76,47.14,42.58,36.95,126,2142,12213,7.08,43.16,18.81,84.6,0,48.6,1558.3,0
34.86,52.68,13.73,28.82,294,2940,19959,9.48,56.01,23.87,59.67,0,81.3,1692.6,1
33.36,59.68,3.02,8.13,78,1170,10431,17.28,59.24,20.32,132.52,0,49.2,1211.1,0
23.92,48.99,9.93,18.51,126,2016,12648,13.24,54.43,18.32,112.62,0,48.1,1837.1,0
21.25,35.67,16.39,16.95,196,4116,22341,8.49,52.59,16.26,95.35,0,23.1,1188.6,0
19.78,69.01,7.03,37.96,319,3190,20323,11.07,51.43,19.24,0.43,0,43.5,1051.6,0
30.34,73.28,12.07,80.04,242,3388,20955,20.38,59.4,24.75,93.27,0,21.7,2094.7,0
17.18,48.61,2.66,9.73,310,3410,21055,12.85,49.26,18.5,7.3,0,39.4,1246.5,1
24.52,77.29,22.52,14.05,82,1804,11585,9.14,51.53,21.59,1.14,0,35.6,1755.9,0
19.27,47.43,36.04,13.32,319,6380,32763,13.74,47.95,16.24,6.65,0,36.1,1032.0,0
21.47,70.64,5.67,25.75,68,1496,9055,8.46,57.71,22.48,3.18,0,95.8,1831.8,0
34.28,40.75,23.65,11.67,101,2020,13287,7.0,56.36,18.21,1.86,0,20.8,1563.1,1
40.13,90.6,1.45,19.08,130,2340,17242,15.9,60.6,23.68,3.98,0,29.6,1623.5,0
25.54,28.62,4.25,12.9,80,800,6592,13.87,51.63,23.82,184.69,0,96.2,1946.2,0
70.03,38.5,9.29,5.1,171,2052,19201,13.3,70.32,46.08,103.75,0,26.6,2994.1,0
24.52,87.97,7.33,12.49,197,3152,18314,6.26,57.83,20.87,9.37,0,42.1,1826.7,0
19.16,29.33,14.5,14.38,69,1380,9165,14.97,44.82,23.72,23.0,0,90.8,1814.6,0
5.31,51.29,12.42,14.94,249,2739,15586,8.15,45.46,18.63,77.1,0,71.4,1132.0,1
19.33,47.07,1.37,23.76,252,3780,20942,4.41,52.68,21.0,122.62,0,81.5,885.0,0
31.13,55.47,2.12,9.98,159,1431,11880,8.28,59.44,20.98,116.0,0,53.3,1926.2,0
56.96,58.82,0.8,6.82,126,2268,16948,8.29,64.64,31.75,70.26,0,67.6,2099.9,1
27.14,51.42,45.74,30.19,71,1136,9631,13.65,52.88,23.39,126.49,0,67.4,1679.0,1
19.41,66.11,15.55,9.78,150,3150,17031,11.57,52.02,22.77,3.92,0,63.9,1585.2,0
24.53,76.18,29.03,14.46,268,5092,27882,9.51,53.93,21.95,32.76,0,48.4,1836.3,0
62.48,46.28,11.69,13.42,102,1734,15527,11.25,68.49,41.0,35.73,0,30.5,2865.4,0
41.45,28.19,3.23,5.17,149,1192,12288,15.21,63.34,25.24,254.73,0,80.0,2092.0,0
41.83,44.88,14.78,31.1,239,3585,22837,7.64,61.1,21.99,129.32,0,40.4,1490.6,0
22.05,59.5,10.56,15.46,290,4350,24619,6.26,52.29,24.04,32.38,0,86.5,1726.8,0
48.75,57.43,7.87,18.76,61,610,8903,4.99,62.45,21.83,21.42,0,42.6,1331.6,0
9.32,68.23,6.97,27.7,226,1808,11496,3.9,49.19,16.78,61.17,0,26.5,1190.7,1
50.71,82.95,15.75,11.98,113,1243,12917,6.07,61.57,36.73,22.28,0,46.4,2812.6,0
17.63,58.17,14.43,18.61,227,4540,23032,8.07,50.47,21.38,243.14,0,67.3,1672.1,0
25.45,48.9,2.47,14.46,282,2820,19478,4.23,52.35,22.9,84.55,0,87.4,1796.5,0
17.27,44.1,25.41,21.01,216,1944,12974,12.47,48.19,19.72,63.23,0,51.3,1267.1,1
37.04,52.2,15.16,10.48,131,1703,13263,20.39,63.5,21.54,7.58,0,28.8,1848.3,0
34.16,67.77,11.51,33.68,330,7260,38824,15.9,54.31,25.34,7.51,0,25.7,2062.6,0
37.77,45.94,20.73,6.62,85,850,9904,6.13,59.83,20.2,74.29,0,57.6,1163.4,0
8.26,63.95,2.5,29.95,159,3021,15695,9.24,47.2,20.48,12.95,0,77.4,1451.6,0
13.02,38.73,37.83,31.48,228,3192,17682,6.04,43.36,17.69,43.93,0,63.1,1547.8,0
28.23,54.72,4.73,15.81,307,2763,18620,5.62,57.41,22.93,20.14,0,27.5,2116.6,0
26.46,31.76,4.57,12.56,127,1397,11879,7.89,54.02,18.7,44.89,0,36.2,1586.3,1
32.84,46.49,25.3,29.8,312,4680,27692,11.23,57.92,16.63,12.69,0,20.1,1017.1,0
8.8,77.17,6.1,23.02,173,3979,18527,3.64,47.31,21.52,30.38,0,86.8,1533.6,0
8.26,58.91,26.64,7.94,220,2200,13387,1.83,48.4,15.08,43.06,0,26.8,1407.6,0
27.8,53.0,5.96,18.22,199,1592,12445,12.38,52.77,20.31,8.55,0,67.0,1679.1,0
70.54,59.06,12.0,11.27,262,4978,31435,11.26,74.77,47.13,31.17,0,49.8,2788.5,0
10.62,62.72,3.94,16.91,112,1344,8305,3.75,45.84,15.92,149.99,0,40.3,1347.4,1
7.25,59.87,19.72,18.75,296,4144,21511,19.82,45.82,18.85,66.43,0,89.4,1392.7,0
23.75,58.43,2.74,8.08,237,2844,17972,9.91,54.15,21.94,72.35,0,68.3,1737.9,0
49.77,40.04,34.45,5.61,89,1602,13203,10.2,59.59,26.72,1.43,0,50.0,1929.3,1
46.33,32.82,6.97,9.22,287,6601,36158,7.08,64.58,26.21,13.78,0,47.1,1942.7,0
21.88,65.9,9.57,27.63,307,3991,24121,4.77,55.33,18.51,133.4,0,47.1,1195.7,1
40.36,35.37,0.36,14.1,317,5389,31136,6.46,56.59,24.34,94.25,0,61.6,1655.0,1
10.84,60.48,55.81,28.05,138,1104,8211,1.64,49.71,22.08,124.45,0,81.6,1390.8,0
51.13,70.12,25.16,37.65,263,2367,19522,14.64,59.96,32.95,36.87,0,68.8,2411.5,0
17.79,39.54,8.89,14.15,269,5111,26119,13.01,45.96,19.03,63.33,0,93.0,1080.0,1
28.65,45.16,37.94,17.53,243,4374,23219,12.4,51.39,23.23,61.66,0,49.4,2040.1,0
28.51,52.7,40.12,21.67,220,1760,14041,7.72,50.85,23.47,109.67,0,79.1,1849.9,1
31.56,41.69,11.42,3.85,218,3924,22731,14.35,50.85,19.31,53.66,0,38.2,1555.5,0
11.07,41.46,4.0,8.88,338,3380,20349,14.42,47.13,19.36,13.17,0,95.5,1454.9,0
72.42,47.0,10.02,12.73,160,1600,17534,20.06,68.21,30.44,126.3,0,25.3,1957.1,0
13.63,43.44,5.89,25.18,314,5338,28673,3.98,48.31,16.42,0.72,0,40.4,1182.0,1
52.69,62.29,8.91,5.45,232,4408,27159,7.77,69.11,35.62,20.53,0,93.5,2494.7,0
37.54,56.17,36.35,20.53,168,1848,14576,8.32,62.28,23.48,54.66,0,93.6,1211.0,0
20.37,33.3,4.97,9.53,289,6358,32282,4.54,52.71,17.36,60.15,0,24.3,1607.2,0
7.47,80.92,27.39,18.11,252,3276,18064,2.43,46.7,19.23,116.47,0,80.4,1393.8,0
20.29,50.52,41.07,10.41,69,1518,9016,9.38,53.42,19.57,15.25,0,67.9,1672.9,0
7.82,53.96,24.53,11.15,281,6182,29502,8.4,46.9,18.26,7.52,0,36.7,1755.5,0
17.83,47.15,11.24,9.74,181,1629,10923,4.92,47.25,19.53,257.72,0,49.8,1650.2,0
13.38,54.83,12.45,10.44,181,3620,19256,8.87,44.59,19.75,34.65,0,91.7,1257.3,1
6.86,41.4,25.69,27.11,343,2744,18014,9.89,43.02,19.07,26.78,0,88.9,1429.0,0
16.13,34.7,0.68,7.01,139,2919,15227,5.14,46.43,17.3,76.5,0,38.4,1578.5,0
54.69,50.02,19.97,5.66,63,504,9637,17.82,66.88,37.33,178.94,0,44.2,2819.4,0
14.45,76.52,11.29,6.39,176,2992,16464,15.12,48.93,17.78,117.08,0,36.9,1191.1,0
17.0,63.45,7.59,9.5,244,2440,14855,3.88,50.9,20.9,82.13,0,52.1,1735.1,0
7.5,73.27,21.85,12.11,255,4590,23515,6.23,45.03,20.28,23.03,0,96.1,1075.7,0
34.02,46.37,4.64,14.44,82,902,9002,17.1,60.0,24.42,109.67,0,72.2,1953.7,0
21.29,42.75,33.88,12.14,311,2799,17802,20.28,48.98,19.71,18.87,0,34.1,1456.7,1
26.18,47.27,17.49,8.91,138,1656,11720,8.94,51.82,20.24,139.19,0,96.2,1344.3,0
27.12,62.71,14.13,42.25,136,1632,12300,9.17,51.51,21.91,57.25,0,64.3,1187.9,0
20.91,70.3,11.11,18.7,316,5056,27840,12.16,53.11,20.36,85.18,0,58.8,1739.1,0
51.06,50.85,3.59,8.22,83,1162,12282,13.19,61.4,34.77,40.94,0,61.5,2670.1,0
16.79,33.93,14.39,12.93,124,992,8119,12.1,44.86,17.01,74.54,0,77.0,1226.8,0
44.0,69.61,19.36,24.85,264,5808,31714,9.33,65.89,25.69,18.48,0,93.6,1693.6,0
12.02,71.65,0.18,9.36,243,3402,19002,6.09,48.29,16.53,116.29,0,23.1,1349.8,0
35.56,62.67,6.85,11.39,238,5474,30707,13.58,55.5,28.02,33.54,0,90.6,2075.9,0
4.73,76.43,26.8,10.04,345,6210,29952,3.43,47.24,15.24,66.36,0,22.7,1325.9,0
17.91,26.26,15.0,25.83,64,1472,9262,9.76,49.13,19.16,33.94,0,63.5,1605.7,0
32.2,41.15,14.33,16.75,297,6534,34808,13.72,54.69,22.27,43.65,0,72.2,1734.9,1
21.29,55.31,3.89,8.78,306,3060,19476,5.29,52.95,24.6,367.1,0,98.2,1489.0,0
66.46,39.13,15.0,47.04,267,4539,30692,10.45,69.66,28.32,7.17,0,89.0,1571.8,1
29.8,68.76,23.14,7.17,208,2080,15681,3.83,51.94,20.43,78.96,0,36.3,1509.9,1
25.14,37.36,7.71,12.87,285,5130,28955,13.27,52.25,17.74,88.12,0,21.4,1478.7,1
29.54,75.17,3.02,26.81,297,3267,21382,13.43,57.64,22.35,70.88,0,59.5,1753.2,1
28.0,42.27,1.21,12.13,173,3806,20813,16.34,52.93,21.49,115.04,0,66.4,2103.0,0
17.82,76.0,10.57,10.71,293,2637,17315,4.76,51.45,20.52,14.48,0,77.0,1000.8,0
18.77,42.64,17.27,16.93,186,2976,16586,2.53,51.96,16.51,24.45,0,65.3,1024.6,1
37.5,19.56,2.66,14.38,129,1677,13383,13.33,53.0,22.03,150.1,0,30.2,2123.5,0
30.92,57.12,8.21,7.93,282,4794,26620,5.4,53.16,24.48,315.24,0,88.1,1916.3,0
8.94,65.22,12.61,19.93,193,4246,20316,4.62,47.22,16.92,3.18,0,56.5,1104.2,1
30.34,39.43,2.54,7.95,308,6160,33005,7.64,55.07,18.3,7.27,0,34.6,1250.6,0
17.65,78.78,4.72,5.68,103,1854,10168,18.31,50.44,20.31,209.79,0,77.8,1382.8,1
27.69,75.53,14.06,14.78,148,1924,13886,8.98,56.1,25.78,2.36,0,84.5,1892.7,0
22.82,52.35,19.37,7.81,286,4576,25443,4.66,52.61,21.39,37.46,0,97.1,1547.7,0
6.88,59.78,15.16,13.48,312,2808,17281,7.44,46.29,18.91,32.55,0,21.1,1558.6,0
34.99,55.23,18.76,16.68,126,1638,13100,7.63,59.09,24.61,9.19,0,29.3,2061.8,0
49.13,64.83,13.07,14.83,311,6531,37089,6.57,68.82,26.48,148.17,0,92.2,1541.0,0
54.23,67.77,27.1,86.71,126,2016,16614,14.34,67.58,33.11,4.83,0,44.0,2224.0,0
11.59,30.15,26.29,32.07,193,2702,15066,7.52,45.16,16.71,55.84,0,30.0,1266.6,0
18.27,80.15,23.86,18.64,68,1224,8350,9.02,56.53,20.65,31.02,0,92.0,1112.6,0
13.68,72.81,12.85,18.01,284,4544,23641,13.78,49.26,23.95,19.06,0,72.4,1310.0,0
15.57,39.31,77.07,21.8,327,2616,17162,5.59,51.23,17.81,64.37,0,48.8,1256.1,0
23.53,76.78,0.6,13.42,125,2000,12560,5.58,53.32,21.44,39.82,0,59.7,1573.2,1
22.84,83.66,3.27,12.73,90,1170,8964,7.08,49.44,24.11,30.21,0,91.0,1456.4,0
50.69,29.28,24.82,13.04,227,4994,29591,10.7,63.42,28.12,26.72,0,79.3,1869.8,0
13.97,65.31,26.26,10.14,164,2132,12607,5.42,48.91,18.81,78.49,0,57.4,1724.4,0
46.43,68.78,25.62,45.42,81,972,11450,7.43,64.8,29.81,60.93,0,92.7,1817.1,0
32.38,60.47,30.92,7.36,308,5852,32582,23.15,59.46,25.63,61.97,0,95.0,1815.7,1
51.12,72.56,8.24,24.07,184,1656,16428,11.72,68.83,34.17,18.23,0,76.7,2371.0,0
26.94,57.99,40.29,22.0,267,3471,20465,18.16,50.09,23.4,57.89,0,89.6,1288.0,0
18.44,62.42,3.52,20.51,159,1272,9962,10.47,49.6,23.26,52.59,0,70.6,1719.1,0
3.03,26.5,41.46,14.03,252,5040,24123,8.87,41.66,19.39,99.76,0,77.6,1039.2,1
13.3,45.15,12.2,7.94,311,2488,15694,8.28,49.25,20.49,63.97,0,87.4,1505.3,0
12.44,73.98,2.68,17.83,172,2408,14113,16.16,45.38,18.32,39.98,0,35.7,1516.5,0
16.67,44.56,19.98,17.83,99,792,7635,2.65,47.33,14.86,96.59,0,27.4,1311.4,1
24.84,54.15,5.26,56.17,70,1540,9634,7.45,51.97,19.45,20.74,0,22.3,1641.0,0
39.37,38.06,3.74,20.19,100,2300,15337,13.96,59.83,22.9,2.04,0,40.7,2114.2,0
41.52,45.04,2.83,16.27,63,1197,9971,17.22,61.56,27.1,82.63,0,40.7,2479.8,0
26.55,60.08,0.45,13.83,62,744,7254,9.49,54.33,24.11,51.63,0,91.4,2070.2,0
8.75,52.92,21.7,10.81,256,3328,17875,6.16,47.46,17.27,17.56,0,62.1,1322.5,1
28.31,27.73,10.0,16.03,221,2431,16666,8.98,48.69,21.19,39.44,0,48.1,2068.9,0
24.69,43.66,57.76,19.86,135,1620,12176,6.29,51.68,24.34,135.87,0,73.0,1476.7,1
27.17,75.9,8.68,8.69,112,1008,9404,8.29,63.27,22.26,83.55,0,64.6,1449.1,1
50.45,71.05,27.81,10.32,306,5202,32001,13.36,63.87,35.77,20.57,0,70.0,2502.1,0
8.56,55.48,51.67,8.07,63,882,5480,11.47,45.58,18.33,58.88,0,50.0,1218.0,0
23.02,60.04,0.34,18.29,262,4978,27011,10.77,52.6,23.99,12.65,0,59.3,1945.1,0
8.04,45.3,1.67,26.81,133,2261,10903,13.04,42.44,17.61,14.63,0,42.4,1462.4,0
17.1,75.78,6.41,2.69,333,2664,18034,3.52,50.25,20.5,8.48,0,77.5,1423.3,1
8.42,51.06,30.62,11.24,166,1494,10017,9.55,44.41,18.3,16.7,0,50.9,1339.3,1
29.67,36.53,27.3,40.08,343,5145,29034,12.5,52.87,23.68,32.27,0,77.9,1962.6,0
44.34,29.47,6.85,21.35,244,4148,25470,17.5,61.42,28.04,305.14,0,82.3,2311.4,0
30.11,28.88,3.35,17.25,133,1197,10627,7.53,54.88,18.35,15.96,0,37.1,1596.4,0
7.18,43.11,24.32,6.67,285,2280,13340,6.15,44.77,17.35,226.34,0,25.2,1515.1,0
20.4,79.71,13.63,23.1,306,3672,21225,4.71,49.17,19.23,19.87,0,43.5,1425.2,1
16.31,95.1,0.48,13.11,153,3519,17175,6.38,55.86,23.02,26.71,0,60.8,1502.9,0
3.86,71.03,24.46,21.54,92,828,5393,6.9,43.5,21.1,7.99,0,96.9,1416.3,0
56.68,28.85,47.18,52.56,251,4267,28237,16.54,60.49,31.58,292.88,0,84.2,2124.3,1
54.83,38.27,0.64,6.21,206,2060,17736,11.53,63.64,35.48,70.95,0,38.8,2578.4,0
11.71,38.35,5.05,32.48,317,4121,22872,7.08,44.93,18.56,20.09,0,86.4,1510.5,0
36.45,50.71,25.68,11.42,269,3497,22613,7.59,50.8,24.68,37.64,0,37.7,2081.4,0
24.76,42.38,13.18,28.71,248,2480,16913,6.98,53.58,18.85,58.16,0,36.0,1906.2,0
23.05,64.34,68.14,9.53,117,2457,15049,6.96,50.07,19.79,77.53,0,42.3,1112.1,0
72.16,50.72,37.07,7.54,205,4715,30875,8.98,74.77,35.99,20.02,0,48.4,1979.3,0
33.86,68.12,2.95,21.32,232,4640,25352,14.77,57.19,23.94,30.64,0,50.2,1640.0,1
13.52,63.93,16.81,5.0,302,5134,27036,7.46,48.02,17.28,49.98,0,23.6,1257.0,0
21.85,74.66,15.89,8.55,138,2346,14975,3.88,52.45,23.03,72.03,0,65.4,1771.1,0
20.35,44.05,1.76,8.56,210,4200,21762,6.88,46.2,22.07,77.01,0,97.5,1774.9,0
34.66,69.3,1.41,9.02,191,3820,21941,9.4,57.19,25.82,268.53,0,87.6,1775.6,1
17.45,43.69,12.64,19.65,157,3454,17645,4.96,43.72,18.9,78.95,0,68.1,1355.0,1
38.75,54.18,7.74,18.55,339,3390,22947,13.12,63.69,27.47,75.66,0,84.0,1766.0,0
28.89,42.48,11.83,12.65,71,994,9937,8.28,55.13,23.26,7.09,0,81.4,1908.8,0
2.77,60.31,4.09,8.48,344,7224,34269,2.15,44.9,17.91,52.42,0,41.2,1601.4,0
9.84,74.88,12.2,12.17,321,4173,21954,10.9,45.5,18.17,68.09,0,43.7,1186.6,0
13.81,72.56,7.25,6.21,170,3740,18431,11.41,45.86,20.22,46.94,0,80.1,1635.2,0
22.13,60.39,32.78,6.19,145,1160,8729,5.79,47.69,17.99,36.56,0,26.4,1499.1,1
12.74,52.89,5.48,8.62,310,6820,33711,7.27,52.04,19.32,4.68,0,92.2,1344.2,0
11.01,54.73,30.7,5.53,91,1092,7374,19.14,47.15,21.09,95.02,0,91.3,1656.9,0
39.15,77.91,7.41,14.32,148,2664,17036,5.39,63.47,25.93,29.09,0,58.0,1912.6,0
42.27,42.38,12.95,18.8,341,4774,29290,10.05,62.99,30.51,61.92,0,75.8,2310.5,0
23.08,61.99,5.06,13.25,278,3614,21777,17.89,57.13,18.63,38.02,0,28.7,1818.5,0
21.44,71.87,24.84,6.76,258,2838,18423,12.0,54.88,21.04,13.07,0,63.4,1724.1,1
21.53,54.86,27.83,9.99,94,752,6667,13.94,55.36,22.34,68.78,0,97.7,1549.6,1
55.3,68.9,24.84,22.86,86,1548,14788,11.81,67.49,42.01,24.4,0,94.8,2757.3,0
11.48,88.26,15.32,26.58,222,3108,17229,7.39,49.03,18.5,61.5,0,37.3,1518.4,0
66.04,53.61,5.45,6.37,77,1540,14757,18.34,68.77,41.14,38.43,0,74.8,2573.1,0
16.44,51.18,15.18,17.16,75,1725,10702,11.33,46.76,18.11,31.43,0,46.6,1610.0,0
19.88,58.32,48.1,8.03,218,2398,15156,18.14,54.09,18.6,24.31,0,53.5,1093.9,1
19.91,62.35,15.68,26.76,289,6069,30807,4.17,52.04,19.98,91.22,0,81.8,1614.5,0
11.73,75.0,46.99,27.65,301,3311,19092,3.89,45.17,21.31,73.31,0,93.5,1414.9,1
5.99,73.87,5.45,2.95,349,4188,23339,4.86,45.84,19.4,66.75,0,40.5,1168.3,0
18.37,59.94,28.06,7.47,188,2632,15830,6.37,49.93,20.3,238.01,0,87.8,1473.1,1
25.42,25.49,19.01,16.89,132,2640,16041,9.41,48.07,21.96,28.45,0,94.8,1806.8,0
48.44,33.26,25.66,3.45,255,4845,28736,8.47,66.58,24.2,96.59,0,76.8,1471.9,0
20.27,69.55,18.61,31.75,187,2992,16290,4.94,50.46,20.59,45.23,0,49.9,1759.6,0
24.32,45.56,9.82,16.64,79,869,7995,11.47,54.31,23.05,93.21,0,77.6,1788.1,0
21.11,70.65,17.4,5.15,268,5360,28165,3.23,54.14,24.13,9.62,0,75.1,1744.7,0
41.18,67.37,40.34,23.73,231,5082,28229,6.26,62.54,32.25,61.29,0,73.1,2647.8,0
20.82,52.22,8.11,23.84,264,2112,14780,5.27,52.47,22.97,13.0,0,99.3,1742.8,0
34.05,42.63,45.47,18.44,308,6468,35116,6.12,60.53,23.57,73.34,0,54.2,1835.8,1
17.04,52.46,0.76,16.9,244,2440,15157,7.33,50.19,18.99,72.42,0,30.1,1695.0,0
26.02,58.04,0.21,21.62,225,3150,18623,7.25,47.89,22.65,144.53,0,36.2,1988.7,0
46.37,34.25,10.21,6.65,331,5627,33128,11.0,56.89,26.41,19.33,0,83.0,1557.2,0
21.18,68.93,28.31,14.32,214,3638,20017,10.76,52.57,22.07,60.19,0,58.1,1541.1,0
6.01,65.52,4.27,7.87,288,6336,30313,14.94,45.12,17.04,4.59,0,28.7,1270.9,0
29.78,57.81,17.73,24.94,267,3738,23201,15.65,54.83,18.94,27.59,0,22.4,1434.5,0
20.3,57.86,11.87,12.44,139,1251,9007,12.45,49.0,21.8,89.31,0,54.2,1745.7,0
21.9,76.33,5.15,3.25,193,3474,18729,10.93,47.19,20.21,11.49,0,80.4,1094.3,0
28.88,44.02,5.05,5.04,88,1144,8844,13.0,51.05,19.88,700.27,0,35.1,1785.4,0
45.37,49.65,1.14,12.06,157,2826,19550,10.37,59.11,18.81,0.19,0,22.0,1013.3,1
14.13,55.94,11.52,8.8,168,3192,16751,2.92,46.97,21.98,11.02,0,97.4,1551.5,0
24.67,46.3,8.97,9.02,159,3657,20276,8.34,52.76,16.68,91.7,0,30.3,1410.4,1
32.35,53.09,5.13,7.76,341,6138,33127,6.19,53.11,21.61,7.66,0,35.5,1494.3,1
38.7,31.37,52.82,7.4,85,1530,11748,11.2,56.46,23.71,18.23,0,72.8,1690.9,1
14.44,49.29,25.6,15.24,305,6100,30155,8.71,46.05,19.06,198.99,0,52.5,1399.8,0
23.04,53.19,11.17,19.12,340,3400,21725,6.83,49.9,19.88,3.18,0,94.0,1081.5,0
10.49,43.77,11.06,14.27,229,4580,23979,9.25,47.05,20.22,3.61,0,95.2,1484.4,0
23.03,74.41,3.23,18.15,235,4465,24433,12.61,51.12,21.63,112.85,0,73.9,1833.9,0
31.08,61.56,15.71,12.65,61,1037,8618,9.85,55.67,23.96,18.51,0,54.7,1860.4,0
11.68,53.36,46.07,4.82,164,3772,19685,16.8,45.53,16.49,109.73,0,33.1,1471.3,0
36.27,46.03,34.28,29.91,151,2114,15003,12.72,54.86,27.95,68.0,0,27.2,2590.2,0
36.45,31.9,1.33,28.76,316,6952,36845,6.36,52.08,26.05,179.26,0,74.9,2216.4,0
26.77,44.76,0.82,17.71,193,1544,12838,10.16,54.66,21.59,21.58,0,21.3,1948.0,0
4.94,56.0,48.76,5.82,99,891,5953,8.49,48.47,17.35,95.33,0,69.6,846.4,1
31.6,53.93,3.35,5.03,316,4108,23988,10.44,55.75,23.9,4.78,0,63.4,1749.1,1
7.4,43.75,11.99,7.84,74,1406,7744,9.65,41.16,16.99,34.27,0,49.5,1487.4,0
31.58,80.07,1.16,44.29,252,4032,23420,12.65,54.28,23.65,7.52,0,25.4,1660.8,1
27.51,71.44,27.8,15.24,84,756,7371,8.3,54.99,24.49,96.87,0,100.0,1728.0,0
27.01,48.43,1.88,12.34,137,2603,15845,7.48,52.19,23.9,65.83,0,77.9,1873.1,0
6.17,63.77,15.48,13.14,130,1430,8912,7.2,47.91,18.74,93.75,0,76.9,1200.8,0
26.39,74.45,0.87,9.65,349,6980,35938,6.72,56.52,22.45,108.62,0,78.9,1386.7,0
34.84,60.22,2.56,11.75,326,5868,33026,11.82,56.7,22.09,9.18,0,81.4,1602.4,0
12.86,52.51,10.77,12.9,63,1260,6750,5.17,47.78,17.93,63.19,0,25.1,1663.5,0
41.06,27.8,0.7,8.62,115,1380,11428,14.27,62.16,26.64,14.71,0,29.7,2135.7,0
10.72,53.99,3.27,5.89,163,1467,9911,4.13,51.18,17.12,120.37,0,65.1,1061.0,1
29.21,43.64,2.2,13.0,210,3150,19237,15.02,53.2,21.63,2.5,0,41.8,1329.2,1
50.82,46.09,0.62,7.68,339,6441,37742,8.97,63.47,30.93,298.62,0,89.9,2286.7,0
22.78,50.2,53.11,23.31,63,1386,9120,9.89,51.74,21.63,7.2,0,97.4,1288.1,0
6.41,51.69,8.97,16.36,313,3130,18347,7.52,43.01,17.93,38.69,0,81.6,1214.8,1
39.89,49.35,29.38,11.44,155,1705,14954,11.82,60.82,20.27,97.58,0,25.4,1519.5,0
27.46,34.99,6.65,7.92,239,3824,22567,7.52,49.94,20.24,177.0,0,57.9,1789.6,0
57.5,28.77,0.65,18.34,289,4913,30578,14.56,60.06,28.74,15.04,0,57.3,2047.2,1
14.4,67.35,17.84,18.78,119,1428,10023,7.02,48.19,20.61,172.84,0,60.8,1501.2,0
34.24,80.48,0.59,9.26,221,2210,17141,11.5,59.62,28.78,91.49,0,73.8,1812.8,1
39.04,56.56,12.07,15.09,346,7958,41661,15.37,64.27,25.92,172.69,0,29.8,2207.0,0
8.22,38.57,2.25,7.28,95,1330,8308,3.58,44.21,17.75,106.51,0,74.7,940.4,1
16.57,69.85,16.67,13.45,145,3045,17117,8.84,55.12,23.53,111.21,0,83.7,1642.1,0
11.61,86.07,33.48,7.46,94,1692,9772,8.54,45.0,18.9,63.11,0,37.4,1124.3,0
46.56,73.2,46.77,9.08,229,4122,25461,11.0,61.7,33.88,112.8,0,56.0,2495.2,0
27.95,75.18,11.25,20.45,74,592,6767,6.49,57.41,19.43,107.7,0,23.2,1419.9,1
35.75,37.48,11.41,24.75,115,2300,15162,9.95,57.36,22.99,147.79,0,25.8,2084.6,0
41.81,46.54,0.59,5.29,289,6647,35447,18.23,56.77,22.77,23.56,0,59.0,1481.0,0
2.79,73.11,22.04,11.11,195,1950,10635,6.01,42.97,21.2,41.44,0,85.5,1339.3,0
59.37,36.89,46.92,18.29,287,3157,23938,22.75,66.22,29.28,135.85,0,40.1,2041.5,1
14.51,46.7,8.65,6.51,281,4215,23296,9.23,51.03,18.66,168.84,0,63.6,1169.9,0
42.91,57.84,23.68,9.6,302,3926,26275,16.75,58.86,25.52,74.71,0,27.8,1552.1,0
50.19,63.07,23.95,16.91,82,1722,14451,10.25,60.83,35.78,87.38,0,82.0,2400.6,0
5.97,50.87,23.11,8.82,294,2940,16898,4.35,42.83,19.85,60.49,0,96.1,963.7,1
44.08,55.15,21.32,5.49,209,4389,25674,14.45,59.23,30.81,41.61,0,46.1,2530.4,0
20.3,57.48,3.63,9.97,95,1710,9994,9.35,49.37,19.48,160.23,0,90.0,1763.5,0
31.48,51.59,20.88,10.73,226,4068,23838,7.3,56.52,21.83,326.31,0,25.9,1535.6,1
26.23,47.46,2.34,31.01,151,2416,15333,6.05,54.22,18.05,51.51,0,42.2,1171.2,1
6.44,53.17,18.7,50.04,97,1940,10574,6.98,43.4,17.5,106.9,0,61.3,1312.0,0
42.01,46.88,0.1,14.9,208,3952,24014,10.84,56.02,29.16,6.12,0,55.4,2206.0,0
52.32,68.39,37.67,12.9,337,7077,39482,17.46,62.37,29.83,11.0,0,35.5,1907.2,0
26.24,59.58,26.35,6.26,313,4695,26472,12.87,48.18,23.69,6.46,0,84.7,1831.6,0
3.57,53.9,17.23,5.27,322,5474,26805,11.52,41.75,19.07,175.21,0,34.6,800.0,0
22.99,51.42,1.49,24.46,80,1440,9085,5.1,51.44,21.46,70.73,0,42.5,1777.8,0
42.04,70.65,26.14,5.04,231,4620,27460,8.61,58.47,21.91,0.33,0,37.7,1739.8,1
49.52,49.48,31.21,18.11,194,1552,15118,7.46,61.46,31.55,23.14,0,26.9,2458.8,0
22.1,65.88,17.47,51.0,128,2432,15108,5.5,54.95,20.83,29.14,0,37.4,1754.1,0
11.68,72.78,55.87,6.6,206,2472,14559,12.78,48.39,18.36,16.45,0,40.9,1656.4,0
37.35,62.39,1.46,3.86,148,2664,16561,14.52,56.35,22.72,38.21,0,36.8,1706.0,0
43.26,30.81,18.5,16.25,68,1564,12435,10.62,54.71,25.46,46.0,0,20.3,2273.2,0
54.4,48.64,11.16,26.35,111,2220,16825,8.25,61.52,34.52,181.13,0,77.3,2524.7,0
39.79,42.18,2.36,6.73,230,1840,15171,10.75,55.54,27.48,74.74,0,61.5,2439.4,0
24.61,37.06,16.11,21.66,294,4998,26470,12.56,48.64,19.14,83.1,0,62.4,1819.5,0
11.16,71.37,24.11,25.75,330,5280,26762,9.96,47.66,20.78,3.74,0,61.4,1257.1,1
7.99,60.68,2.7,15.32,159,3339,17644,14.77,47.1,20.43,96.37,0,66.6,1225.3,1
35.33,16.53,23.66,9.6,141,2961,17710,11.33,55.41,19.54,111.41,0,46.9,1637.9,1
21.63,54.83,1.46,19.78,250,2250,15414,11.26,49.55,20.82,87.31,0,72.3,1488.1,0
48.85,45.05,13.43,8.91,337,6066,34825,7.43,58.16,26.64,11.35,0,90.8,1807.3,1
39.23,68.9,24.03,11.86,258,5934,31439,11.26,56.36,21.8,2.15,0,32.3,1247.3,1
15.31,45.09,2.37,9.79,120,1320,8779,4.42,48.74,18.64,13.37,0,84.7,1210.2,1
54.29,59.75,12.71,14.42,249,5229,31499,13.27,68.16,36.42,1.32,0,96.5,2474.8,0
41.78,59.59,8.3,13.54,321,2568,19865,9.78,59.69,25.34,212.75,0,42.5,1742.8,1
34.23,42.69,14.02,12.0,72,792,9492,4.46,56.96,23.84,298.52,0,51.3,2088.0,0
36.53,39.89,8.28,10.54,243,3888,23072,6.89,55.62,18.43,13.92,0,37.8,1393.3,0
57.39,85.41,4.33,17.41,293,5567,33633,12.77,68.67,31.8,150.56,0,97.0,1922.5,1
30.25,60.88,4.39,7.86,262,6026,30843,5.29,53.3,24.15,104.95,0,36.5,2162.6,0
24.68,55.76,30.0,7.49,73,1241,9162,11.13,54.74,21.49,5.27,0,64.7,1631.9,0
27.13,73.15,2.55,24.08,96,2112,13825,5.41,60.96,23.74,197.92,0,88.9,1691.1,0
44.29,81.36,1.97,21.28,73,876,10197,19.0,59.21,25.39,108.67,0,34.1,2074.2,1
26.63,77.52,1.53,8.04,171,2052,12720,11.53,51.35,21.26,31.88,0,88.0,1480.0,1
27.55,34.38,1.16,7.75,209,1881,14287,12.73,52.78,17.34,35.4,0,34.1,1887.8,0
8.88,55.49,0.22,8.01,346,5882,29414,14.34,44.39,19.85,234.83,0,58.8,1596.7,0
5.65,50.84,2.62,4.02,141,2538,12514,16.36,44.39,17.64,418.76,0,22.1,1377.9,0
17.86,83.43,3.21,21.47,211,4431,23309,6.56,48.84,19.35,232.41,0,65.9,1407.1,0
17.18,65.68,4.71,15.13,339,4407,25153,10.36,52.49,18.81,32.84,0,61.1,1581.5,0
42.8,35.57,1.99,7.11,219,1752,15493,6.25,56.55,29.7,44.8,0,77.1,2539.5,0
13.75,27.38,1.48,18.63,241,4579,23673,3.2,46.65,18.41,7.19,0,85.4,1116.9,1
21.59,79.32,11.7,20.71,93,1581,10878,5.66,50.92,23.59,12.4,0,97.9,1432.4,0
42.03,54.81,19.02,11.82,176,3344,21702,8.73,66.82,28.2,237.48,0,76.8,2010.2,1
27.8,54.43,14.92,15.98,347,2776,19678,10.26,54.05,20.66,45.88,0,66.3,1588.9,1
16.05,49.84,12.2,15.78,186,2046,13389,7.64,49.1,20.48,61.16,0,85.7,1653.8,0
3.81,42.53,8.71,12.08,263,5523,26879,9.17,40.32,17.73,52.31,0,85.3,1426.0,1
27.91,55.59,15.08,12.4,100,1400,11751,14.79,49.67,24.86,39.65,0,90.8,2087.1,0
39.61,67.1,34.82,15.17,93,1116,10138,13.59,64.31,27.6,0.68,0,90.1,2104.7,0
44.67,54.58,14.81,13.79,106,1060,11999,15.93,60.88,28.06,9.46,0,76.8,2000.8,1
55.15,70.71,0.94,9.35,79,1264,12760,19.33,66.47,37.25,5.41,0,76.5,2409.3,0
39.83,65.32,12.67,8.75,331,5296,32140,13.28,59.88,27.32,35.27,0,39.9,2303.0,0
48.59,68.54,11.14,31.76,165,1650,14849,8.87,64.31,27.81,73.99,0,23.7,2006.0,1
11.14,57.75,9.02,9.72,239,5019,25305,8.43,49.75,19.17,20.51,0,62.9,1437.6,0
62.79,52.55,12.62,5.65,227,4767,30089,23.99,70.22,34.25,44.4,0,48.5,2107.2,1
42.46,37.74,16.75,24.71,60,960,9740,14.85,52.44,28.05,90.04,0,46.3,2404.7,0
41.71,69.78,0.57,11.88,322,3220,22092,14.11,66.13,31.88,14.44,0,58.2,2535.8,0
31.16,58.84,9.81,11.65,282,3666,22640,8.48,59.53,25.99,51.47,0,85.5,2025.5,0
16.71,51.18,25.49,11.78,292,6132,30847,5.95,49.92,19.21,104.93,0,76.4,1580.5,0
12.76,37.96,11.35,25.88,337,3033,18594,3.23,45.53,15.13,215.37,0,36.5,1155.8,0
13.41,74.02,1.05,6.79,75,1650,8941,3.17,46.52,18.09,79.89,0,33.6,1668.8,0
31.22,54.79,22.38,23.54,337,7751,39962,8.85,54.36,23.35,2.59,0,99.5,1256.0,0
31.97,83.24,42.54,14.87,321,7383,38201,10.13,56.89,22.74,47.4,0,72.2,1321.5,1
50.46,23.93,28.64,21.15,176,1584,15284,7.94,66.24,28.41,78.84,0,74.5,2080.8,1
38.71,59.69,6.75,9.28,297,3861,24842,8.76,55.46,23.94,36.47,0,83.2,1358.0,0
50.06,34.64,11.48,60.93,60,1140,11515,9.19,58.17,19.63,64.78,0,63.7,1171.0,1
19.53,44.01,13.42,11.39,61,732,7134,3.99,48.17,21.42,3.42,0,49.0,1644.0,0
31.6,50.85,18.87,11.74,278,3336,21149,5.53,55.78,21.5,60.24,0,64.3,1601.2,0
64.3,64.36,16.45,7.06,129,1806,16503,10.52,69.35,30.74,5.24,0,71.2,1802.2,0
9.82,59.08,3.33,11.28,253,2024,13309,1.95,50.3,17.77,172.83,0,59.7,999.7,0
16.41,46.78,27.78,7.27,96,1248,8569,5.34,51.52,19.43,41.07,0,68.4,1219.4,1
60.19,44.97,28.38,44.64,261,4176,28439,22.62,69.2,35.11,70.07,0,96.0,2147.8,1
38.58,29.27,7.77,4.14,76,1444,11463,13.94,55.89,21.33,7.8,0,52.5,1645.9,0
55.6,45.82,2.1,3.03,204,2448,19207,9.75,65.87,36.57,56.75,0,71.5,2567.5,0
18.35,43.84,14.07,8.71,65,1105,7255,6.75,48.14,20.41,29.97,0,75.7,1663.7,0
9.62,72.86,6.63,15.18,271,4607,23966,11.03,47.32,18.66,50.87,0,62.7,1525.9,0
20.56,49.03,20.29,27.49,333,7659,38241,9.06,49.88,17.1,30.56,0,21.5,1618.0,0
57.58,49.16,5.69,13.22,196,2744,21449,13.38,65.72,41.48,14.69,0,98.7,2802.4,0
59.59,58.15,4.58,9.98,91,910,12534,8.88,69.89,30.42,11.05,0,49.0,2048.3,1
21.03,75.5,30.34,12.23,204,3468,19169,3.03,55.51,21.01,0.63,0,71.3,1238.9,1
50.95,75.19,14.35,19.36,108,2160,16384,8.55,68.61,34.62,25.85,0,89.8,2494.9,0
47.76,90.87,1.35,6.04,200,3000,20241,19.95,65.74,35.27,38.66,0,85.4,2395.7,0
33.28,33.99,17.54,22.0,60,1080,9066,7.98,54.6,25.34,167.36,0,67.3,1970.1,0
17.09,57.46,20.96,3.98,97,776,6018,13.55,50.77,20.49,81.99,0,77.4,1845.7,0
32.6,53.44,4.02,10.52,295,5605,30100,15.38,59.84,22.94,34.22,0,39.8,1702.8,1
3.79,27.65,51.47,11.48,97,1940,10695,13.7,39.61,18.97,146.11,0,49.8,1417.1,0
21.15,37.5,7.0,5.17,95,1615,10216,8.6,49.83,18.28,25.52,0,98.8,913.4,1
27.61,68.65,42.35,12.43,261,3654,22044,20.09,52.94,23.75,8.09,0,82.2,1206.9,0
10.27,62.9,5.21,9.37,158,3476,18007,2.19,44.36,18.09,59.5,0,35.5,1605.9,0
19.43,62.79,14.09,14.09,341,4433,25345,5.28,47.93,20.48,133.16,0,93.1,1951.4,0
15.16,61.71,10.93,14.48,227,4086,21021,3.48,50.37,21.37,78.82,0,62.2,1764.7,0
13.24,29.73,72.72,15.23,259,5439,28323,9.14,48.5,17.79,10.55,0,89.7,1408.5,0
54.77,38.53,7.87,8.98,242,4114,26449,17.75,64.18,30.2,16.43,0,74.1,2053.1,1
52.68,46.96,2.96,13.34,312,4056,27346,7.35,62.01,32.26,87.5,0,73.9,2268.6,0
22.21,67.45,26.87,25.2,61,488,5492,5.51,53.36,22.57,27.5,0,21.6,2044.0,0
27.61,56.98,0.64,19.65,149,1341,11026,15.21,57.66,22.74,40.32,0,89.4,1737.2,1
33.87,68.56,32.44,14.61,153,1989,14959,11.42,62.04,27.03,12.11,0,57.6,2218.8,0
22.71,84.34,1.76,6.82,124,1116,8882,7.93,51.16,17.29,3.74,0,22.1,1101.5,0
20.08,31.17,12.73,2.57,153,1683,11224,7.23,46.96,16.94,92.03,0,59.9,1277.9,1
24.42,53.21,18.75,3.7,72,936,8165,8.07,49.59,21.86,1.52,0,97.5,1238.1,0
4.04,53.28,6.15,17.88,292,2628,15397,11.13,41.15,17.45,41.9,0,76.1,1120.9,1
24.08,42.57,27.94,7.53,208,2704,17150,5.18,48.43,19.64,39.3,0,87.7,917.9,1
33.63,61.6,13.51,5.65,120,2640,16674,7.98,58.15,23.13,54.57,0,24.5,1771.8,1
13.47,97.83,7.54,8.23,99,1881,10353,9.03,56.07,21.54,11.7,0,91.7,1473.3,0
19.05,40.78,5.9,11.23,150,2700,15182,19.53,52.7,17.74,9.82,0,31.2,1812.6,0
29.18,64.03,1.78,12.81,256,4096,23926,21.34,57.8,27.57,209.83,0,97.1,2009.5,0
53.27,39.32,15.34,7.85,72,1512,13836,21.95,62.83,30.4,39.53,0,64.5,2183.5,0
24.05,27.92,6.79,21.09,263,5786,30084,6.2,51.96,20.11,73.92,0,48.4,1843.8,0
26.7,45.8,5.8,10.69,92,1196,10042,4.24,48.99,21.73,82.26,0,82.7,1831.7,0
12.88,59.09,44.92,10.47,153,2907,15440,7.75,49.41,18.62,86.82,0,65.4,1426.6,0
26.51,60.99,4.78,7.0,107,1819,12176,6.56,53.81,18.97,51.7,0,68.9,956.6,1
32.51,81.66,31.38,39.23,193,2702,17436,8.83,62.9,25.51,86.47,0,27.6,1880.6,0
25.33,59.18,55.27,11.03,234,2340,15951,14.51,56.25,19.4,110.66,0,22.3,1956.1,0
5.91,55.2,25.95,16.87,296,3256,17813,6.22,47.62,17.4,47.48,0,24.1,876.8,0
28.0,67.49,0.3,13.52,193,2123,14105,11.54,59.36,18.29,16.93,0,26.0,1735.1,0
14.83,58.72,30.45,25.69,205,3690,19469,6.7,54.38,19.71,31.12,0,52.3,1417.9,0
1.79,54.64,3.6,7.32,269,2152,13707,11.17,44.43,16.87,21.94,0,24.1,1027.5,0
13.63,52.29,6.54,16.7,70,1260,7481,8.01,49.92,19.63,94.74,0,88.8,1506.2,0
41.87,64.54,71.66,10.08,293,6153,34104,5.11,58.07,28.15,53.89,0,85.7,2105.5,0
15.16,62.92,7.79,13.65,256,4096,22088,5.22,48.0,23.29,49.21,0,96.6,1487.9,0
34.75,51.04,15.96,9.9,83,1909,12662,12.58,58.5,22.23,5.93,0,44.3,1908.6,0
26.37,76.62,5.58,38.41,125,2750,15799,6.86,56.84,23.12,55.45,0,44.8,1924.8,0
23.84,67.63,6.92,11.39,299,6877,34944,10.18,56.4,19.68,200.32,0,64.6,1142.7,0
16.52,69.44,13.66,4.79,285,4560,24065,3.95,51.54,19.39,129.74,0,78.9,1205.2,0
51.52,41.3,44.43,11.27,61,854,9949,12.35,62.81,29.83,138.66,0,56.0,2248.5,0
56.95,47.3,4.98,13.2,303,2727,21995,14.65,68.99,34.87,41.36,0,76.2,2328.2,1
30.51,77.75,4.26,13.18,199,3781,21461,16.14,57.94,19.31,2.89,0,50.6,951.3,1
30.7,70.6,0.4,5.68,317,3170,20540,10.52,58.9,24.36,61.78,0,69.0,2237.4,0
11.0,33.78,3.39,5.99,320,4480,24483,8.28,47.26,16.21,37.56,0,27.5,1147.5,1
26.15,60.03,4.57,37.15,175,1400,12175,12.22,53.2,18.92,53.28,0,28.7,1678.6,0
26.23,69.37,0.97,10.64,166,3652,19922,8.14,48.58,22.96,16.02,0,26.4,1963.4,0
13.24,39.61,12.44,11.32,118,1180,8596,8.32,51.56,13.73,141.03,0,28.6,1314.5,0
58.57,70.16,2.03,42.66,220,2420,20351,6.79,67.3,34.65,176.72,0,22.0,2516.0,0
31.81,55.77,10.73,19.71,241,4338,24982,4.99,57.86,23.02,231.91,0,55.9,1933.3,0
35.75,77.58,3.14,11.94,162,1944,14725,6.87,61.28,24.47,101.37,0,45.8,1880.8,0
27.13,53.09,41.17,14.03,264,3696,22488,4.46,52.1,23.25,114.62,0,91.2,1946.8,0
36.46,33.32,5.5,40.33,346,6228,33577,11.79,54.11,20.75,82.02,0,78.6,1409.3,0
20.58,62.93,1.46,8.33,78,1248,8538,9.06,52.47,22.02,111.56,0,49.2,2054.0,0
38.51,38.14,27.13,20.1,340,3060,21421,9.77,60.04,28.28,11.83,0,54.9,2437.5,0
16.17,46.41,7.71,18.33,166,3320,17694,9.46,50.68,18.34,233.07,0,64.5,1527.1,0
44.08,27.74,25.73,12.63,250,3250,22025,8.63,56.61,30.27,59.77,0,83.1,2297.9,0
20.86,42.88,5.62,8.78,112,1008,7765,5.24,50.31,17.34,30.42,0,45.6,1318.8,1
35.91,75.15,10.4,15.51,96,1632,13259,9.82,58.69,27.78,30.24,0,65.5,2213.0,0
28.14,57.21,8.84,12.16,102,1938,13154,5.32,54.54,24.13,109.3,0,55.2,2095.0,0
13.07,51.51,12.24,18.75,238,2142,12949,6.13,47.96,16.47,7.47,0,27.6,1328.8,0
54.2,41.85,7.7,4.56,106,1802,15858,12.95,64.36,35.71,92.24,0,85.5,2686.8,0
24.44,58.11,10.3,82.26,117,2106,13097,4.21,53.48,20.96,32.94,0,32.6,1449.0,1
30.15,51.68,17.06,17.4,293,6739,34344,9.79,57.65,21.75,1.78,0,65.9,1669.0,1
41.81,90.84,8.03,16.29,190,2280,17743,17.62,63.91,27.68,45.72,0,67.3,1826.6,1
45.32,55.34,17.3,41.81,130,1560,13637,7.51,61.44,30.33,119.27,0,36.2,2384.3,0
48.0,61.8,18.79,8.37,314,5652,33992,5.22,60.9,29.74,109.19,0,81.3,2280.2,0
18.33,45.48,20.73,8.03,83,664,5742,7.52,48.1,17.05,24.64,0,29.8,1566.3,1
17.72,54.74,9.55,10.01,161,3220,17147,15.47,49.49,19.0,101.48,0,28.8,1605.8,0
24.47,61.94,0.1,44.85,210,4200,22798,5.25,50.96,20.12,18.87,0,29.1,1768.1,0
49.02,41.17,21.01,11.52,231,3465,24010,8.12,60.63,31.78,11.38,0,92.4,2551.3,0
61.07,63.9,35.97,63.73,250,5000,30950,10.56,68.94,34.08,6.59,0,55.7,2099.5,1
37.41,56.94,15.86,8.85,182,2730,18331,8.22,58.09,25.13,50.24,0,40.2,2126.8,0
4.65,20.86,11.15,2.53,333,6327,31942,4.38,45.59,15.2,85.17,0,35.0,913.2,0
59.23,67.36,12.3,4.44,314,7222,40686,13.47,68.37,30.93,54.0,0,86.3,1701.4,0
34.96,62.32,15.36,17.36,227,4540,26194,7.55,56.26,23.44,16.89,0,73.1,1467.0,0
21.32,58.57,97.78,17.97,143,1144,8657,5.82,53.26,21.01,36.93,0,40.3,1867.7,0
26.4,45.48,0.96,15.14,281,5620,29038,6.21,52.99,18.03,6.63,0,26.7,1487.0,1
30.4,91.98,0.32,6.57,301,3913,23354,12.43,55.6,23.59,12.43,0,70.9,1716.5,1
56.73,46.18,49.93,5.95,184,2944,21945,9.96,68.49,23.95,33.95,0,56.6,1480.2,1
46.78,10.15,8.71,5.12,129,1548,13103,6.91,60.64,29.16,148.07,0,84.5,2024.5,1
5.67,62.76,14.21,10.09,332,4648,25034,8.34,49.45,18.21,143.61,0,56.5,1499.5,0
28.22,52.97,21.0,15.02,240,3120,18735,10.77,54.58,20.25,23.47,0,50.3,903.7,1
12.66,33.36,20.33,26.33,182,1456,10278,9.45,48.87,17.45,83.48,0,92.2,1149.5,1
49.99,51.21,15.63,21.45,312,6864,38228,5.75,64.4,33.55,15.11,0,75.3,2566.5,0
43.82,53.99,9.58,13.58,266,5852,31957,8.12,60.06,24.89,13.66,0,46.1,1796.6,1
16.33,43.66,12.87,60.99,84,840,6342,4.99,51.15,15.88,137.12,0,31.6,890.9,1
31.29,56.66,19.62,12.57,103,1442,10931,5.68,54.93,21.42,151.71,0,65.4,1688.5,1
54.13,60.33,28.54,3.14,99,1980,15570,11.4,62.02,30.8,31.93,0,93.6,1774.9,0
41.78,54.31,2.04,5.48,268,4020,24371,12.08,56.43,22.75,31.88,0,35.5,1761.1,1
24.56,41.16,4.89,13.02,103,2266,14031,3.58,54.01,20.63,53.22,0,66.9,1302.8,0
22.22,62.03,7.6,5.47,172,2408,14079,9.83,55.07,22.96,63.96,0,72.9,2353.2,0
30.34,30.73,16.43,26.87,222,5106,26830,7.06,52.36,18.76,143.05,0,49.5,1630.2,1
58.63,61.1,7.55,14.01,198,1584,16081,10.94,66.37,35.65,13.55,0,23.3,2580.2,0
18.21,59.63,4.09,27.35,343,6517,33478,4.51,51.78,18.87,8.62,0,82.2,897.0,1
42.54,51.75,0.51,14.39,231,5082,29314,7.72,59.52,28.39,123.53,0,59.0,2201.4,0
8.53,47.34,27.73,2.85,79,1501,7860,5.64,45.63,18.32,63.71,0,93.8,1211.1,1
36.2,36.59,8.14,30.24,187,1870,14060,6.89,60.91,28.65,5.32,0,84.1,2260.4,0
6.72,47.02,5.99,11.78,164,1476,8648,11.21,44.93,14.86,131.44,0,28.7,1235.6,0
37.16,42.8,11.35,12.15,92,1012,9984,17.94,56.48,30.1,7.96,0,93.2,2254.1,0
42.51,39.87,1.97,16.22,223,4460,25690,14.05,53.51,24.17,52.9,0,44.4,1659.7,0
17.13,36.94,7.6,11.22,232,2320,14596,2.32,45.82,20.92,265.92,0,87.8,1538.8,0
51.91,74.71,20.9,17.14,142,2272,16977,19.96,66.75,28.85,28.8,0,70.1,1849.9,0
43.65,66.46,19.98,14.06,94,1222,10543,5.8,61.46,23.19,95.92,0,62.1,1620.4,0
25.45,91.64,22.17,11.88,146,1898,12634,10.38,59.66,25.5,0.26,0,86.7,1909.0,0
42.58,58.54,9.45,5.17,294,3822,24828,7.66,57.73,30.73,323.26,0,99.7,2409.7,0
2.86,65.81,6.9,12.51,93,1488,7968,3.16,44.96,18.71,82.59,0,84.4,1271.5,0
56.74,53.92,26.71,11.36,195,4290,27024,21.3,67.13,31.16,144.49,0,77.2,2116.3,1
7.38,77.68,2.85,18.53,253,4048,20561,13.08,44.19,20.4,67.67,0,92.6,888.7,1
14.33,54.23,19.37,19.7,148,2368,13255,3.79,49.93,18.41,98.46,0,39.4,1594.5,0
2.27,69.62,32.83,10.89,276,5520,26411,8.23,46.2,16.46,55.23,0,27.3,1081.1,0
31.25,57.79,5.06,10.14,104,1144,10328,8.46,55.85,24.08,23.12,0,75.5,1964.1,0
8.66,82.6,3.31,25.27,337,4381,24088,5.36,50.76,20.28,15.41,0,87.4,1556.7,0
38.42,47.77,10.78,18.9,306,4896,29560,14.71,61.37,25.13,18.39,0,51.5,2299.7,0
28.5,72.22,3.66,8.25,201,4422,24102,11.72,59.98,24.15,35.93,0,35.8,2158.2,0
6.93,53.38,30.69,4.77,239,5258,26032,10.94,46.05,15.89,41.48,0,25.8,1572.4,0
29.08,42.46,4.2,36.17,171,2223,14865,6.28,54.89,21.02,35.37,0,70.0,1560.9,1
18.05,54.23,5.65,19.93,294,4410,24251,16.62,53.22,20.0,9.52,0,38.0,1445.7,0
39.76,21.28,32.9,21.46,107,1605,12513,5.82,51.08,27.04,155.73,0,72.4,2269.7,0
11.72,69.02,3.45,6.21,301,3612,20588,12.18,47.24,19.79,119.83,0,83.5,1225.7,0
21.55,64.99,32.41,19.82,302,6946,34124,12.27,52.31,19.04,33.93,0,23.0,1253.1,1
19.58,83.48,3.53,6.82,238,2380,15989,6.0,51.82,22.76,35.44,0,85.0,1739.9,0
32.45,40.57,36.42,23.13,200,4600,25389,4.21,58.13,23.26,95.92,0,74.6,1890.5,1
17.34,43.85,5.73,11.32,348,4524,25634,3.16,53.49,21.23,186.62,0,83.7,1731.4,0
51.87,36.05,4.24,5.49,298,3576,25114,11.07,59.84,31.27,143.21,0,48.5,2409.3,0
41.88,60.48,9.73,13.64,239,5019,29311,13.92,62.13,23.06,97.74,0,95.1,1379.7,0
33.58,48.77,6.91,16.7,110,2530,16024,7.02,55.28,24.62,19.48,0,89.5,2029.0,0
57.96,42.62,3.38,17.56,235,2350,19306,12.73,65.85,39.41,15.72,0,58.7,2656.6,0
4.3,61.0,6.2,12.58,229,2977,15396,8.38,43.53,16.93,65.12,0,67.8,1190.5,0
40.58,71.53,18.74,3.62,286,3146,21707,4.71,62.4,25.61,113.31,0,66.5,1804.7,1
44.78,56.59,26.75,29.44,64,832,9214,24.51,59.83,27.82,78.23,0,99.4,2058.1,1
18.61,47.82,25.79,17.69,291,6111,30522,6.46,52.16,21.1,13.35,0,91.3,1594.7,0
32.11,72.58,21.21,12.64,312,4368,25651,14.8,59.37,25.97,81.47,0,72.8,1855.9,0
34.43,51.19,0.1,26.36,342,2736,20265,7.53,54.57,23.3,18.26,0,55.5,1622.6,1
9.74,50.97,8.34,5.56,222,2886,16617,12.72,45.35,18.95,185.39,0,72.8,1814.3,0
39.95,62.69,2.78,9.8,133,2926,19102,5.71,63.31,23.66,205.85,0,35.4,1918.6,0
47.03,44.71,1.14,22.33,87,2001,15269,15.51,63.26,24.36,6.49,0,60.0,1867.9,1
23.53,70.37,19.97,44.97,158,2370,14512,8.57,54.44,18.46,57.05,0,24.8,1068.5,1
11.04,41.24,23.66,9.26,76,1292,7589,5.6,47.06,16.06,63.62,0,34.8,947.5,1
9.19,45.85,25.28,4.2,262,5502,27077,2.2,46.38,18.97,35.22,0,66.0,800.0,1
17.26,37.71,33.15,18.91,223,2230,14006,6.66,50.48,20.99,85.63,0,75.7,1303.9,1
51.05,67.95,13.38,27.91,96,864,11212,16.05,64.81,34.64,45.72,0,62.1,2506.4,0
33.71,75.33,94.23,4.23,205,4100,23853,8.49,58.98,24.85,109.42,0,23.1,2126.2,0
30.22,52.71,9.92,11.19,346,4844,27919,17.85,57.43,24.04,53.71,0,48.0,1655.9,1
36.38,61.7,32.25,23.91,215,4945,26030,13.22,56.78,25.81,45.02,0,61.6,1827.7,1
45.64,60.5,1.8,29.59,124,2480,16577,10.38,65.21,30.3,112.03,0,88.8,2322.8,0
32.78,59.45,2.42,4.74,218,3706,22364,10.04,56.71,18.47,21.89,0,86.0,858.7,1
76.27,37.64,13.39,10.48,175,1925,18775,17.83,71.86,56.04,38.09,0,34.5,3316.3,0
28.88,45.18,1.99,9.01,99,1386,10664,12.01,53.09,23.16,18.16,0,86.6,1866.4,0
50.44,66.4,1.17,6.62,199,3184,21568,18.64,70.42,30.37,135.65,0,57.8,1940.9,1
57.04,73.24,3.27,13.79,342,5130,33096,16.55,68.44,37.46,23.68,0,87.0,2479.2,0
35.49,69.24,23.23,14.88,248,5704,30853,6.82,55.07,22.93,32.57,0,70.4,1154.2,0
22.43,55.25,39.35,35.81,169,3380,17807,14.3,51.34,19.86,13.67,0,50.3,1219.4,1
18.71,67.03,6.08,2.84,212,1908,13031,7.9,50.6,20.28,39.3,0,32.3,1698.6,0
24.79,31.94,55.19,16.77,153,2601,15657,6.63,51.55,19.31,199.66,0,26.8,1535.5,1
26.42,24.7,24.88,7.55,197,2561,16280,7.8,44.93,20.75,112.76,0,55.1,1628.9,1
42.91,34.37,3.84,6.02,74,740,8756,7.92,58.54,21.53,41.9,0,36.5,1805.6,1
18.72,97.32,13.23,10.36,206,1854,12926,14.37,52.66,22.02,10.1,0,42.8,1878.6,0
16.56,86.17,60.09,14.45,127,2921,15443,9.33,50.54,23.87,3.41,0,95.6,1034.4,0
8.8,31.04,28.34,8.57,202,4646,23025,4.04,45.17,15.01,130.54,0,60.6,1287.6,0
53.98,51.66,6.77,10.4,288,4896,30309,9.34,64.95,23.3,180.98,0,35.2,1437.2,1
29.72,48.52,5.49,12.11,330,3300,21811,8.29,57.72,21.71,34.9,0,25.4,1642.5,1
5.61,74.42,25.66,15.67,156,2808,14069,5.68,46.74,20.6,135.1,0,83.0,1367.3,0
24.67,64.82,11.95,24.14,72,1440,9613,5.56,49.15,22.97,65.38,0,66.6,1842.2,0
16.43,49.33,2.68,10.82,268,3752,21232,12.19,50.13,18.56,1.2,0,66.6,1334.7,1
38.23,63.44,5.96,12.94,118,2478,16449,6.6,56.08,22.9,23.68,0,54.0,1499.4,1
0.07,66.6,16.26,12.45,328,6232,29725,4.02,44.48,15.48,154.81,0,33.3,1147.4,0
18.88,27.07,2.49,34.42,116,2320,13022,5.13,50.03,18.55,198.54,0,74.1,1655.0,0
10.77,62.98,18.0,16.3,241,4579,23541,5.64,50.75,20.37,7.87,0,74.6,1420.7,0
22.48,54.71,18.56,15.36,159,2067,12788,10.46,52.56,20.24,10.02,0,31.8,1743.7,1
35.98,37.82,4.74,11.89,346,5536,31553,6.42,55.38,20.11,40.05,0,39.5,1435.2,0
40.27,46.13,7.61,12.37,328,3280,22407,10.35,55.82,22.71,26.15,0,24.4,1707.3,0
34.79,59.25,41.1,3.79,339,6780,36625,10.46,60.06,23.71,61.8,0,68.1,1861.2,0
14.43,56.87,20.75,9.44,115,2415,12625,7.68,50.26,20.2,234.99,0,65.8,1597.8,0
11.91,52.16,23.25,16.76,317,3170,18941,3.63,50.58,19.54,34.37,0,75.1,1392.3,0
12.47,50.47,10.89,12.25,139,2085,11303,5.85,51.37,17.81,5.67,0,46.3,1877.7,0
20.28,55.83,3.6,11.03,343,3430,21297,4.56,49.39,19.92,155.95,0,55.8,1064.6,0
4.4,30.92,13.42,28.66,248,2728,15070,16.03,42.45,18.26,138.43,0,84.0,895.7,0
7.48,80.73,22.18,15.45,255,5865,27873,10.44,48.02,18.53,213.14,0,20.0,1564.8,0
2.24,49.56,0.1,6.01,192,3264,16125,7.41,44.19,17.42,254.63,0,44.2,1091.9,0
7.05,62.59,1.81,4.73,76,1596,7875,10.02,45.8,17.54,30.1,0,49.6,1030.4,1
13.64,79.27,9.65,21.53,207,4347,21950,5.36,51.43,20.76,122.91,0,65.9,1663.5,0
15.3,72.02,8.62,7.1,227,3859,20489,3.82,49.67,18.9,55.28,0,60.9,1666.7,0
5.0,59.53,60.5,14.36,152,2280,12463,5.17,43.6,17.19,14.18,0,34.1,869.9,0
30.3,53.35,1.45,19.66,141,2961,17466,5.44,59.64,20.96,3.36,0,32.4,1553.1,0
39.98,54.65,5.87,14.32,227,2270,18672,8.11,57.72,28.35,0.1,0,78.1,1898.3,1
52.72,30.58,25.32,31.44,268,3752,24751,15.32,65.82,23.46,148.22,0,55.6,1254.2,1
43.94,36.7,14.22,11.02,105,2100,15431,8.9,56.51,28.37,85.86,0,59.1,2288.2,0
17.34,58.6,12.37,14.63,271,3252,18367,14.49,52.42,15.77,251.32,0,30.1,1046.7,0
42.26,49.33,20.28,9.47,342,7182,38529,12.52,58.09,21.48,27.65,0,37.8,1335.3,0
30.27,32.53,0.61,10.3,61,1159,9529,6.56,52.96,17.69,140.09,0,33.3,1643.8,1
33.73,59.35,44.2,19.71,111,1776,13155,5.88,54.61,25.14,145.07,0,49.6,1822.6,0
16.06,66.33,3.18,21.23,344,6880,34566,10.72,48.98,18.53,9.17,0,47.3,1208.6,1
10.12,72.48,1.28,4.8,65,1365,7191,13.19,48.74,17.5,97.85,0,52.9,1225.9,1
21.08,62.97,6.21,7.66,207,1656,12662,10.72,54.41,21.46,62.64,0,67.8,1518.2,0
8.33,45.53,18.18,13.82,171,3762,19198,4.06,44.33,14.59,14.51,0,34.0,912.7,0
34.73,65.26,3.95,17.32,205,3690,21532,12.31,56.1,25.72,41.79,0,78.7,1470.1,0
22.72,59.22,0.77,5.85,162,3726,20043,9.14,54.0,18.34,56.45,0,39.6,1772.4,0
25.26,41.12,0.89,8.74,81,1782,11671,11.68,56.09,21.71,175.71,0,82.2,1507.9,1
52.39,40.62,4.45,16.85,73,1387,12908,5.97,65.11,33.54,0.93,0,59.5,2409.5,0
10.52,67.74,2.18,18.8,65,1365,7475,11.68,50.58,18.62,135.52,0,49.8,1391.9,0
3.26,59.71,6.99,15.43,336,3696,20186,7.69,43.11,18.25,18.94,0,54.4,1346.3,0
33.71,58.86,2.85,11.07,323,5814,31759,11.0,55.35,26.26,51.77,0,71.2,2072.1,0
20.35,55.95,6.33,6.69,333,3330,19565,5.27,52.31,18.51,120.28,0,53.8,1632.1,0
29.2,64.03,8.82,9.74,257,4112,23380,4.31,58.25,21.1,116.77,0,31.7,2101.8,0
40.5,47.32,20.35,22.37,178,3560,22144,15.87,60.43,27.22,77.27,0,76.3,2159.6,0
70.59,53.09,3.87,21.11,241,3374,24971,19.81,69.98,53.08,40.34,0,97.1,3103.1,0
47.19,66.18,9.67,7.27,222,4662,27793,8.77,61.48,25.3,131.67,0,33.1,1880.9,1
23.06,55.55,25.34,31.68,240,2880,18111,4.6,52.78,20.04,120.33,0,42.8,1669.1,0
13.12,43.76,64.44,7.69,244,4148,23007,2.56,46.29,20.35,40.2,0,84.8,1656.2,0
30.08,44.68,12.22,13.33,132,1056,9753,8.85,59.2,21.07,13.0,0,82.6,1513.7,1
13.64,55.67,8.49,6.49,139,2085,12627,12.83,47.89,18.31,86.79,0,25.4,1642.9,0
34.96,16.22,14.98,33.65,262,4978,28168,11.06,51.53,19.97,22.69,0,50.7,1811.3,0
60.83,81.26,9.99,20.28,107,856,11423,14.99,71.8,41.88,16.19,0,92.4,2575.1,0
76.01,52.39,2.7,13.63,338,7098,42148,12.73,71.82,53.1,38.52,0,59.9,3083.9,0
32.24,62.28,9.23,9.45,241,1928,15259,5.86,55.55,23.17,89.95,0,32.7,1962.2,0
17.6,64.56,58.02,44.95,121,2662,15458,5.46,52.15,22.7,8.54,0,52.6,1485.8,0
27.58,58.78,15.34,16.65,245,4410,24944,7.51,54.27,25.01,59.96,0,98.7,1776.1,1
25.31,34.51,5.0,41.41,271,2710,17819,8.61,50.93,17.72,52.21,0,44.2,1272.6,0
9.29,39.0,44.1,13.33,344,6192,31207,3.97,41.58,16.41,39.35,0,28.5,991.4,0
30.0,32.66,7.38,13.57,219,5037,26689,12.98,49.32,22.49,77.61,0,48.3,2012.0,0
16.36,71.42,7.42,20.13,109,2507,13592,14.87,56.57,18.19,80.96,0,21.8,1100.1,0
23.54,31.86,14.38,13.66,181,3258,18011,8.84,52.75,21.44,26.49,0,59.8,1820.5,0
32.25,45.05,12.62,14.31,193,4053,23030,13.17,58.29,22.96,4.33,0,82.2,1543.2,1
57.01,74.6,5.15,15.32,264,4752,30253,7.73,68.39,37.85,98.52,0,68.6,2515.2,0
54.21,38.06,9.44,20.59,212,1696,17205,10.67,63.02,23.87,142.18,0,51.5,1450.2,1
17.88,57.24,6.06,7.67,285,6555,33959,10.25,50.9,17.4,70.5,0,41.0,1584.1,0
36.2,66.39,20.08,12.43,116,1160,11831,7.96,58.28,24.22,53.24,0,29.7,2015.2,0
51.12,54.12,1.96,9.02,213,4473,26690,19.64,62.1,27.22,48.17,0,47.9,1939.5,1
16.49,57.34,20.81,17.98,173,2076,13909,9.82,45.05,19.29,10.46,0,44.3,888.5,1
33.66,63.0,2.64,12.35,65,1300,10674,7.39,54.93,23.27,45.36,0,60.9,1926.5,0
16.53,81.79,5.48,8.77,155,1395,10390,2.95,52.57,18.26,4.3,0,35.8,800.0,0
29.05,40.99,6.08,28.98,118,1416,11545,4.69,55.64,22.96,14.71,0,56.1,1937.7,0
32.9,48.41,69.71,24.77,70,1190,9297,15.25,57.06,23.88,42.76,0,70.5,1256.9,0
48.63,64.49,13.37,24.83,106,1378,13432,10.8,66.81,31.74,35.07,0,91.4,2334.9,0
57.49,52.05,22.55,26.74,325,3900,26492,10.45,64.36,34.66,128.81,0,38.1,2246.0,1
50.83,46.59,12.16,17.34,226,3390,22718,8.99,62.8,26.96,132.25,0,48.7,1941.2,1
48.12,70.47,61.26,18.25,207,2691,19124,10.57,61.89,32.13,260.59,0,57.4,2005.9,1
25.89,21.62,2.93,10.99,105,1155,10093,8.66,51.65,22.12,73.78,0,72.2,1560.4,1
12.45,71.92,13.93,27.34,128,1152,8527,10.01,51.28,20.69,56.24,0,60.1,1632.3,0
6.18,78.82,23.95,13.56,133,2926,14311,9.92,46.52,16.41,2.45,0,29.6,1150.7,1
48.4,51.92,14.86,8.72,122,1830,14995,7.72,62.37,20.31,47.47,0,61.7,1443.0,0
48.51,35.27,34.09,15.86,219,3504,23584,20.73,60.6,26.86,28.35,0,87.3,1847.0,1
26.3,57.66,13.77,9.85,227,4086,23266,5.67,53.42,20.0,80.7,0,39.1,1749.2,1
54.16,62.22,26.27,21.3,227,3405,24004,16.53,67.49,30.04,98.33,0,22.3,2443.1,0
24.76,30.39,2.9,19.41,151,2567,14619,11.49,52.67,21.52,165.92,0,90.5,2033.0,0
35.97,56.23,4.56,20.61,337,6740,36025,5.87,55.09,24.97,33.54,0,39.4,2230.5,0
59.03,84.24,8.81,5.24,264,6072,34946,13.5,67.23,33.42,6.07,0,83.3,2044.8,1
4.84,73.94,28.62,4.3,86,1376,6727,5.15,47.82,18.86,27.43,0,73.9,1077.1,0
29.09,62.87,8.34,13.82,217,4340,23833,8.43,55.51,23.24,44.65,0,32.3,1350.2,0
38.89,61.13,14.81,13.85,88,704,9017,24.02,59.0,26.99,73.69,0,61.0,2103.9,1
11.63,55.58,7.56,27.17,222,2664,14590,12.12,48.17,17.75,4.25,0,46.4,1260.8,1
37.91,57.26,24.58,8.52,96,960,9138,8.56,59.16,24.22,91.59,0,92.1,1783.0,0
13.09,53.58,3.35,6.9,213,4686,24028,13.16,54.68,19.22,14.42,0,73.6,1457.8,1
35.44,58.07,13.51,7.87,63,693,7946,11.98,61.45,27.01,6.28,0,70.0,2093.4,0
28.93,30.53,12.94,6.46,158,3476,19365,5.95,46.52,20.02,67.63,0,33.7,2106.7,0
49.19,22.53,7.74,9.14,247,5187,30673,24.69,61.76,31.11,13.86,0,97.5,2475.0,0
13.54,43.74,18.32,6.08,307,6140,30564,13.02,45.86,16.93,103.5,0,30.6,1553.6,0
18.76,70.48,0.43,12.92,69,828,6883,9.31,53.5,18.85,111.78,0,79.2,1158.7,0
44.59,63.9,27.63,12.49,89,2047,14686,8.55,64.05,32.89,5.39,0,96.0,2176.6,0
13.57,67.69,6.41,8.13,134,2948,15509,3.75,49.86,16.69,143.95,0,55.9,1769.7,0
29.61,56.43,23.63,6.79,203,3451,20807,10.06,59.76,23.02,75.76,0,42.4,2156.4,0
36.41,73.22,5.46,6.25,177,3186,19833,6.19,58.68,23.8,115.61,0,69.6,1548.7,0
28.43,74.99,3.12,2.94,99,792,8123,8.83,56.39,23.75,38.18,0,69.9,2007.5,0
42.5,72.92,7.4,8.04,60,540,8819,13.58,63.37,27.48,87.38,0,72.1,1844.4,1
51.55,44.77,23.95,9.23,322,5796,33573,14.05,61.42,32.31,10.44,0,70.6,2304.6,0
36.89,55.83,18.24,3.63,61,1098,9073,11.48,58.52,24.68,30.54,0,23.8,2149.5,0
10.75,48.05,7.69,28.24,332,4980,27157,10.24,48.68,16.61,59.17,0,30.9,1206.3,0
19.76,77.13,41.68,21.15,198,4554,23467,4.81,55.51,21.08,9.58,0,59.2,1428.3,1
18.41,71.84,7.88,10.99,142,2414,14802,4.87,51.12,20.5,26.06,0,58.7,1698.6,0
39.2,61.86,6.48,3.56,329,4277,26288,13.5,56.98,21.12,122.3,0,52.3,1605.2,0
18.0,65.34,2.34,23.96,138,2898,15342,10.12,49.62,22.5,141.55,0,81.7,1914.2,0
3.46,59.38,1.09,9.27,246,3936,20066,10.77,44.76,16.42,101.13,0,29.0,1491.2,0
54.71,41.01,6.46,4.75,247,4693,28669,18.76,62.06,33.71,90.37,0,60.5,2661.3,0
11.29,71.08,1.45,5.76,92,2024,10695,4.88,48.34,18.27,33.99,0,39.9,1491.5,0
22.69,85.27,9.32,8.88,189,1701,12177,7.8,57.71,23.05,170.75,0,63.3,1723.6,0
36.74,62.58,29.49,6.88,61,1220,9166,4.97,57.03,25.81,4.06,0,63.0,1790.1,1
22.85,53.19,9.7,8.24,119,1547,10562,9.23,55.15,20.69,58.5,0,20.4,1697.7,0
23.59,44.1,9.83,3.71,181,3439,19175,9.82,49.13,19.47,58.72,0,59.5,1500.4,1
79.2,51.15,4.38,28.69,141,2256,20732,9.92,73.03,46.32,69.91,0,43.6,2604.2,1
19.47,35.88,2.73,21.73,217,1736,11993,6.17,53.57,18.95,73.35,0,68.0,1653.0,0
54.6,41.28,3.77,7.69,272,4624,29124,15.54,61.58,29.08,40.17,0,26.6,2153.5,1
19.37,52.49,12.59,20.42,177,4071,21542,12.81,50.18,21.98,18.22,0,97.1,1659.3,0
48.17,59.75,13.44,9.19,126,2142,15887,24.47,62.42,31.54,118.31,0,83.9,2369.7,0
9.54,32.87,3.73,12.4,204,3876,19769,5.36,41.72,18.15,29.03,0,80.8,1180.7,1
12.91,57.89,7.64,5.94,132,1980,11919,2.5,50.28,20.61,26.36,0,65.9,800.0,1
46.14,78.74,12.61,16.71,220,2420,18138,14.58,63.28,27.82,57.96,0,47.0,2195.2,0
19.99,61.53,21.44,19.79,116,1392,9389,8.14,51.1,20.93,50.52,0,72.3,1651.9,0
69.71,62.43,5.78,13.92,285,6555,39670,11.82,71.14,40.7,3.56,0,93.6,2311.6,0
31.24,61.09,4.75,8.87,241,2892,19565,21.26,56.55,23.15,39.5,0,93.9,1354.7,0
34.0,30.99,19.67,3.68,67,1407,11067,7.2,54.33,18.39,165.07,0,63.9,1076.5,0
19.81,32.32,10.82,20.43,330,6600,34355,3.73,50.42,20.33,55.55,0,93.4,1698.1,0
9.74,63.97,29.15,10.79,186,2046,12627,5.69,48.7,17.95,89.08,0,72.7,1529.7,0
22.91,65.65,3.55,7.64,218,2180,15239,11.1,50.98,22.34,95.72,0,58.8,1796.3,0
3.98,70.67,22.11,8.4,123,2337,11709,11.86,49.01,21.48,32.19,0,97.8,1033.9,0
41.55,75.25,2.65,14.39,64,1280,10982,12.34,62.28,28.87,123.67,0,56.6,2088.3,0
16.85,47.25,13.18,5.85,229,2290,14618,13.7,47.16,21.88,203.99,0,95.2,1348.8,0
30.81,69.56,5.0,15.72,344,4128,24749,13.51,57.12,21.49,143.56,0,38.0,1333.7,1
36.19,69.35,1.6,10.47,239,5258,29371,12.57,61.1,27.63,137.01,0,48.8,2193.5,0
17.08,78.04,14.39,7.94,240,4320,22364,6.59,51.25,20.99,96.13,0,77.6,1616.9,1
32.03,79.05,10.6,7.56,72,576,7495,8.18,56.69,25.27,121.08,0,51.5,1962.5,0
22.21,49.15,9.98,15.03,271,2981,18525,7.98,50.87,20.45,18.65,0,43.1,1867.4,0
20.56,53.81,13.47,2.75,174,3828,20369,13.32,53.87,16.56,3.66,0,43.7,1108.4,0
29.99,58.12,6.99,8.29,95,1520,10790,8.28,56.44,19.05,6.54,0,32.0,1498.6,1
19.79,42.59,16.64,17.94,86,774,6103,12.94,54.37,17.56,81.22,0,25.0,1710.9,0
58.35,71.62,2.1,11.43,288,2304,20383,12.02,70.15,37.25,29.86,0,91.9,2280.1,1
8.83,51.82,18.83,25.22,186,2976,15642,3.19,48.72,18.4,154.67,0,69.0,1403.8,0
25.33,72.54,13.01,13.22,156,2652,15856,4.8,57.0,24.87,89.23,0,60.1,1894.5,0
10.43,77.69,10.0,8.2,152,2128,12259,4.06,53.95,19.62,23.02,0,76.0,1289.2,0
69.39,50.77,2.05,10.55,150,2850,22323,13.48,73.64,46.73,8.86,0,91.3,2847.7,0
54.63,28.82,4.89,13.29,319,3828,26496,16.09,62.01,27.83,77.81,0,46.4,2092.6,1
51.73,54.57,5.25,7.49,262,4978,30293,10.72,64.25,28.98,51.53,0,60.0,1680.2,0
2.05,75.06,3.99,17.55,276,4140,20997,6.56,44.81,15.14,3.19,0,23.7,1350.9,0
34.16,74.86,46.25,36.27,179,2685,17405,5.88,56.21,25.31,19.8,0,82.4,2026.1,0
24.0,53.49,37.09,6.05,192,2304,14060,5.96,51.16,18.84,124.38,0,25.7,1516.7,1
46.13,56.83,11.85,17.72,110,2420,17472,28.3,60.91,23.7,108.59,0,53.6,1587.2,0
26.6,52.71,3.45,7.65,125,1125,10393,11.86,53.28,19.57,64.56,0,77.4,1456.1,1
21.83,46.1,36.31,8.07,99,990,8552,13.75,48.35,18.36,34.88,0,55.2,1528.6,0
36.87,29.26,20.76,9.72,179,1611,13426,11.7,54.31,27.01,29.24,0,57.6,2111.0,0
40.55,62.79,0.59,8.52,342,6498,35280,9.77,62.29,29.35,98.01,0,89.5,2202.8,0
26.67,47.75,10.12,17.91,268,5896,30631,23.53,49.37,20.19,192.83,0,51.0,1757.7,0
41.85,58.22,13.93,12.54,241,4338,26238,8.53,65.73,26.57,29.99,0,98.3,1860.9,1
24.36,65.17,1.03,10.86,262,3406,20287,18.22,54.69,23.3,54.13,0,77.1,1472.3,1
34.55,68.56,0.77,15.08,68,612,7950,7.65,61.21,20.93,15.66,0,82.4,1449.7,0
67.36,44.68,9.34,15.63,326,6194,37868,10.85,72.43,43.88,50.24,0,33.1,2900.6,0
26.17,40.35,0.1,12.03,288,2880,19524,5.69,54.83,19.99,102.85,0,70.6,1730.0,1
43.61,63.83,0.72,22.22,129,2838,18139,13.88,61.86,26.11,4.4,0,38.4,1980.4,1
38.61,64.92,2.71,12.92,89,2047,14762,17.11,61.41,19.67,80.72,0,37.0,1499.8,0
21.3,46.55,36.11,43.28,152,1672,11306,7.03,55.57,21.68,1.89,0,92.9,1744.9,0
30.23,69.92,21.8,7.04,282,2538,17765,5.27,55.51,21.34,10.9,0,37.7,1615.9,0
18.53,54.43,8.98,4.95,177,1416,10528,16.75,47.94,21.89,167.49,0,73.8,1071.0,1
16.63,43.85,9.79,13.66,310,6820,34442,8.77,47.14,16.13,31.67,0,32.8,1044.1,0
23.39,40.25,17.38,21.05,235,3290,19781,3.58,48.0,19.85,99.77,0,99.7,1515.6,0
10.27,62.32,9.65,9.94,268,2144,13193,4.66,50.02,14.73,44.64,0,25.2,1114.2,1
37.29,58.6,0.99,7.44,325,5525,31042,4.97,59.91,19.81,45.39,0,41.7,1408.1,0
24.68,60.7,20.13,12.22,200,2800,18585,2.7,47.5,23.99,12.34,0,85.4,1890.3,0
65.6,38.41,0.89,10.47,119,2499,20113,14.56,66.13,35.74,103.06,0,77.3,2314.4,1
16.4,21.62,9.99,10.88,338,4056,23383,9.27,49.11,19.75,36.91,0,90.0,1521.5,0
54.1,64.16,29.68,7.63,345,6555,37539,6.73,69.64,33.73,28.04,0,70.8,2102.0,1
73.83,73.01,1.87,8.93,179,3759,26892,11.88,78.7,45.61,23.3,0,70.4,2493.1,1
34.39,30.71,18.39,21.64,343,3087,21106,5.28,56.35,22.62,100.3,0,62.6,1855.6,1
23.31,48.69,0.71,26.14,210,3360,19764,12.26,47.36,19.61,13.86,0,56.6,1829.9,0
26.88,94.59,74.56,11.04,260,4940,27269,10.8,58.44,25.44,43.24,0,51.8,1875.6,0
43.28,63.45,17.19,6.33,157,3454,21762,16.33,60.68,23.39,11.66,0,76.1,1312.8,1
32.58,74.61,52.1,6.67,85,1105,10737,5.3,59.53,24.02,25.5,0,43.6,2199.7,0
8.61,79.44,16.55,5.72,127,1778,10247,7.02,45.12,19.09,7.09,0,51.2,1280.5,1
11.03,47.74,4.16,20.87,137,2740,14048,3.62,49.41,18.75,5.16,0,58.7,1498.8,0
60.03,90.12,39.13,13.5,317,5072,31442,8.41,72.67,38.97,50.3,0,37.3,2573.4,0
5.33,28.93,14.78,10.84,129,1935,11176,5.44,41.8,16.53,109.9,0,68.2,1223.1,1
16.57,62.63,12.87,20.75,163,2445,14058,10.67,47.94,19.48,76.41,0,73.4,920.2,1
55.15,60.18,8.41,15.59,345,3450,25584,6.73,68.21,35.51,15.89,0,21.2,2559.9,0
28.89,38.45,5.02,2.82,210,4830,25056,11.29,49.62,16.95,55.21,0,35.1,1517.2,1
56.1,43.87,11.33,7.91,124,2480,18320,7.66,66.64,34.4,94.42,0,54.3,2641.0,0
35.54,45.8,6.84,11.88,309,7107,37073,6.42,56.87,24.86,14.28,0,70.6,1996.2,0
18.99,33.32,28.86,35.29,113,1695,11655,5.91,49.93,18.18,172.84,0,68.4,1004.2,0
26.95,33.8,0.44,32.73,294,3234,20562,7.39,47.77,19.23,43.37,0,26.7,1944.8,0
8.9,50.18,11.33,3.25,252,3528,18991,11.7,44.63,16.94,88.37,0,36.1,1207.7,1
32.39,47.72,27.17,5.68,240,3120,19759,7.8,57.86,20.21,133.99,0,53.1,1280.8,1
33.33,45.15,0.42,13.29,317,2536,19444,11.61,55.06,25.27,84.56,0,90.9,2051.1,0
1.42,67.48,4.98,17.78,80,880,3873,2.74,44.83,19.39,10.96,0,83.2,1055.2,1
10.55,43.74,0.79,8.21,131,2882,14585,7.15,43.17,16.32,69.61,0,54.3,1261.3,0
4.87,59.02,13.56,16.62,216,3456,17700,11.45,45.62,21.67,89.84,0,92.9,861.8,0
40.59,54.98,5.71,8.18,297,4752,28667,6.74,60.91,26.98,30.37,0,81.2,1988.5,0
49.47,50.27,48.18,8.54,112,1568,13917,12.52,61.08,30.87,25.27,0,64.4,2327.6,0
12.21,34.48,14.37,6.24,191,1910,12380,4.14,43.93,15.54,268.69,0,28.3,1395.3,0
0.86,52.44,12.38,5.36,254,2540,13995,2.94,41.69,18.23,61.09,0,56.4,826.7,1
36.58,45.38,37.38,9.0,63,1386,10918,16.18,57.93,22.16,115.61,0,81.9,1262.3,0
30.12,69.42,3.8,24.0,150,2250,15025,11.23,52.66,20.69,93.11,0,28.1,1599.0,0
47.0,64.58,12.39,16.26,169,2704,19766,11.11,62.18,28.02,41.59,0,29.5,2136.0,0
21.31,46.18,11.74,14.33,242,5566,28499,11.98,52.47,19.34,2.99,0,89.0,1842.2,0
28.5,41.6,1.29,10.27,87,870,8472,21.51,50.93,19.42,30.16,0,45.3,1441.9,1
12.1,41.59,40.34,15.7,182,4004,20823,1.77,51.91,19.29,172.07,0,82.6,1557.3,0
54.07,51.31,18.07,9.17,119,2142,17229,9.12,68.15,26.3,76.06,0,38.0,1548.5,0
52.9,70.73,32.85,7.53,304,4560,28929,11.69,64.4,33.7,38.84,0,65.1,2513.0,0
56.6,72.71,60.72,16.75,191,2483,19153,23.81,64.62,37.96,22.57,0,84.2,2600.1,0
22.32,15.0,9.8,8.67,158,1896,12773,8.84,51.25,17.12,107.12,0,27.6,1596.3,0
30.39,77.78,24.42,6.42,128,2688,17161,4.92,58.91,25.12,1.43,0,64.9,1609.8,0
3.92,53.23,12.93,15.78,301,5418,27347,5.1,45.96,16.67,153.13,0,57.2,1173.9,0
19.29,34.37,56.66,5.39,88,1760,9813,6.46,49.38,21.47,2.86,0,55.7,1954.4,0
10.67,54.23,4.26,15.38,308,4312,23973,5.71,46.68,18.77,45.6,0,51.1,1382.8,0
30.09,42.6,0.21,15.54,76,684,7794,10.1,53.63,22.8,62.18,0,69.8,2070.6,0
39.55,79.78,3.09,5.63,218,4360,24804,8.8,62.37,27.74,56.26,0,73.3,1547.8,1
37.25,46.31,2.05,5.86,327,7194,37554,11.36,56.05,23.38,150.03,0,72.1,1684.2,0
34.6,40.65,8.62,26.65,159,3180,19076,8.21,50.74,19.89,1.78,0,29.5,1754.7,1
34.8,86.49,1.21,17.69,70,1610,11300,9.66,59.23,26.26,85.36,0,46.7,2163.0,0
36.94,61.0,3.73,16.31,217,4557,26932,7.23,56.2,22.66,3.74,0,57.3,1652.4,0
30.38,47.35,1.52,13.87,326,2608,19540,4.7,57.47,21.94,36.55,0,96.8,1677.9,1
18.9,82.79,10.0,18.7,321,2889,18789,5.41,54.1,20.47,3.2,0,74.3,1043.6,0
10.8,74.63,4.65,18.7,242,5566,27819,6.76,48.79,18.8,24.02,0,58.6,1614.6,0
35.13,45.78,9.55,7.52,164,1476,13790,10.52,68.42,22.91,35.35,0,71.3,1597.5,0
8.43,42.92,1.4,10.87,65,715,4785,1.75,47.75,17.97,3.67,0,79.9,1015.6,0
37.02,56.48,10.91,9.37,162,1458,12130,19.04,53.92,23.68,14.37,0,64.9,1876.9,0
48.67,52.57,2.09,17.19,77,847,11105,6.87,63.49,24.13,61.08,0,91.7,1696.6,1
16.6,44.33,1.57,13.48,202,2222,14357,9.59,47.37,17.42,117.54,0,51.0,842.7,1
34.31,54.7,5.57,26.02,240,4800,27038,10.45,57.49,24.89,75.17,0,80.7,2096.1,0
51.71,81.22,31.12,14.4,287,5740,33196,8.05,70.1,27.55,7.22,0,24.2,2124.8,1
5.48,70.7,23.3,12.45,146,1168,7805,3.36,47.25,19.24,120.96,0,39.2,1026.8,1
17.23,60.82,47.97,19.88,95,1520,9033,18.23,50.7,20.54,38.9,0,59.4,1467.6,1
13.93,49.89,9.25,20.0,276,2760,17180,4.79,48.68,19.18,2.5,0,97.9,1464.7,0
21.65,53.09,5.62,25.37,68,748,5814,6.03,48.74,20.0,156.71,0,78.6,1419.2,1
36.46,65.26,53.06,13.77,160,3520,20332,9.16,56.06,24.59,44.82,0,21.8,1877.3,0
43.51,64.05,7.21,41.8,211,2110,17254,9.39,64.37,30.58,44.21,0,79.0,2368.2,0
4.97,55.98,0.14,21.22,248,1984,11217,6.64,47.93,16.9,71.58,0,35.8,1196.9,1
26.62,71.29,25.73,42.84,262,5502,29427,11.4,51.29,21.42,47.85,0,82.3,1207.5,0
4.99,37.53,2.78,12.82,187,3179,16346,2.24,40.93,17.21,6.57,0,90.4,1497.5,0
64.02,69.76,18.98,47.52,311,4354,29165,14.81,71.31,36.71,12.17,0,83.9,2024.1,0
63.64,64.31,0.23,18.71,164,2952,22144,7.55,68.87,42.71,5.64,0,37.7,2757.3,0
21.44,33.6,1.76,6.59,90,1350,9167,11.14,50.38,17.86,57.71,0,72.5,1737.8,0
7.6,45.15,9.91,6.88,159,1272,8119,14.91,44.85,20.07,112.24,0,98.9,1402.9,0
19.64,77.47,1.05,10.2,284,5680,29182,8.64,52.53,23.49,94.67,0,96.3,1670.1,0
6.54,62.89,32.92,10.12,202,3838,18536,6.31,47.18,20.95,21.13,0,99.8,1398.9,1
29.59,53.27,20.79,14.94,253,4554,25981,10.58,53.44,22.63,55.95,0,63.2,1831.2,0
27.44,59.93,5.97,34.99,186,2976,17768,7.84,55.02,20.69,2.68,0,47.7,1759.8,0
41.42,55.19,13.65,14.79,314,5652,31508,15.37,56.8,27.97,33.82,0,54.1,2302.0,0
16.49,60.4,18.86,6.66,86,1548,9566,11.91,48.32,16.25,0.19,0,27.2,1446.8,1
15.8,69.04,21.12,15.85,203,3248,18512,4.04,53.24,20.69,98.03,0,74.2,1416.2,0
16.26,82.16,7.55,9.57,126,1008,6695,9.96,53.86,20.89,11.21,0,38.4,1450.8,1
15.03,40.36,34.36,9.87,86,1290,8504,8.57,52.37,17.12,14.57,0,84.2,985.9,0
30.32,72.47,42.65,10.89,245,2695,18499,6.03,56.31,23.53,28.73,0,96.1,1202.4,0
38.02,49.43,3.27,9.77,211,2110,15774,7.65,58.13,20.41,103.13,0,49.2,1683.9,1
36.22,36.57,36.33,5.6,130,1820,13210,15.37,58.14,22.94,19.71,0,72.7,1371.0,0
46.43,74.64,18.71,12.9,142,1278,13360,8.35,62.62,26.89,4.04,0,86.0,1837.0,1
32.75,44.64,32.86,34.62,192,1920,14258,9.01,55.14,21.94,108.79,0,38.8,1846.8,1
22.19,69.97,8.29,19.7,226,4520,24619,17.57,53.01,16.52,343.25,0,38.1,1358.3,1
57.45,71.18,16.24,5.97,250,4000,26065,12.26,72.77,32.91,8.81,0,26.6,2211.4,1
35.95,84.15,4.03,2.67,307,3684,23107,10.16,58.3,22.6,6.74,0,43.5,1687.9,1
6.45,73.53,20.86,14.85,67,1407,7998,6.92,47.3,21.05,5.66,0,91.1,1748.2,0
48.09,74.55,13.07,17.23,148,1924,15508,19.12,65.42,27.01,86.87,0,28.4,1862.1,0
7.74,72.69,9.84,17.21,337,7751,37338,4.63,47.99,16.76,128.27,0,42.8,1226.5,0
15.53,58.38,17.7,13.04,125,2500,13031,3.6,46.8,21.45,87.53,0,88.3,1265.6,1
43.19,75.33,12.06,6.54,227,2270,17959,9.84,60.68,23.82,26.92,0,86.6,1425.2,0
23.4,51.06,21.75,33.03,105,1050,8339,11.83,50.97,19.89,38.16,0,28.7,1455.5,1
12.83,45.65,29.33,11.3,69,1242,7389,7.04,48.17,19.55,83.23,0,77.9,1946.1,0
19.14,63.92,24.19,8.92,173,2595,14502,8.68,50.89,20.94,102.29,0,49.7,1784.2,0
45.61,73.59,5.51,16.39,266,2660,20543,9.28,61.72,26.39,267.77,0,23.6,2060.4,0
15.35,52.43,56.02,9.0,263,4997,25332,15.27,48.81,18.41,59.88,0,24.0,1887.9,0
18.96,49.08,15.74,6.17,254,5080,26009,16.05,46.53,18.96,65.67,0,46.2,1732.0,0
69.37,33.46,5.86,9.1,312,5304,34388,12.53,71.86,49.76,63.66,0,85.9,3173.1,0
23.24,42.66,0.65,14.09,222,2442,16123,8.94,54.06,24.08,4.15,0,88.6,1964.7,0
15.91,44.55,66.46,26.72,295,6785,34174,7.85,49.37,21.93,42.78,0,89.6,1743.9,0
64.83,73.39,13.71,4.13,143,2002,18170,7.22,70.62,42.9,154.63,0,34.7,2776.6,0
36.24,48.93,3.87,15.71,267,5340,29531,11.87,54.97,26.54,26.96,0,66.4,2067.2,0
50.66,62.22,10.13,20.18,94,1504,12528,5.42,62.49,28.34,32.66,0,26.7,1991.6,1
24.11,32.49,7.6,15.55,96,2112,11994,12.83,50.12,22.04,51.47,0,87.5,1855.8,0
33.95,74.51,45.35,17.83,124,2852,17244,9.41,58.61,28.18,61.4,0,93.4,2164.0,0
58.2,58.53,10.18,28.45,221,2210,19172,13.17,66.89,26.91,40.93,0,78.7,1593.8,0
46.43,34.72,9.94,21.44,80,1760,14048,13.25,63.67,23.68,119.58,0,27.6,2008.5,1
36.79,47.22,23.74,9.6,341,4433,28222,11.84,57.91,25.11,9.09,0,42.3,2286.5,0
18.67,43.37,7.44,21.63,73,730,6115,15.04,45.37,20.64,75.24,0,83.1,1684.1,0
26.74,58.47,3.28,13.43,205,2050,13466,9.44,58.31,20.47,25.09,0,64.1,1204.6,0
38.62,49.64,21.94,19.5,94,1880,13518,12.19,61.82,25.55,2.13,0,31.3,1933.4,0
18.8,50.53,36.14,5.76,305,3965,22328,8.46,48.41,20.06,11.16,0,99.5,1325.6,0
18.32,42.44,0.7,10.97,298,2384,17244,20.41,47.65,18.28,105.43,0,65.0,1049.4,1
43.67,36.58,29.48,17.5,75,600,9102,16.31,61.84,22.46,48.92,0,28.9,1774.3,1
43.54,67.31,8.64,11.29,120,2280,15654,12.1,55.2,26.42,85.43,0,44.8,2215.4,0
25.78,69.95,5.12,16.77,80,1520,9683,16.63,56.43,23.44,104.99,0,94.8,1856.2,0
14.77,45.01,0.6,27.26,85,1700,9367,5.33,49.93,15.42,58.65,0,51.9,896.5,0
52.08,62.48,3.45,10.34,234,5148,30405,8.12,68.03,30.91,58.35,0,53.0,2245.2,0
34.73,41.6,6.07,20.72,77,1463,11028,7.46,53.2,25.13,3.74,0,76.6,1561.7,0
14.3,66.78,1.1,6.57,275,6325,31123,6.62,48.01,19.76,28.55,0,64.3,1445.2,0
68.19,52.97,3.14,19.21,295,3245,25041,12.14,74.93,33.06,190.67,0,42.2,1957.5,1
41.06,43.91,20.02,4.57,335,3350,23025,12.81,58.83,29.19,4.66,0,66.8,2292.9,0
14.68,39.67,17.42,13.71,162,2268,12585,10.37,47.14,14.47,128.77,0,26.8,1176.2,0
15.82,71.37,22.03,13.45,301,5719,29524,2.59,51.98,17.61,0.8,0,33.1,1585.8,0
17.11,34.14,2.71,34.21,173,2422,14512,10.35,48.42,19.92,6.07,0,90.0,1528.2,0
33.59,53.82,0.66,9.1,125,1375,11324,5.17,59.38,20.42,100.1,0,32.1,1752.9,1
16.44,26.21,9.48,3.68,288,4032,23014,2.59,44.5,18.86,10.09,0,75.4,1408.7,0
35.0,40.54,6.3,16.69,223,2453,17681,9.02,58.45,26.4,159.58,0,47.7,2283.6,0
35.76,35.93,22.49,6.64,129,2580,16057,10.98,54.98,24.83,26.22,0,75.6,1707.2,1
12.98,18.25,11.61,12.63,291,4365,23427,5.5,47.2,18.32,44.11,0,55.8,1682.2,0
22.46,46.97,40.14,8.2,160,1760,11419,13.42,50.34,18.95,296.1,0,20.6,952.3,1
19.95,50.0,0.95,10.76,325,2925,18828,9.68,48.48,17.89,55.13,0,45.9,1450.0,0
24.61,37.42,6.78,3.36,92,1564,10942,7.95,54.02,20.67,59.23,0,75.4,1481.8,1
12.85,45.84,7.79,4.31,212,2332,13805,10.71,43.92,18.66,69.78,0,32.9,1547.8,0
17.49,51.51,2.02,15.32,278,4726,25061,9.33,47.68,20.25,22.15,0,74.6,1460.9,1
13.63,26.58,13.12,11.17,278,2780,17084,11.33,41.82,18.65,268.62,0,87.8,1348.9,1
29.05,55.48,0.62,6.13,204,2448,16574,12.98,52.35,17.69,4.26,0,30.8,1383.8,1
23.49,64.05,18.71,8.75,145,1595,11345,13.97,52.59,19.06,276.23,0,38.7,1465.4,1
53.82,59.41,0.57,16.35,73,1241,13128,15.52,65.96,23.46,9.74,0,60.1,1424.9,1
52.25,59.71,31.01,10.31,172,2236,18017,9.94,65.84,24.81,3.67,0,28.7,1462.8,0
29.03,52.7,1.01,15.81,294,6174,32125,13.34,55.42,23.83,8.55,0,94.7,1405.5,1
42.16,60.23,9.14,7.2,308,3080,23504,15.56,57.85,30.65,184.65,0,98.7,2163.0,0
33.82,71.01,2.53,16.93,131,1310,10799,12.56,63.91,22.75,25.94,0,65.5,1638.7,1
12.56,92.71,2.14,10.56,344,3784,22380,4.07,54.82,20.42,16.05,0,43.7,1377.4,0
20.89,39.48,19.16,15.32,252,5292,27597,4.44,54.29,19.76,4.06,0,45.6,1614.5,0
25.25,42.55,22.32,14.51,113,1130,10351,15.81,51.11,15.96,70.37,0,53.6,800.0,1
31.66,40.44,20.16,9.56,260,5980,31283,8.84,53.55,24.08,59.34,0,88.8,1830.1,0
25.88,74.12,7.76,9.84,323,3230,21080,11.3,51.41,22.44,108.44,0,84.9,1577.5,0
38.84,78.32,70.31,11.12,272,2992,21265,6.11,60.5,29.09,0.1,0,92.0,2118.5,0
15.13,66.42,6.23,18.35,251,4267,23352,7.59,50.96,20.01,4.66,0,94.0,1107.3,0
57.12,35.07,4.22,34.35,300,4500,29232,17.29,63.21,34.24,79.52,0,46.4,2670.2,0
34.45,50.48,84.85,7.59,117,1638,12834,7.01,54.21,23.89,28.31,0,77.2,1574.3,1
41.0,60.23,56.77,21.76,100,800,9368,14.53,60.93,27.64,39.37,0,36.6,2248.7,0
7.18,60.12,13.44,10.4,100,2300,11426,6.14,51.61,20.46,3.78,0,73.9,1045.4,1
33.37,84.05,3.52,11.45,274,5480,29642,18.08,56.19,22.97,118.17,0,64.8,1477.9,1
57.96,70.93,4.09,14.45,305,3355,24346,19.43,72.45,30.97,8.23,0,45.4,2051.9,1
15.74,70.21,11.04,9.28,175,2275,13307,6.63,52.19,18.73,182.4,0,26.5,1720.0,0
31.94,48.68,22.45,9.82,246,3444,21382,7.72,52.99,23.15,46.13,0,48.6,2079.8,0
28.69,61.24,1.21,37.44,254,4318,24865,7.17,56.15,19.92,11.87,0,51.8,1555.5,1
25.19,30.35,17.46,12.81,326,5868,30947,5.44,45.13,22.46,128.93,0,90.0,1870.0,0
26.59,56.25,1.63,16.4,87,1392,10424,4.44,58.85,21.84,78.82,0,93.6,1600.8,0
9.25,57.66,27.88,36.3,311,5598,29045,2.95,45.05,21.32,152.69,0,96.0,1014.8,1
37.71,36.22,11.39,35.64,175,1400,13272,6.07,53.96,24.56,3.67,0,42.5,2343.1,0
16.25,50.51,68.63,10.96,260,5720,29212,11.83,48.31,21.75,39.55,0,89.2,1690.7,0
37.45,77.03,20.97,7.65,283,2264,17873,7.26,60.1,27.38,9.97,0,82.8,2229.7,0
44.86,54.43,10.31,6.39,296,2664,19751,11.5,65.34,34.93,54.33,0,94.4,2511.4,0
17.3,64.36,2.28,6.01,239,5497,28124,6.49,52.69,20.35,0.59,0,67.7,1836.3,0
30.57,90.85,11.73,9.43,133,1463,12125,13.42,56.49,22.83,95.38,0,23.6,1654.1,1
66.85,48.18,1.82,6.29,199,4378,27266,15.27,68.11,44.13,32.05,0,70.5,2827.2,0
31.74,67.76,35.33,11.72,231,2079,15043,11.19,59.19,24.22,157.36,0,74.0,1598.1,1
25.71,52.21,3.92,7.92,207,2898,17452,13.09,55.08,20.99,90.07,0,62.0,1544.2,1
19.28,71.6,30.08,9.95,248,4712,24171,18.21,48.36,20.45,196.7,0,24.5,1783.3,0
28.12,54.34,5.43,11.47,199,3383,19365,14.97,53.82,23.97,106.47,0,95.2,1809.9,0
8.98,70.84,3.76,10.06,68,1020,7003,8.74,46.36,19.42,93.08,0,28.1,1551.7,0
31.58,75.6,5.44,6.48,340,2720,20088,13.69,55.25,19.72,102.24,0,20.6,1481.3,0
27.33,51.95,18.44,15.08,324,5508,30223,8.58,58.63,23.48,4.19,0,54.2,2090.5,0
15.15,70.81,11.17,25.49,296,5920,29955,10.22,50.34,18.0,175.96,0,44.7,1040.7,0
9.88,29.23,1.71,25.13,200,3000,17072,11.01,43.51,17.02,111.16,0,80.3,1445.0,0
17.85,56.94,2.21,20.38,194,4074,21152,12.33,49.81,17.74,78.52,0,45.5,974.9,0
12.98,74.63,7.14,10.35,199,3781,19184,7.0,51.13,18.44,61.85,0,48.1,1088.4,0
35.39,90.71,6.2,8.34,274,5206,29739,10.98,62.48,27.66,121.17,0,96.8,2223.7,0
5.27,36.06,28.63,18.6,342,5814,28518,1.0,41.93,14.62,29.06,0,36.8,1403.5,0
7.67,38.08,12.74,14.82,279,4464,21860,12.65,42.95,16.14,40.69,0,80.2,908.9,0
45.06,47.13,3.1,18.6,123,1968,15144,11.83,63.74,26.56,13.15,0,34.8,2337.3,0
18.48,57.47,0.43,36.9,349,7678,37509,7.52,48.79,17.46,292.05,0,53.3,1025.7,1
40.38,45.28,1.62,12.02,327,5886,33677,6.6,55.98,21.53,194.07,0,75.2,1600.1,0
9.73,68.39,18.08,7.74,127,2794,14335,8.01,45.04,20.99,69.62,0,77.4,1198.8,1
51.64,50.77,28.17,8.87,335,3015,23308,27.26,62.34,35.36,3.99,0,83.1,2550.2,0
31.44,44.31,22.89,13.25,152,1520,12084,10.71,56.99,20.1,79.93,0,29.2,1627.2,1
32.16,39.36,23.4,8.65,172,2752,17412,23.02,55.26,21.37,91.8,0,45.6,1858.3,0
25.03,55.83,4.54,19.07,257,3855,22178,10.59,48.52,22.96,6.16,0,58.3,1868.9,0
12.53,61.9,67.77,18.55,128,2304,12943,5.76,47.41,18.27,139.83,0,36.7,1407.4,0
22.02,68.62,1.36,26.4,122,1342,9237,4.84,53.6,21.41,2.17,0,78.4,1524.0,1
39.31,49.22,25.81,26.53,230,4370,26307,8.46,59.68,29.87,67.64,0,93.6,2234.8,0
17.01,62.1,1.53,2.68,199,4378,22517,4.18,48.21,22.76,22.29,0,77.5,1795.9,0
5.98,78.64,4.67,7.61,106,1272,8040,6.32,46.89,17.93,67.36,0,53.0,1256.3,0
25.14,73.44,10.26,13.01,276,3036,19776,10.82,55.05,19.19,117.32,0,56.1,1379.0,1
17.67,48.73,0.82,6.22,175,4025,20564,8.02,48.06,19.07,16.02,0,87.6,1588.6,0
35.52,65.2,7.52,11.77,180,2160,16043,13.13,51.53,21.32,172.99,0,53.0,1448.8,0
33.06,52.27,6.46,7.66,254,5588,29659,6.43,55.84,21.55,130.77,0,68.1,1964.1,1
11.29,48.44,15.63,9.5,306,2448,15440,7.84,44.28,18.2,11.47,0,51.9,1157.0,0
37.69,41.05,18.99,33.25,122,2440,15147,7.59,58.41,26.14,6.47,0,68.3,2002.0,0
36.56,81.6,1.42,25.49,60,1320,11309,16.34,59.55,28.62,8.87,0,84.9,2281.4,0
43.04,44.43,0.58,12.4,125,2750,18647,11.43,55.97,29.08,93.16,0,95.0,2078.3,0
40.22,52.64,22.43,7.19,303,6969,36669,9.08,59.47,27.01,90.46,0,98.7,1899.0,0
39.05,26.42,11.26,14.99,141,3243,19719,17.8,56.97,25.1,106.27,0,25.6,2055.6,0
49.04,71.5,11.47,3.38,165,1485,14539,13.6,62.38,30.55,28.86,0,54.9,2264.2,0
54.42,54.5,59.23,18.3,165,1485,15101,5.69,66.21,37.04,43.98,0,52.2,2475.7,0
30.85,72.82,8.64,17.3,144,2736,16355,4.83,55.97,23.4,167.08,0,94.6,2016.6,0
34.61,60.3,3.28,6.08,123,1476,12239,6.56,61.1,20.4,19.17,0,23.3,1226.2,0
18.09,57.02,17.12,27.5,254,2286,15899,9.27,52.17,16.53,52.05,0,50.0,1200.8,1
9.63,67.6,25.37,8.62,137,2740,14958,4.89,45.11,20.15,17.12,0,91.2,900.4,0
35.7,54.83,10.47,7.11,90,720,8677,6.44,57.87,22.48,35.75,0,89.9,1047.4,1
34.91,27.4,17.66,13.7,196,3528,21382,6.77,53.89,24.77,84.14,0,94.0,1948.1,0
32.11,58.97,10.82,5.59,124,2108,13351,6.79,52.43,21.66,56.26,0,43.6,1694.1,1
48.69,71.68,7.85,7.34,161,1932,15474,14.35,65.58,31.36,14.62,0,34.7,2528.5,0
5.79,42.05,0.52,15.21,242,2178,12811,11.32,48.45,16.93,59.61,0,69.0,1125.7,1
39.08,23.4,2.86,9.4,344,3096,23024,8.21,53.84,21.02,111.96,0,62.2,1574.9,0
11.47,44.22,9.8,28.76,276,2208,14378,4.67,49.39,18.53,60.65,0,74.0,1439.1,0
37.31,59.93,7.58,4.85,98,1666,11916,4.95,62.88,20.81,414.66,0,34.8,1784.8,0
5.91,37.33,27.76,13.05,93,930,5317,8.01,40.9,19.04,34.06,0,97.5,1438.9,0
33.15,53.26,1.72,22.45,209,1881,15255,15.11,59.01,25.06,1.68,0,39.5,2174.0,0
70.52,61.14,0.77,19.83,295,4130,29297,10.04,71.78,49.29,107.42,0,55.3,3081.6,0
21.19,41.84,1.37,8.12,265,3975,21800,7.68,48.73,19.22,137.51,0,79.1,1673.2,0
17.94,74.37,17.0,36.8,117,1872,11229,10.5,53.37,23.54,116.63,0,96.2,1540.1,0
44.62,65.17,13.54,4.0,122,2318,16218,12.8,60.78,30.64,185.68,0,61.0,2484.3,0
37.55,39.92,15.0,12.0,246,3690,22617,16.27,60.54,22.1,48.81,0,35.2,1851.4,0
17.47,65.44,2.56,21.32,130,1690,11594,23.81,51.61,19.3,68.43,0,69.8,837.5,1
30.41,42.61,10.9,25.45,185,2775,18536,14.14,55.19,18.21,33.45,0,30.0,1362.1,0
30.07,47.27,21.89,7.13,65,520,6184,14.3,54.71,22.13,7.57,0,55.9,1745.3,0
38.97,55.64,17.27,13.36,95,1520,11698,9.9,59.39,24.62,32.17,0,32.9,2127.1,0
45.92,67.36,8.66,19.72,347,6940,37422,5.21,63.81,28.73,20.59,0,39.2,2197.3,0
36.03,54.34,1.64,11.04,296,5920,32521,17.36,57.58,27.01,53.06,0,90.4,2036.6,0
35.04,61.2,30.68,5.97,277,4155,25796,11.58,55.23,27.71,37.6,0,73.5,2216.5,0
21.27,76.5,11.2,4.36,129,2451,14524,6.26,46.33,19.75,32.38,0,78.2,1395.3,1
60.11,58.92,33.06,8.24,93,930,12819,22.15,65.73,38.83,25.72,0,33.9,2741.7,0
28.32,45.53,8.66,8.76,230,2070,15563,8.43,53.29,25.6,24.91,0,95.5,1880.5,0
35.07,65.46,4.06,7.74,109,1744,12780,14.06,56.48,21.4,55.36,0,25.2,1349.6,0
46.55,46.8,5.51,37.31,216,4104,25511,21.03,61.85,32.08,144.51,0,95.7,2525.6,0
23.36,50.68,8.12,17.02,321,7383,37100,20.67,48.02,19.84,21.71,0,40.1,1462.8,1
35.34,63.45,14.29,10.27,124,2852,17335,10.61,53.79,20.95,147.34,0,25.1,1874.0,1
34.03,63.79,21.97,10.67,213,2130,16152,10.13,56.43,24.36,26.92,0,57.4,1971.8,0
62.65,52.28,4.17,11.07,209,2717,21992,11.84,68.53,36.16,129.33,0,59.8,2281.2,1
13.67,50.31,3.12,17.42,168,1512,10162,6.63,52.61,19.89,130.4,0,83.6,1293.0,1
7.76,82.41,3.4,6.38,75,900,5646,3.84,45.75,18.29,102.57,0,71.4,1287.1,0
27.88,22.11,40.89,6.87,204,2652,17207,6.17,48.65,19.68,36.96,0,50.1,1671.6,0
29.33,60.47,2.69,12.0,173,3287,19477,10.22,50.58,26.25,138.89,0,69.0,2187.2,0
3.39,55.26,6.36,2.33,167,2672,13307,4.01,42.62,17.58,32.39,0,68.3,800.0,1
32.63,48.67,9.98,7.5,119,1309,10273,11.16,55.79,27.13,68.97,0,94.8,1920.2,0
3.86,59.32,12.19,20.87,346,7612,35511,10.98,44.98,16.43,107.58,0,22.8,1140.7,1
24.15,40.37,29.29,19.55,84,1428,9711,15.12,50.2,19.63,28.43,0,72.3,1817.0,0
38.56,35.46,1.8,4.64,302,4832,28791,11.37,58.34,28.5,144.43,0,80.5,2215.4,0
11.36,70.62,1.71,11.4,135,1890,10936,3.0,49.65,20.91,28.47,0,66.6,1333.3,1
35.95,44.9,5.71,5.51,216,3456,21008,12.91,55.95,19.62,141.06,0,89.7,953.6,1
22.52,53.16,8.0,7.71,73,1533,9915,8.71,50.99,22.71,13.03,0,96.9,1729.3,0
29.63,21.17,7.02,8.35,147,1470,10984,3.75,50.89,20.74,123.85,0,39.8,2209.4,0
35.76,28.99,7.46,18.05,84,1932,12984,13.29,51.26,27.8,26.23,0,89.6,2405.4,0
26.41,58.79,28.6,21.35,170,2720,17242,12.68,53.92,22.23,26.22,0,61.1,1540.9,1
38.36,71.25,27.18,8.96,83,1826,13851,6.64,62.93,28.23,58.4,0,75.9,1912.8,0
34.43,44.71,24.56,4.91,318,4452,27809,20.09,51.33,25.86,49.66,0,40.4,2270.0,0
42.47,79.48,21.11,4.12,138,1932,15100,9.02,60.68,32.78,208.9,0,86.1,2466.0,0
4.5,74.29,0.62,23.97,101,2121,10495,4.61,43.91,19.25,17.93,0,57.7,800.0,1
51.25,68.28,2.43,10.25,313,4069,27004,12.29,59.24,31.79,121.82,0,76.4,2424.8,0
26.82,71.26,19.76,10.69,342,7182,37037,8.58,50.21,24.43,180.98,0,89.4,1852.8,0
15.25,74.72,13.55,6.09,65,1105,6803,4.66,50.5,21.42,100.59,0,70.3,1071.7,0
11.68,47.2,16.81,21.04,225,2025,12861,4.25,46.61,17.47,19.68,0,68.2,1203.2,1
16.27,47.91,18.93,17.49,291,4074,22683,9.65,50.17,17.02,221.95,0,25.3,1573.0,0
30.8,65.44,36.35,9.36,348,7656,39119,7.75,58.84,25.21,180.74,0,74.8,2078.0,0
19.14,36.35,15.12,6.94,305,4575,25072,11.09,49.8,17.74,115.37,0,48.6,1530.3,0
43.61,59.98,4.84,13.52,336,5712,32997,13.45,62.88,25.66,144.59,0,88.6,1650.5,0
13.45,61.89,1.3,3.98,174,1392,9451,4.19,46.63,19.66,74.7,0,55.9,1614.3,0
34.08,65.49,8.49,16.25,124,1860,13733,8.26,62.59,23.77,60.26,0,87.8,1706.3,1
38.9,63.6,18.56,10.1,291,4365,25721,8.95,57.43,25.06,40.16,0,89.2,1706.8,0
34.36,35.68,4.97,13.54,135,1620,11938,6.5,53.51,23.56,42.63,0,75.1,2152.6,0
22.26,29.42,1.92,11.87,222,5106,25409,17.4,50.39,15.35,6.97,0,26.3,1585.3,1
17.87,55.99,100.18,20.2,210,4830,23851,11.06,50.09,18.79,38.6,0,40.1,1774.0,0
37.96,91.69,8.14,20.99,157,1727,15126,4.65,59.75,24.16,338.63,0,41.3,1931.4,1
20.24,40.58,3.66,22.7,157,3297,18905,9.91,52.93,18.59,75.02,0,80.4,1569.2,1
21.09,50.17,2.7,12.91,155,1395,10170,7.46,52.78,19.7,23.12,0,91.8,1308.3,0
20.26,59.47,29.79,11.6,206,2060,13552,6.69,50.69,20.83,31.02,0,69.8,1730.4,0
44.68,46.92,25.69,8.11,269,2690,19892,12.88,59.97,29.55,88.47,0,39.2,2461.9,0
39.67,64.83,14.25,8.57,314,4082,25518,13.27,55.12,27.96,85.33,0,47.0,2236.2,0
7.19,65.66,11.88,15.02,312,4056,22444,3.47,46.4,17.72,25.25,0,62.1,823.9,0
37.81,78.12,45.37,12.29,259,5957,32490,15.04,58.97,27.09,98.76,0,27.2,2237.1,0
6.85,63.25,3.89,25.26,172,2752,13994,3.08,48.21,21.39,50.64,0,85.4,1546.5,0
26.18,50.05,8.05,10.58,286,4290,24612,21.24,50.46,21.56,11.25,0,70.1,1671.1,0
39.78,68.02,0.37,5.14,172,2752,19492,14.14,59.5,25.82,110.09,0,38.0,2062.8,0
23.69,54.4,8.13,13.3,236,4248,23474,7.92,51.11,20.88,93.39,0,93.0,953.0,1
3.5,49.34,7.27,21.24,287,2296,14743,10.1,40.33,18.41,112.11,0,62.2,1321.1,0
49.79,48.79,44.78,16.56,113,2034,16067,17.34,64.3,32.46,4.72,0,24.2,2396.7,0
44.95,47.59,6.65,16.17,295,5605,32693,8.82,58.81,28.59,66.04,0,76.9,2360.0,0
27.75,71.34,27.01,22.32,290,5800,30344,9.79,58.1,22.29,137.21,0,57.9,1617.6,0
29.82,71.12,21.82,13.81,99,1683,12411,12.34,59.13,23.66,2.74,0,58.7,2095.3,0
41.26,59.23,2.39,4.53,237,4503,26035,5.96,63.42,29.57,63.77,0,75.3,2402.6,0
10.81,48.32,49.34,20.19,308,2464,16526,3.9,48.55,18.69,55.06,0,35.6,815.5,0
14.33,57.82,14.95,14.41,320,7040,34648,5.34,51.06,21.48,57.98,0,96.0,1606.8,0
21.13,43.97,13.62,11.29,97,1067,7333,6.67,47.27,21.58,6.62,0,85.5,1294.7,0
76.39,53.62,0.18,5.84,236,2832,24046,9.71,74.1,35.34,63.85,0,92.2,1708.3,0
30.65,32.33,18.02,7.54,289,4046,24887,4.11,56.41,22.9,5.27,0,92.7,1793.6,1
38.41,53.29,0.86,4.03,217,2170,16299,7.0,60.58,24.91,28.37,0,52.5,2270.2,0
37.39,68.07,3.08,8.82,130,2340,16792,5.02,60.25,20.3,81.02,0,46.2,1166.3,1
32.01,47.02,1.56,8.48,132,2376,15422,9.59,52.44,24.29,80.98,0,64.4,2199.0,0
6.11,70.44,7.13,11.3,344,7224,36007,12.67,42.96,17.22,0.65,0,29.4,1775.5,0
7.96,64.2,23.82,31.09,89,712,5005,15.29,48.91,18.44,27.47,0,60.9,946.6,0
39.94,61.54,18.43,21.62,270,4050,25170,8.74,60.34,27.01,78.7,0,67.0,2122.1,0
40.95,46.56,1.69,12.43,337,4044,26147,15.71,60.26,25.45,48.1,0,29.2,2130.3,0
26.06,41.35,24.03,7.74,190,2280,15218,7.29,52.66,22.4,19.51,0,79.2,2050.8,0
25.15,70.05,9.27,6.1,116,1508,10699,10.6,54.72,23.59,1.76,0,93.1,1795.9,0
6.54,37.36,0.5,23.12,89,1424,7595,11.77,50.76,14.45,359.19,0,43.7,1271.2,0
13.47,49.14,3.8,5.64,75,675,5425,5.32,46.15,14.65,24.21,0,20.7,965.3,0
36.79,58.69,23.07,6.04,292,5256,29726,8.0,55.92,29.47,111.46,0,90.9,2238.9,0
22.7,91.22,19.82,56.76,214,2354,15011,14.56,58.64,20.94,20.23,0,49.6,1651.8,0
40.0,65.77,3.13,10.81,232,4408,25921,8.69,59.9,24.43,42.67,0,20.5,2225.9,0
32.62,45.07,0.58,42.31,129,1419,12089,9.31,57.08,21.48,49.98,0,29.1,2057.2,0
28.07,54.74,5.25,9.85,250,3500,21201,8.7,58.03,24.13,39.49,0,73.9,1847.5,0
11.62,51.5,23.77,25.75,77,1001,6918,5.28,49.73,16.05,68.38,0,62.3,800.0,1
23.48,59.92,41.8,14.3,99,1287,9342,10.25,54.02,21.76,55.42,0,33.9,1679.0,0
24.21,69.96,12.76,8.02,197,3349,19930,11.64,52.6,23.55,23.1,0,62.8,1780.9,0
26.76,45.72,1.43,7.13,145,3045,17488,10.34,52.54,20.11,185.45,0,50.1,1847.1,0
18.72,57.92,10.46,3.21,292,2336,15854,8.53,51.25,17.52,121.26,0,37.6,1497.8,1
33.07,69.65,100.77,6.69,339,5424,30899,11.4,55.17,25.49,70.51,0,88.1,1767.7,0
56.17,37.03,41.87,18.39,116,1624,14795,7.4,65.56,24.55,115.79,0,85.9,1326.4,1
18.13,52.93,74.89,11.64,66,660,6381,10.34,45.58,22.14,149.05,0,74.4,1347.0,1
68.59,49.48,18.03,8.65,199,3383,24319,16.01,70.93,49.63,28.98,0,35.2,3174.0,0
39.17,54.71,8.33,11.35,268,2948,21171,18.04,58.65,24.05,196.96,0,52.0,1950.7,1
15.42,21.72,33.54,21.53,119,952,7301,3.85,47.39,20.21,49.91,0,78.2,1699.1,0
13.51,44.45,33.83,5.3,244,2196,14215,8.04,44.79,20.46,15.35,0,83.5,1704.7,0
54.67,23.34,2.34,14.96,207,2691,19439,10.98,68.15,35.97,26.91,0,93.9,2665.6,0
7.41,39.01,22.4,4.95,240,3360,17700,4.08,47.8,16.39,113.53,0,33.0,1070.1,0
22.47,57.02,37.76,2.29,109,1308,10073,8.05,50.81,21.16,23.52,0,45.6,1743.0,0
22.65,61.15,34.32,8.4,74,1628,11022,10.8,52.53,21.94,20.33,0,34.4,1660.8,0
26.6,49.09,18.41,9.09,260,2340,17111,3.8,54.23,24.12,56.87,0,98.7,1607.9,0
39.66,23.31,11.56,9.97,131,1834,14700,9.8,58.28,21.66,79.32,0,84.4,1313.7,0
15.46,46.2,22.49,11.42,274,3836,20920,6.19,48.94,20.19,60.26,0,53.9,1265.5,1
21.47,36.18,10.89,16.65,194,1940,14466,2.99,50.84,19.36,53.25,0,75.0,1442.1,0
32.47,51.17,5.81,7.77,279,5301,29655,5.46,53.58,24.29,5.45,0,83.1,1571.9,1
32.32,56.44,4.5,5.44,154,1232,10725,4.68,55.07,26.42,49.06,0,74.0,2234.2,0
48.06,30.83,11.67,23.14,163,3586,22451,14.49,62.98,27.13,112.32,0,32.0,2362.9,0
10.12,49.25,9.13,25.92,122,2562,12780,12.29,38.65,16.2,100.49,0,20.4,1265.7,0
38.49,21.95,11.15,13.7,202,1616,14759,8.95,59.81,26.59,37.92,0,86.6,2043.3,0
23.8,52.11,4.53,15.95,245,5145,27508,11.69,51.23,20.33,69.76,0,74.3,1461.3,1
33.62,52.05,13.4,22.03,66,1320,10410,6.45,57.41,26.01,19.2,0,88.6,2151.7,0
17.78,32.36,16.27,22.16,293,5860,30175,8.33,53.66,17.52,8.38,0,31.9,1413.1,0
41.22,33.31,24.66,5.87,242,4840,28473,8.33,59.8,23.65,50.72,0,48.5,1679.4,1
16.07,81.48,13.37,10.51,273,4914,25725,9.61,50.24,19.61,95.18,0,37.0,1425.6,0
38.17,60.11,21.16,4.46,308,5852,31832,10.6,56.85,27.28,139.16,0,84.7,1909.1,1
36.54,44.52,2.78,14.28,112,2240,15661,16.13,58.82,26.9,107.43,0,57.0,2119.2,0
20.46,50.03,1.94,17.37,209,3135,17254,12.37,49.7,21.0,152.89,0,97.0,1407.2,1
63.52,37.14,2.97,5.32,144,2016,18307,13.27,67.07,35.65,72.73,0,97.3,2265.4,1
37.24,58.35,28.09,18.0,165,3465,21274,15.51,55.78,25.76,47.23,0,79.1,1911.6,0
15.5,53.26,12.18,21.45,330,3630,21251,7.28,52.12,20.07,22.37,0,53.4,1529.9,0
29.66,65.94,9.11,29.79,111,1221,9834,12.69,54.11,25.48,115.64,0,80.2,1852.6,0
15.76,70.39,21.54,11.06,139,2780,14491,4.75,52.72,17.33,64.33,0,26.7,1180.8,1
35.58,75.24,1.99,16.19,306,5814,31903,6.61,60.98,23.48,189.91,0,32.7,2166.9,0
41.55,67.9,0.1,26.87,288,2304,17620,10.57,59.51,27.14,2.29,0,65.0,2197.9,0
14.73,51.75,5.59,5.98,255,4845,24917,10.84,47.72,19.21,13.88,0,74.8,1381.2,1
5.97,34.63,4.29,11.18,312,5928,29556,11.48,47.25,18.4,38.73,0,96.5,1272.5,0
4.71,50.6,5.51,5.61,77,616,3243,4.86,41.92,13.56,65.65,0,20.7,1363.4,0
52.76,54.27,54.5,12.51,164,1312,13920,13.12,65.17,24.71,167.44,0,22.4,1934.3,1
30.4,60.93,12.58,10.62,96,1440,11422,4.66,54.01,25.19,20.24,0,65.3,1587.2,1
29.96,46.58,13.34,8.29,134,1206,11141,6.15,53.57,17.11,2.52,0,38.2,1147.0,0
22.21,36.98,15.99,17.62,321,4494,25553,4.48,49.61,18.16,9.96,0,83.6,968.0,0
16.38,58.84,7.61,7.71,92,1564,8625,5.33,49.4,19.86,57.55,0,40.8,1617.0,0
6.84,91.26,57.93,9.59,95,1330,6962,10.79,46.11,21.15,61.68,0,82.4,800.0,1
55.01,76.4,54.32,23.81,298,4172,27147,11.66,67.24,35.97,69.11,0,40.9,2596.6,0
11.81,72.87,22.0,40.89,154,1848,11562,7.15,48.63,17.98,36.31,0,38.6,1334.6,1
34.12,49.46,3.57,28.75,239,3107,20527,7.6,57.98,23.32,71.05,0,48.3,2116.8,0
34.58,43.73,31.83,14.26,196,3528,20896,8.91,54.7,26.63,35.81,0,77.6,2134.2,0
20.97,66.43,1.6,18.92,138,2622,15337,26.8,51.9,21.4,61.98,0,38.3,1842.9,0
14.25,73.91,14.91,14.53,344,5160,26879,10.7,49.47,20.11,3.82,0,38.4,1450.7,0
32.56,51.06,9.17,3.62,191,2101,14994,3.89,53.0,22.63,98.29,0,46.6,1617.9,0
17.83,46.23,0.6,4.61,275,2750,17186,8.64,46.6,21.98,118.57,0,92.6,1725.2,0
12.03,46.95,35.14,10.27,275,5500,27587,4.78,43.37,15.45,320.73,0,29.6,1264.1,1
14.2,58.22,48.7,38.58,167,3173,16266,10.35,48.4,22.41,13.14,0,93.5,1791.8,0
20.12,54.0,35.69,5.96,249,2241,15321,8.65,53.04,20.2,75.67,0,42.0,1808.1,0
6.97,55.22,3.21,18.87,218,2398,12811,3.22,45.97,18.38,9.82,0,70.7,1651.8,0
3.36,73.64,6.07,5.76,255,2040,11757,5.95,43.02,17.28,140.84,0,37.1,891.3,1
5.2,67.99,46.76,21.05,335,3685,19998,6.89,47.17,17.8,31.75,0,31.5,1134.1,1
26.6,52.38,1.69,17.03,65,715,7492,7.39,56.07,22.42,149.23,0,37.9,1896.4,0
3.27,54.99,13.13,5.71,256,5632,26988,9.42,46.2,20.22,216.89,0,57.2,1347.0,0
3.81,70.21,9.97,13.06,118,1888,9263,2.66,45.39,20.38,31.89,0,84.7,843.2,1
46.74,62.93,2.47,18.05,266,4522,27800,7.4,66.65,22.57,40.52,0,27.5,1856.1,0
14.0,79.72,32.65,13.99,140,2240,13246,6.49,55.46,21.26,14.75,0,87.4,1348.6,1
26.38,65.15,2.16,24.93,340,4420,26937,3.63,53.34,17.92,12.92,0,42.7,1354.3,1
43.61,58.88,13.47,18.73,166,1660,14649,8.31,61.46,26.74,1.63,0,79.0,1929.1,0
16.06,47.62,5.74,36.91,177,3894,20448,11.12,45.46,19.5,167.6,0,55.3,1336.2,0
42.9,31.46,8.12,31.52,201,3417,21291,15.05,57.58,20.23,0.25,0,26.0,1657.3,0
26.72,70.91,3.56,16.44,100,1900,12443,8.78,53.16,22.92,65.81,0,32.4,1897.4,0
33.92,71.07,14.7,19.98,239,3824,23002,14.37,57.46,26.99,234.86,0,78.6,2054.5,0
50.1,75.46,67.21,10.73,267,5607,32213,9.09,67.13,33.1,17.92,0,22.9,2635.8,0
18.52,36.7,26.9,15.64,234,5382,26524,7.53,42.47,16.45,20.69,0,29.0,1484.1,0
36.72,60.74,17.24,18.23,335,4355,26380,9.66,56.0,21.08,115.87,0,36.7,1293.3,0
1.57,44.94,21.18,8.78,300,6600,30712,6.98,46.45,16.13,137.06,0,46.9,1106.4,1
3.64,53.47,27.42,30.52,131,2096,11295,5.91,43.86,17.45,43.69,0,49.1,1023.5,0
35.66,31.57,9.6,9.69,175,2975,18583,12.15,56.78,22.89,33.77,0,69.7,2008.3,0
19.92,44.82,12.56,14.64,219,4599,23770,11.36,48.41,16.14,38.93,0,43.1,1196.4,0
27.63,53.44,33.88,10.92,178,2848,16551,6.29,52.82,20.91,100.4,0,20.0,1832.9,0
11.58,60.92,17.86,29.44,193,4439,22165,10.08,43.35,18.36,30.58,0,75.2,1005.6,1
34.67,66.25,2.19,5.33,137,3014,18735,6.09,56.51,23.94,185.03,0,76.9,2120.6,0
51.53,78.86,22.68,5.66,221,3978,24475,7.88,68.52,27.47,25.57,0,21.5,1878.3,0
23.76,53.21,0.34,8.53,263,5260,27612,7.97,54.78,22.25,30.7,0,53.4,1748.1,0
27.98,47.95,28.21,9.71,93,2139,13408,8.01,55.23,21.14,24.95,0,23.2,2172.4,0
27.84,60.24,23.29,12.59,75,1650,11875,16.59,52.07,23.29,77.16,0,48.4,1568.2,1
13.36,59.58,26.65,5.66,294,3234,18614,6.22,46.78,21.18,14.94,0,57.9,1685.3,0
20.72,38.27,0.36,14.17,342,3420,21871,8.83,49.38,19.69,25.73,0,99.5,1424.6,1
6.7,36.75,53.88,5.6,89,712,4602,5.01,40.49,18.14,240.62,0,49.3,1417.4,0
62.67,89.38,14.28,13.21,287,3444,26205,13.08,71.59,42.88,275.3,0,40.0,2741.8,0
36.75,59.1,24.15,24.89,107,1177,10356,9.46,55.56,28.26,155.89,0,69.6,2190.2,0
34.93,66.95,12.54,20.38,314,3140,21464,7.07,52.3,24.8,29.66,0,27.3,2043.3,0
28.31,63.5,6.23,9.89,95,2090,13485,11.33,54.89,21.15,146.04,0,33.5,1991.2,0
66.74,62.12,5.27,8.46,340,5100,32336,14.7,71.63,29.54,72.99,0,53.4,1646.6,1
2.57,74.02,1.09,56.93,198,4554,20192,10.4,49.46,17.71,55.29,0,47.6,1464.7,0
9.01,88.55,11.73,18.43,318,7314,35541,14.47,47.79,17.25,39.01,0,39.9,1160.8,0
44.82,63.38,2.33,18.03,256,4352,27175,13.55,59.72,27.36,4.3,0,39.7,1983.4,1
48.61,56.81,12.57,22.35,294,4116,27387,16.47,65.77,28.94,6.98,0,38.2,2266.0,0
23.47,70.26,14.71,17.16,235,5405,28337,6.28,54.63,19.13,87.56,0,57.2,972.9,0
57.35,51.62,8.75,17.08,134,3082,21469,15.38,65.64,29.03,56.79,0,92.8,1433.7,0
34.09,36.94,2.55,15.09,318,6042,32923,19.36,52.56,22.32,158.52,0,39.2,2133.2,0
68.88,64.8,8.5,14.81,131,1179,14863,11.42,77.31,30.73,37.64,0,56.6,1540.7,0
43.97,41.42,31.64,10.32,132,2508,17414,12.27,59.78,28.02,53.72,0,50.2,2109.5,0
32.81,43.2,9.19,11.69,159,2544,15508,5.39,54.3,23.27,53.24,0,80.7,2135.0,0
21.92,36.01,6.29,30.55,274,5754,29832,12.09,51.43,19.08,15.83,0,46.9,1616.0,0
42.28,17.33,14.9,20.39,254,3810,24206,13.06,57.48,22.76,465.35,0,54.5,1701.8,1
9.45,35.2,14.47,7.48,102,1836,10067,14.99,43.09,16.18,17.31,0,21.1,1507.6,0
16.44,56.61,1.42,21.39,187,3553,18005,8.86,53.1,18.99,62.53,0,20.7,978.2,0
23.87,73.01,4.05,11.73,245,4165,23390,8.16,53.92,22.47,91.95,0,56.3,1743.0,0
49.96,46.99,10.23,7.85,308,3388,23696,7.16,64.87,30.42,120.03,0,36.5,2443.1,0
36.18,44.61,6.84,15.74,75,825,8957,9.59,54.33,25.28,8.15,0,73.8,2083.8,0
42.09,54.05,5.78,7.34,114,2508,17603,7.78,58.79,27.3,108.4,0,74.9,1960.2,1
42.78,53.92,8.85,7.13,233,3262,21704,15.46,60.87,29.66,95.87,0,52.4,2430.1,0
48.51,54.16,5.14,26.46,131,1834,14787,13.69,60.77,31.46,69.28,0,57.2,2607.9,0
29.22,70.93,6.4,5.89,316,3476,21416,5.87,55.63,21.52,7.54,0,29.6,1624.9,1
37.12,50.37,22.28,13.83,102,816,9414,8.99,55.72,24.64,62.37,0,97.6,1124.4,0
34.28,47.66,10.71,20.8,147,3087,18722,7.13,53.44,25.28,65.18,0,71.3,1798.8,0
49.13,55.2,30.94,7.49,200,4200,25534,6.67,67.22,35.31,264.05,0,89.2,2535.4,0
23.9,64.78,44.51,23.75,245,3185,19068,8.24,54.02,22.15,2.97,0,60.2,1358.4,1
17.17,97.96,38.28,17.83,137,1781,11154,3.99,54.22,20.55,120.03,0,37.6,1365.5,0
5.8,81.19,4.39,96.87,261,2610,14777,0.7,45.22,20.42,81.1,0,42.1,1409.4,0
24.15,58.7,9.61,13.49,63,1323,8697,5.88,53.91,19.98,57.83,0,35.4,1625.8,0
17.17,47.31,11.49,38.03,314,6594,32828,4.26,44.75,19.85,119.51,0,61.6,1569.8,0
28.24,53.71,28.68,6.0,220,2640,17633,5.76,54.32,17.83,40.62,0,44.0,1030.6,0
7.19,44.92,12.28,7.7,170,3230,15680,2.08,41.93,19.51,14.74,0,89.7,1453.0,0
6.42,58.25,4.37,24.06,200,3000,16004,17.78,45.77,20.02,56.15,0,85.0,1447.0,0
11.92,59.84,11.9,8.88,323,3553,20591,9.75,49.57,17.77,133.12,0,59.8,1257.5,0
60.62,64.16,0.68,9.36,308,4928,31510,9.55,70.48,40.23,8.33,0,94.9,2403.0,0
21.39,25.49,26.95,38.37,336,5712,30385,11.98,49.14,20.68,100.07,0,51.8,1540.7,0
28.08,41.87,12.52,18.64,122,1464,11050,5.67,49.66,20.0,18.17,0,43.6,1524.5,0
47.87,76.79,15.82,17.2,90,1080,11061,11.6,60.9,30.32,103.23,0,46.2,2447.2,0
29.66,38.47,3.36,14.76,135,2700,15757,8.21,53.1,22.66,116.66,0,64.2,1806.1,1
29.32,43.49,12.25,15.65,211,2954,18850,13.48,54.93,22.39,5.13,0,55.7,2014.4,0
12.59,50.13,11.35,4.35,122,976,6724,3.99,48.51,20.72,155.77,0,75.2,1149.7,1
53.55,76.32,14.5,13.71,87,1740,14966,6.77,66.16,31.36,26.82,0,89.9,1807.7,0
16.53,64.95,28.2,8.18,92,1196,8484,24.49,47.06,18.89,158.22,0,36.3,1467.2,1
15.78,50.83,21.69,22.84,330,2970,18154,3.53,44.14,19.61,44.3,0,67.5,1282.0,1
33.98,48.09,11.87,8.11,215,2150,16315,10.99,48.33,24.13,43.37,0,43.3,2219.3,0
41.09,44.76,33.58,8.88,343,6860,36486,5.46,60.01,25.26,40.52,0,50.4,2231.3,0
22.55,36.17,6.66,5.47,99,2079,13025,6.8,48.3,19.5,167.16,0,91.2,828.6,1
12.82,42.83,10.18,18.1,117,1755,10065,8.18,46.53,17.56,31.98,0,61.6,1555.4,0
16.78,81.42,15.72,29.16,72,792,6655,6.04,51.73,20.8,14.19,0,46.4,1442.9,0
23.9,77.33,8.72,7.22,143,3289,18349,10.33,54.26,24.02,3.01,0,66.4,1696.3,1
33.38,49.85,6.73,8.28,334,4676,28012,7.34,51.98,25.05,16.06,0,60.5,2037.3,0
16.04,47.58,1.79,22.48,85,1445,8379,9.89,43.7,20.7,108.15,0,81.9,1086.6,0
83.59,72.11,15.15,11.89,238,4046,31001,15.27,77.05,64.72,48.41,1,92.3,3259.7,0
57.97,45.93,3.21,14.03,333,3996,28368,9.51,65.03,37.15,123.52,0,22.7,2716.5,0
25.7,65.01,2.23,16.89,230,5290,28216,3.96,51.29,22.7,126.05,0,54.0,1778.5,0
12.64,38.4,3.02,10.64,82,1558,9478,10.57,47.6,17.88,2.07,0,35.7,1261.6,1
10.76,57.53,17.49,9.86,294,2646,16470,2.5,50.22,18.84,70.45,0,59.1,1616.6,0
57.77,47.92,2.23,7.06,159,1272,14544,9.46,66.35,38.01,30.51,0,59.1,2681.3,0
37.13,61.88,56.09,6.65,323,3876,25224,17.28,55.91,28.34,8.89,0,32.2,2289.7,0
6.98,74.36,21.32,3.94,325,3575,19917,2.49,46.38,19.67,26.85,0,98.5,1593.6,0
40.87,45.92,7.48,13.44,206,2678,18330,12.19,54.97,28.28,19.92,0,59.4,2190.8,0
10.61,39.01,13.49,13.44,211,2110,13362,1.93,50.75,16.67,90.16,0,31.1,1381.2,0
15.05,50.53,0.11,16.12,176,1584,10588,12.8,51.98,19.18,20.42,0,65.5,1283.1,1
39.42,75.06,27.92,20.75,220,2200,16612,11.58,61.81,25.71,38.68,0,40.7,1827.7,0
22.17,56.98,4.75,13.98,274,3014,17619,7.21,48.74,21.75,76.93,0,88.4,1655.7,0
54.95,53.88,1.12,5.29,160,2080,17620,9.85,67.15,35.48,31.15,0,69.1,2586.6,0
43.47,72.31,21.29,8.07,234,5382,30206,12.29,58.94,30.27,32.18,0,78.4,2284.2,0
30.1,62.78,6.0,6.73,178,2848,17934,10.61,58.47,23.96,20.46,0,69.2,1835.9,0
6.69,89.81,12.57,6.84,121,2299,11834,2.16,49.87,19.57,2.67,0,86.7,1252.7,0
21.99,38.63,27.87,17.11,148,2664,15970,8.24,48.95,20.17,9.9,0,58.6,1880.4,0
13.77,54.86,22.44,12.69,69,1311,8066,10.01,49.03,20.82,62.77,0,69.0,1593.2,0
21.52,34.26,6.16,7.16,140,2660,15757,8.11,48.18,20.72,29.53,0,84.1,1486.7,1
41.37,38.64,30.45,18.91,227,2043,16884,20.33,59.34,29.13,8.84,0,78.3,2285.4,0
28.31,74.7,7.39,10.76,73,949,8445,8.74,58.93,21.29,50.72,0,63.5,1845.5,0
18.29,41.46,10.4,7.82,248,4712,24532,19.36,43.48,16.05,9.28,0,38.3,844.2,1
18.52,78.49,14.22,15.61,262,4192,23520,11.75,49.03,19.83,67.11,0,74.5,1228.7,1
11.67,38.37,1.1,27.8,315,2835,17095,20.66,45.98,18.81,69.49,0,76.9,1466.1,0
15.01,53.61,13.64,8.33,233,1864,12519,11.75,47.11,16.97,33.21,0,76.8,1284.0,1
31.02,37.09,12.92,6.94,69,1242,9442,8.7,58.5,20.6,91.95,0,83.7,1195.2,0
39.6,64.83,31.01,15.94,105,2205,15820,14.94,54.97,25.52,82.47,0,90.7,1680.6,1
17.34,58.07,6.55,13.56,292,5548,28131,6.21,44.01,20.13,45.57,0,64.3,1629.3,0
39.26,73.87,4.16,9.42,295,6195,33869,6.22,61.18,27.93,53.35,0,82.2,2035.3,0
24.71,67.66,9.71,8.48,139,2780,16008,18.77,54.98,20.16,84.63,0,51.3,1668.6,1
50.57,56.85,17.44,13.32,182,2730,19301,8.44,63.16,35.87,259.4,0,99.2,2394.6,0
35.44,56.73,12.38,6.07,201,2211,15610,7.83,58.49,26.07,18.19,0,84.0,2092.9,0
30.45,36.02,2.23,9.52,345,6900,36889,8.48,55.81,21.89,34.22,0,72.8,1576.1,1
33.78,60.73,6.41,8.04,63,567,7612,19.8,56.63,22.82,10.72,0,63.9,2007.6,0
40.63,53.55,0.99,7.03,336,6048,34047,10.59,56.82,23.91,1.62,0,53.4,2004.6,0
19.14,64.88,20.17,14.16,209,4807,24542,11.01,50.01,19.19,33.51,0,90.4,1562.1,0
58.82,66.24,32.18,37.06,127,1905,16320,10.43,66.07,28.59,229.11,0,84.8,1534.1,1
13.14,45.36,0.7,4.81,338,4056,22199,6.05,44.15,15.66,47.14,0,30.7,1365.6,0
34.22,44.15,11.18,20.48,308,4620,27439,8.1,55.66,23.05,252.08,0,75.1,2052.9,0
35.27,56.16,12.52,12.9,129,1419,11434,9.3,55.81,23.08,55.62,0,79.3,1941.8,0
41.59,51.07,8.67,1.14,340,7480,38944,11.11,60.41,27.73,82.95,0,47.5,2214.6,0
9.19,33.09,10.48,9.8,117,1287,7460,2.46,44.54,16.31,96.21,0,59.1,1080.7,0
67.31,39.95,18.59,95.37,284,6248,37666,8.38,67.19,36.32,125.51,0,68.3,2170.9,0
14.97,71.13,9.92,3.57,138,2622,14556,6.81,51.08,20.77,161.96,0,38.2,1647.0,0
38.26,61.73,37.82,24.83,336,6048,33757,15.8,62.35,20.54,77.28,0,25.9,1434.5,0
33.44,54.6,11.68,15.67,268,5360,29927,8.81,56.85,21.65,195.9,0,23.9,1866.8,0
40.56,73.75,1.12,7.09,170,2040,15125,11.2,62.32,22.93,153.56,0,34.7,1640.5,0
25.12,54.07,45.97,16.41,242,4356,24256,11.69,54.79,23.41,53.96,0,96.5,1685.2,0
8.48,65.6,2.38,15.73,185,1480,10120,2.12,43.83,16.17,86.82,0,29.5,922.7,1
40.84,54.45,23.02,11.74,131,2227,15176,11.96,57.21,29.32,366.78,0,77.5,2259.2,0
26.82,55.91,11.23,10.1,130,1300,9952,19.2,55.6,23.03,53.01,0,93.4,1895.2,0
29.64,98.0,20.26,9.63,252,3780,23497,13.22,56.38,27.11,58.9,0,58.0,1984.2,0
4.55,44.59,10.81,14.58,62,682,3830,13.87,41.91,18.14,6.41,0,44.2,1039.1,0
65.27,63.26,0.91,16.64,97,2231,18126,11.33,69.61,49.58,50.15,0,35.9,3162.5,0
11.97,62.94,7.05,21.94,285,5985,29559,8.22,50.12,17.3,4.42,0,56.9,1457.1,0
15.28,72.25,14.54,11.07,346,2768,18144,5.04,53.61,19.99,49.7,0,56.8,1097.3,1
30.43,53.91,14.87,15.11,174,2262,15065,6.92,56.98,25.43,73.71,0,82.4,2100.9,0
35.05,85.02,54.2,5.62,84,1848,12524,8.79,56.78,22.74,6.43,0,49.4,1296.5,1
44.23,49.58,13.98,4.3,343,4459,29586,6.24,59.08,29.01,178.0,0,84.4,1954.6,1
11.4,48.27,5.06,9.4,312,6240,30714,3.93,46.03,14.41,48.85,0,24.0,1007.6,0
66.76,67.65,0.67,6.07,316,2844,24278,11.31,67.79,39.66,77.22,0,24.3,2556.6,1
21.03,73.45,23.3,12.12,181,2715,15839,4.93,55.2,20.44,14.35,0,37.6,1368.6,1
38.26,36.29,33.01,15.61,107,1177,10947,6.3,55.8,24.19,38.51,0,40.4,1989.3,0
18.68,43.44,14.26,12.82,329,6251,32813,8.96,50.83,18.98,126.28,0,52.0,1882.2,0
53.71,57.56,9.88,8.93,201,3819,24540,7.36,62.98,31.75,30.8,0,44.5,2479.7,0
18.07,63.92,29.6,7.32,229,3435,18885,10.03,50.55,21.74,169.21,0,93.6,1278.9,1
22.05,75.23,4.12,18.65,300,4500,25181,3.8,55.78,18.64,10.87,0,39.4,1023.7,0
45.75,56.73,7.63,23.33,178,1780,16607,17.85,64.28,27.7,185.4,0,80.6,1950.6,1
51.39,72.32,10.63,12.25,236,4956,28299,16.3,66.46,26.18,20.36,0,52.4,1550.5,0
39.38,27.95,0.76,7.68,227,2724,19862,16.53,53.46,25.36,9.54,0,76.5,2118.3,0
26.55,36.98,17.5,19.11,338,5070,27935,4.26,50.83,20.09,30.19,0,83.2,1227.8,0
27.46,54.88,3.13,5.76,312,2496,17544,6.27,48.24,21.79,34.6,0,53.8,1899.9,0
47.07,70.67,6.08,6.43,250,4250,26418,11.84,65.45,29.32,31.71,0,82.9,1942.1,1
51.39,50.17,8.03,17.93,290,3190,23331,10.55,63.2,22.29,19.29,0,43.0,1458.6,0
14.91,50.63,15.26,4.65,209,2090,14001,11.11,45.17,17.78,291.05,0,23.8,1312.5,1
6.29,60.72,1.02,5.67,76,988,5033,8.73,46.76,18.75,33.6,0,85.8,800.0,1
8.62,51.59,6.25,25.13,217,3906,20449,13.11,44.49,16.46,158.18,0,52.2,970.2,1
48.99,76.05,4.81,4.57,344,5848,34557,7.4,62.99,30.08,125.61,0,53.6,2027.5,1
25.58,56.49,0.1,10.02,162,2430,15498,15.58,55.17,23.05,27.31,0,73.1,1800.7,0
18.91,91.88,17.65,34.9,155,2480,14489,8.51,60.04,22.92,35.23,0,85.4,1227.5,1
17.23,57.28,4.04,17.41,328,4592,24236,4.32,52.59,20.3,35.79,0,73.5,1528.8,0
59.7,49.32,2.73,6.56,69,1242,13666,8.75,66.71,36.12,8.47,0,52.6,2501.4,0
50.51,56.34,23.99,15.05,281,2810,20817,10.75,61.19,24.59,114.13,0,45.5,1452.4,1
28.94,71.41,0.6,15.7,257,3084,19388,24.61,54.84,25.35,61.65,0,48.1,2123.9,0
41.26,52.53,34.57,6.29,180,2160,16831,6.51,61.15,25.38,22.8,0,45.8,2124.3,0
35.69,12.84,17.42,16.7,250,2000,15342,13.4,51.69,25.68,32.39,0,69.7,1876.0,1
20.06,47.89,2.83,26.96,274,5754,29263,15.43,47.01,19.06,62.91,0,78.9,1165.9,1
35.15,20.24,6.46,31.32,287,6027,33391,12.22,58.12,22.17,45.39,0,46.9,1870.8,0
23.55,62.74,44.93,15.96,236,2124,14816,16.34,53.5,20.85,6.22,0,47.4,1701.7,0
50.78,38.18,14.47,19.87,193,2702,19862,16.49,64.68,24.11,30.47,0,34.3,1690.5,0
30.37,55.71,14.07,7.09,203,2233,15405,11.29,53.96,22.49,26.06,0,58.2,2152.0,0
35.51,32.93,15.88,34.34,71,710,7917,8.18,56.47,25.1,9.29,0,78.3,2001.9,0
25.19,53.72,9.32,7.18,311,6842,35473,11.1,49.37,20.21,8.73,0,45.8,1500.7,1
30.72,57.55,2.75,8.12,229,2519,16847,5.69,53.85,24.84,89.29,0,67.6,2086.1,0
40.76,47.58,2.45,9.47,344,7912,41739,6.08,59.23,22.91,25.07,0,55.1,1481.2,0
29.73,54.32,17.44,8.89,145,2030,14654,20.04,56.71,24.04,181.14,0,68.3,2099.5,0
46.49,29.75,32.3,6.05,335,6365,35853,16.94,58.04,23.44,65.05,0,60.3,1790.4,1
40.03,55.67,5.35,10.28,310,7130,37376,14.08,61.96,20.68,15.1,0,49.1,1346.1,1
35.47,45.42,10.5,30.47,348,3828,25346,11.96,54.65,20.22,36.26,0,78.3,1143.9,0
27.96,56.33,72.88,8.35,258,4128,24306,4.34,53.37,21.59,14.82,0,53.6,1326.6,1
32.68,53.19,4.46,8.59,287,4018,23653,10.44,55.24,25.66,120.89,0,55.3,1910.8,0
38.89,51.41,7.42,28.39,175,1575,14107,18.51,60.76,27.04,63.72,0,83.5,2281.9,0
13.29,48.29,6.78,3.69,348,5916,30958,6.97,46.39,18.36,91.41,0,29.2,1259.2,0
19.8,59.1,0.5,19.86,101,2020,10709,3.17,44.09,20.02,256.19,0,75.5,1326.8,0
8.82,80.01,10.69,10.7,285,3135,17930,9.46,46.38,18.69,142.4,0,83.3,1469.5,0
35.34,53.0,3.51,16.34,246,2706,18917,3.8,58.92,21.47,55.47,0,78.4,1172.5,0
20.97,63.11,2.06,14.62,84,840,7318,10.75,53.76,18.62,255.89,0,55.8,1412.0,1
15.37,78.47,18.59,28.03,167,1336,10590,11.07,51.61,18.93,12.29,0,42.5,1614.9,0
25.21,61.04,21.77,6.17,282,5358,29178,7.37,53.82,22.76,16.64,0,45.3,1544.4,1
10.85,66.32,32.96,5.45,202,3232,17556,10.62,48.65,19.86,44.33,0,60.0,1111.6,1
10.12,42.14,40.8,15.12,136,2856,14609,7.77,47.31,18.7,17.63,0,99.5,1114.5,1
18.17,60.43,30.5,6.2,100,1200,9653,6.14,51.16,17.6,91.13,0,40.1,1156.2,0
17.35,60.28,1.96,19.84,281,4496,24510,4.92,50.47,18.52,1.91,0,31.8,1708.0,0
33.27,81.65,3.8,15.84,269,4035,24309,18.31,62.6,22.74,23.69,0,59.5,2010.4,0
7.73,36.29,1.96,14.93,178,3026,14993,8.15,45.19,13.88,7.13,0,35.1,1123.9,1
28.27,87.6,6.54,8.14,116,2436,14697,13.39,56.87,20.23,49.1,0,80.1,1050.0,0
6.91,72.25,1.99,11.95,316,4424,23135,10.59,44.24,17.33,133.51,0,24.2,1196.5,1
51.16,69.48,15.89,10.58,259,5439,32385,10.45,67.08,30.11,67.95,0,30.6,2145.9,1
18.13,37.77,18.92,33.77,103,824,7043,5.34,49.69,16.97,28.58,0,54.4,947.1,1
18.81,41.43,2.61,10.32,300,5700,29267,10.04,48.57,19.64,200.23,0,52.8,1473.9,0
48.67,64.38,14.58,8.18,309,3399,24237,9.58,63.56,35.89,38.02,0,74.7,2496.2,0
9.09,23.79,0.35,22.48,139,1529,10015,12.23,47.58,15.52,14.12,0,29.4,1621.2,0
35.08,32.42,8.55,6.91,109,1199,11423,9.42,52.51,18.61,48.25,0,41.1,1336.0,0
56.45,66.94,5.04,36.4,334,5010,31984,21.74,65.05,39.15,5.14,0,69.9,2765.5,0
24.93,72.85,97.48,4.69,133,1729,11591,6.62,50.73,21.36,41.09,0,89.4,981.7,0
13.78,87.13,38.42,35.68,250,2000,13047,4.07,51.64,19.86,153.69,0,37.8,1196.2,1
11.31,49.99,2.39,12.25,282,3102,17924,3.84,51.79,17.5,42.7,0,49.3,1174.9,1
33.49,42.0,37.4,9.53,189,3213,19578,8.83,55.67,23.21,124.92,0,50.8,2211.0,0
24.36,43.48,8.14,34.7,205,3690,20597,14.96,52.37,19.86,153.85,0,67.3,1981.1,0
3.16,61.78,12.89,10.42,201,2814,15027,0.93,42.7,18.04,100.97,0,59.2,1314.8,0
28.98,51.99,11.45,6.55,211,4009,23046,6.39,52.31,21.47,43.6,0,67.9,1817.8,1
30.14,34.68,19.43,11.75,125,2500,15505,15.65,52.99,18.61,17.9,0,33.6,1503.2,1
17.48,62.87,6.12,17.79,83,1494,8885,7.68,48.35,23.37,15.08,0,39.5,1699.6,0
42.05,39.61,1.08,11.63,243,3888,24797,10.33,59.58,20.6,17.23,0,21.3,1727.7,0
1.79,66.17,8.11,10.22,316,2844,16906,12.18,43.43,18.96,67.33,0,88.0,869.8,1
34.58,65.59,11.8,10.1,105,2310,14562,11.39,53.03,29.79,75.83,0,86.6,2275.2,0
42.73,50.55,12.14,17.27,176,3696,23459,12.19,58.79,24.29,235.25,0,67.5,1713.2,1
48.52,59.28,23.6,6.06,134,1206,13038,6.77,60.71,27.47,54.0,0,56.7,1695.4,1
34.79,50.62,0.68,15.95,74,888,8753,13.17,58.86,25.69,212.26,0,77.3,1916.5,0
21.26,53.94,66.46,30.42,345,6555,33822,10.12,47.66,21.26,37.9,0,26.1,1714.4,0
27.94,35.78,69.95,28.54,293,3516,21901,8.74,48.07,24.22,16.05,0,98.2,1952.6,0
12.9,10.0,1.56,29.57,316,4424,24440,10.89,40.68,17.43,67.96,0,96.5,1308.7,0
17.91,53.11,6.32,7.24,211,2321,15646,9.23,52.46,17.75,21.31,0,30.4,923.0,0
19.14,40.08,13.39,33.3,339,3729,22299,6.69,47.11,22.21,98.42,0,99.1,1604.0,0
33.62,42.17,7.01,11.15,163,1467,12391,14.81,55.67,27.91,60.85,0,57.6,2186.8,0
4.61,41.28,10.03,15.6,190,1710,10939,8.26,45.89,14.98,147.05,0,58.2,976.5,1
30.43,69.26,5.92,12.29,116,2436,15557,7.96,52.42,21.0,106.7,0,53.7,1670.2,1
17.36,71.14,18.68,8.28,337,7414,37209,2.83,54.74,21.44,5.61,0,83.6,1691.4,0
52.97,60.12,6.79,13.4,178,1958,17539,6.26,67.57,33.35,64.49,0,69.2,2269.1,0
33.95,50.1,8.43,19.58,326,6846,36699,10.28,55.84,24.73,10.5,0,61.5,2080.4,0
6.64,59.96,12.87,17.14,141,1269,8417,9.85,44.41,16.8,119.55,0,27.9,950.6,1
32.84,71.47,52.2,15.49,284,2556,17981,10.3,56.87,24.8,79.87,0,62.2,1717.0,1
44.27,79.92,15.4,7.47,166,2822,18935,11.05,58.67,29.23,101.14,0,29.7,2330.4,0
30.55,43.66,1.53,11.12,164,1804,13461,7.34,51.16,24.75,36.27,0,82.3,2054.5,0
19.73,32.22,5.76,14.23,125,2750,14539,15.69,47.7,17.14,239.02,0,52.5,1755.9,0
32.66,59.65,8.16,4.67,274,6302,32914,4.93,58.24,25.12,8.14,0,68.8,2045.8,0
41.54,28.07,20.22,17.49,68,1292,11496,22.68,55.13,27.23,31.87,0,61.1,2162.5,0
72.36,59.15,8.88,15.69,79,790,12352,7.59,69.59,49.48,269.94,0,46.0,3065.4,0
49.61,58.34,16.14,28.8,169,3887,24781,11.44,61.87,28.45,67.55,0,94.5,1600.8,1
39.41,53.01,27.44,9.39,298,6854,36343,12.43,61.47,27.34,131.84,0,41.3,2210.9,0
29.32,81.85,1.65,11.71,324,5508,30486,6.18,56.94,23.18,95.95,0,88.9,1262.5,0
9.39,56.16,21.77,12.16,248,2728,15693,1.82,49.97,21.36,111.58,0,82.3,1307.6,0
33.17,63.29,20.53,18.36,120,2040,14013,19.69,59.28,27.5,9.24,0,56.7,1834.1,0
19.99,72.35,25.7,9.34,311,5598,29251,11.72,51.91,17.24,166.53,0,21.3,800.0,1
47.69,53.96,46.88,25.74,187,2618,19636,13.34,66.67,29.64,72.15,0,44.8,2106.7,0
14.57,49.08,5.56,10.65,295,2950,18184,13.36,49.22,17.53,272.57,0,58.5,1213.7,1
31.34,49.55,8.41,13.98,209,1672,12887,16.67,56.11,22.56,132.59,0,43.5,1795.8,1
52.96,61.33,4.57,7.94,239,4541,28564,10.42,67.89,34.05,44.26,0,42.1,2563.9,0
30.1,59.83,5.94,6.11,229,4122,23478,8.77,53.63,22.98,29.88,0,83.5,1465.6,1
46.19,80.68,6.0,11.36,73,1606,13604,7.18,62.56,29.15,525.36,0,41.8,2304.5,0
39.57,45.48,30.58,7.3,184,3496,21736,9.11,60.01,27.67,142.88,0,56.2,2504.7,0
69.2,51.47,0.97,6.61,165,1815,18023,12.11,71.71,44.56,112.88,0,58.7,2638.1,0
23.16,69.32,3.4,11.91,294,4116,23359,11.59,51.88,24.29,94.62,0,97.5,1601.6,0
8.52,64.85,14.15,5.46,74,666,4335,3.4,47.27,16.56,127.17,0,35.5,891.3,1
10.19,54.15,21.73,10.04,92,2024,10462,6.63,44.06,15.67,25.59,0,26.5,1139.9,0
8.04,52.07,17.93,12.38,322,6118,29945,7.37,50.08,16.75,185.52,0,88.7,1171.7,1
20.29,47.48,0.72,23.16,100,1700,9841,14.85,46.77,19.11,4.67,0,30.5,1616.1,0
32.05,41.43,9.07,11.22,303,5151,28820,13.15,57.71,24.86,25.79,0,61.0,1847.2,0
33.96,54.63,3.06,15.41,112,1008,9792,6.04,56.19,22.53,116.55,0,63.2,1703.3,1
31.64,63.76,66.52,5.69,115,1495,11830,7.63,53.84,20.66,133.93,0,40.8,1155.9,1
25.35,60.54,102.08,5.76,128,2816,16518,5.59,51.09,20.67,0.94,0,51.1,1527.8,1
72.18,53.76,0.78,20.45,341,4092,29754,9.17,74.68,48.98,0.99,0,43.4,2840.2,0
30.85,59.78,16.53,7.99,317,3487,23120,6.85,55.14,25.27,33.96,0,65.2,2001.6,0
41.66,40.7,25.15,6.74,184,2392,17633,10.62,60.37,28.49,28.0,0,91.3,2227.7,0
20.32,63.5,5.89,6.64,316,7268,36207,16.68,48.24,22.2,3.31,0,36.5,1735.2,0
34.66,33.52,17.74,9.92,127,2286,15679,8.8,53.47,25.63,98.39,0,58.5,2121.6,0
14.9,58.82,3.12,17.87,165,3630,18742,12.4,48.08,17.03,123.64,0,23.7,1029.4,1
5.31,63.87,2.05,3.29,117,2223,12138,12.79,46.6,20.39,0.79,0,94.1,1235.2,0
24.64,56.57,38.91,58.96,117,1872,12867,9.5,53.96,20.56,56.06,0,88.8,1108.7,0
18.42,55.1,15.43,12.67,197,2167,13516,8.5,46.35,20.01,50.58,0,90.2,1382.6,0
23.42,39.12,25.47,7.23,202,2424,15988,4.0,48.88,20.18,66.97,0,68.6,1754.1,0
21.96,54.34,11.41,11.03,333,6993,35157,12.93,52.77,20.3,25.09,0,37.8,1537.5,1
11.24,84.73,2.52,6.8,297,4752,24843,6.91,48.27,20.52,14.09,0,87.0,1324.5,1
13.92,53.98,7.09,13.52,250,2000,13810,10.91,46.87,19.35,9.91,0,79.9,1633.2,0
12.78,50.86,32.01,7.51,199,3383,18115,5.64,42.44,22.12,124.41,0,59.2,1427.6,0
23.05,30.76,0.24,13.24,259,2590,17059,4.47,53.49,21.28,54.67,0,59.5,1845.1,0
1.01,60.48,3.48,9.09,229,1832,11512,3.47,41.45,19.04,19.66,0,81.5,955.2,1
16.16,61.56,4.38,17.34,124,1488,10469,5.21,50.73,22.23,81.35,0,90.0,1761.1,0
30.85,47.86,4.58,34.18,222,3996,23393,8.49,58.27,19.39,63.02,0,25.3,1684.7,1
38.76,51.33,1.56,7.95,306,5814,31881,9.58,58.23,23.8,55.56,0,58.1,1831.7,1
20.31,35.06,28.28,11.83,105,1260,8507,2.65,49.96,21.75,44.55,0,61.9,1639.8,0
25.82,56.85,2.61,18.13,203,4263,22978,11.27,51.12,20.31,47.91,0,29.5,1839.1,0
32.81,62.46,26.55,25.34,114,1140,10436,16.08,54.65,26.51,106.07,0,82.3,2073.9,0
42.2,21.13,6.58,15.27,328,3936,25980,11.08,53.85,28.36,12.07,0,83.4,2023.2,1
5.61,54.45,9.17,7.77,175,1400,8178,11.09,43.64,17.21,41.45,0,57.5,1430.9,0
18.92,80.96,9.32,5.91,189,4347,21995,11.0,49.23,20.75,36.35,0,94.0,1392.5,1
31.06,57.26,18.73,14.33,108,2484,15144,10.36,53.89,22.96,38.7,0,54.3,1528.0,1
22.71,62.38,19.71,18.23,195,1755,12659,14.06,52.75,21.62,35.59,0,52.8,1800.5,0
10.74,70.88,15.35,16.64,241,2169,13756,9.04,50.07,19.63,31.72,0,24.8,1211.5,1
24.94,63.53,22.29,17.97,61,1098,8646,8.0,49.63,21.2,11.79,0,74.6,1131.5,0
38.74,49.62,0.13,5.67,178,3026,19907,8.11,54.47,24.83,299.28,0,64.8,1928.3,0
74.27,30.71,10.54,8.65,141,1128,15244,18.61,73.77,52.27,201.42,0,39.9,3099.0,0
47.33,95.54,11.14,11.08,233,3029,21167,9.7,63.02,34.2,162.08,0,92.9,2396.6,0
32.18,66.19,4.1,14.12,92,2116,13441,14.41,60.76,22.79,61.28,0,21.7,1846.9,0
25.55,67.66,12.19,14.38,69,1380,9717,10.77,51.37,19.23,75.89,0,30.4,1728.5,0
45.38,70.61,9.44,14.94,162,2268,16620,7.75,61.69,25.34,92.44,0,49.4,1665.7,0
25.27,71.79,9.58,3.74,141,1269,10050,8.78,53.4,23.05,15.02,0,54.8,1760.9,0
40.51,66.93,1.89,5.51,266,5586,32037,9.16,61.37,25.16,45.19,0,63.6,1357.6,0
14.64,55.43,8.57,12.56,239,1912,13338,2.27,46.49,17.28,35.14,0,46.2,1114.7,0
12.52,50.2,21.81,13.35,180,2160,13124,12.69,46.63,18.28,37.32,0,94.5,1500.4,0
24.5,65.98,7.91,11.09,285,6270,32260,13.82,52.06,19.81,151.64,0,57.4,1631.1,0
8.43,57.18,10.03,15.52,111,1776,10313,12.32,47.28,21.44,32.67,0,76.2,1056.4,1
19.91,56.7,51.41,18.08,143,3146,17243,8.61,48.1,19.56,88.07,0,46.8,1590.0,0
27.63,69.78,30.81,6.26,91,2093,13323,8.41,55.23,24.65,69.18,0,84.2,1672.6,0
29.48,86.45,39.61,4.32,185,3330,20364,8.59,57.55,24.37,49.73,0,75.2,1776.0,0
27.22,40.88,1.21,9.6,343,4802,27454,7.13,56.09,24.1,106.63,0,87.1,1936.2,0
2.27,62.2,14.46,18.18,341,4092,21166,7.24,42.28,17.7,2.85,0,36.0,1139.5,0
25.17,39.91,3.79,14.2,169,2028,14063,16.15,51.63,22.39,60.57,0,95.4,1543.1,1
58.76,57.93,7.77,10.28,70,1120,12349,8.32,68.34,38.42,39.08,0,93.4,2457.2,0
35.82,29.78,17.08,25.49,294,6174,33628,10.82,57.1,20.93,151.07,0,55.2,1771.9,1
9.27,44.54,12.97,43.64,133,2261,12295,14.02,52.31,15.78,57.79,0,29.3,1424.4,0
65.89,55.31,10.57,18.85,121,2541,20512,14.12,68.88,44.04,156.1,0,55.8,2806.1,0
21.95,71.05,25.27,31.39,156,2808,15930,11.33,53.58,21.11,49.82,0,53.2,1830.7,0
38.51,32.79,17.21,4.95,171,2223,16326,19.11,58.17,25.47,178.62,0,86.8,1936.0,0
27.83,61.5,25.81,13.14,73,1241,9590,8.62,52.72,21.59,68.04,0,20.4,2025.3,0
25.96,54.46,40.31,8.88,196,3724,21481,15.93,52.78,19.66,2.63,0,25.3,1732.0,0
11.79,76.95,18.67,18.5,66,858,5224,14.35,51.12,22.02,54.52,0,71.1,1656.3,0
9.6,48.94,7.55,5.82,82,1722,9731,12.44,47.54,16.41,95.43,0,21.8,896.3,0
13.74,61.51,3.59,11.92,252,2520,16402,7.41,51.6,19.4,37.45,0,75.1,1607.3,0
14.28,52.66,4.74,8.35,207,2070,13055,2.5,46.5,16.63,20.36,0,49.3,800.0,1
20.13,40.35,7.58,19.76,116,1856,11821,27.85,49.82,20.14,53.03,0,98.6,917.7,0
21.42,46.42,20.21,9.03,291,4656,25199,4.26,52.09,19.51,57.21,0,55.4,1648.7,0
53.49,43.65,0.61,4.79,97,2134,16333,10.26,63.54,27.78,165.04,0,80.9,1864.1,0
51.61,28.81,25.25,16.12,303,5454,33362,11.54,66.17,33.09,59.04,0,69.5,2371.9,0
31.25,78.19,21.29,20.42,170,3060,19363,8.69,52.64,24.06,10.75,0,58.8,1828.7,0
59.69,49.62,10.38,7.15,67,804,11735,12.12,67.49,34.12,410.28,0,58.4,2186.8,1
60.37,62.17,7.65,18.21,78,1326,13585,11.62,68.34,36.11,277.54,0,96.0,2157.3,1
21.26,38.4,1.79,12.96,93,1209,8716,6.61,46.82,20.16,8.89,0,98.6,1602.7,0
14.02,55.7,5.13,12.92,231,3234,17464,6.46,50.61,21.15,201.02,0,92.3,1821.0,0
38.96,62.6,1.74,3.3,322,5152,29461,11.58,56.89,24.97,107.01,0,50.3,1783.0,1
21.54,56.31,25.63,24.28,80,1120,8458,11.54,54.65,21.44,0.22,0,29.0,1860.1,0
47.42,42.55,10.68,15.06,103,1236,12088,7.26,64.75,29.26,1.1,0,42.5,2234.3,0
30.59,67.13,4.25,14.39,340,7140,37987,11.68,58.11,21.17,57.09,0,55.5,1199.3,1
36.69,24.27,0.27,15.65,189,3969,21867,14.01,58.88,23.55,75.59,0,63.9,2202.3,0
52.27,31.35,11.13,14.11,142,2698,19502,8.99,58.99,27.86,24.06,0,48.6,1791.0,0
29.1,53.26,20.92,29.72,165,2970,18454,3.55,58.39,23.95,234.14,0,81.8,2286.1,0
18.87,19.07,21.82,23.62,160,3360,18309,7.6,49.66,16.1,27.01,0,57.0,1761.1,0
29.27,43.23,3.62,9.29,240,5280,27605,11.61,57.86,24.03,70.46,0,88.1,1896.0,0
10.41,47.93,79.66,63.02,210,3150,16471,12.41,41.33,16.36,52.98,0,55.1,1379.4,0
30.47,77.81,12.62,19.34,94,1504,10727,3.93,56.14,25.07,300.76,0,66.6,2013.2,0
34.25,45.1,6.05,39.27,210,3780,22038,11.9,59.4,22.16,11.9,0,64.7,1453.2,0
19.4,47.17,7.48,13.94,130,2990,16010,10.79,47.36,16.34,165.19,0,28.1,1417.8,1
37.39,27.26,1.99,13.09,61,1220,9894,18.45,51.74,20.91,94.58,0,58.5,1327.0,0
17.62,56.14,10.2,5.79,270,2700,16866,7.07,52.53,21.45,118.43,0,51.2,1782.5,0
43.6,55.15,20.99,4.2,151,1510,13536,13.33,59.91,30.81,11.78,0,61.3,2354.4,0
47.72,38.61,7.9,12.32,97,1164,12121,8.27,62.11,25.18,3.45,0,39.7,1988.8,1
65.33,68.71,30.24,9.93,95,855,12480,10.42,70.95,37.07,18.42,0,68.2,2267.6,1
28.3,67.73,9.72,15.5,243,4860,25656,7.36,48.82,20.27,79.15,0,71.7,1831.4,0
21.78,46.61,34.63,8.08,77,1386,9523,6.91,50.22,17.05,149.87,0,50.4,901.9,1
60.87,26.13,18.22,18.79,197,2955,21444,18.99,65.72,41.15,53.58,0,72.1,2893.9,0
27.25,38.92,0.85,20.98,341,5797,31488,10.12,54.6,21.65,5.26,0,48.7,1881.9,0
24.83,78.02,1.04,34.55,187,2244,14379,14.97,53.9,21.65,249.81,0,60.9,1198.8,1
19.01,57.09,24.15,50.45,266,3192,19126,11.34,49.27,19.51,17.5,0,80.8,1329.0,1
62.13,43.51,6.62,19.15,316,4108,28361,10.57,67.52,30.03,33.74,0,34.8,1715.6,0
45.7,75.49,3.15,40.93,149,2235,17846,8.85,60.8,26.1,176.19,0,99.8,1504.7,0
45.03,52.22,30.07,15.86,177,2655,19001,10.82,61.16,23.24,36.82,0,38.7,1681.7,0
69.65,55.2,61.39,14.4,278,5838,35650,14.5,72.5,49.86,58.36,0,78.9,2982.8,0
26.55,90.86,24.81,6.74,322,4830,26638,5.86,52.72,26.79,48.63,0,84.9,1874.9,0
60.16,68.82,19.37,12.87,223,1784,18097,10.28,67.17,33.83,65.55,0,69.0,2066.0,1
48.9,50.72,0.1,10.06,296,5920,33570,8.18,64.47,29.33,90.97,0,43.8,2312.4,0
23.78,60.55,1.68,6.9,175,3150,17035,5.18,51.03,19.06,96.94,0,32.8,1625.1,0
32.5,63.26,16.67,4.82,280,2240,16776,6.78,55.38,25.65,6.61,0,32.6,2119.0,0
65.42,67.32,7.9,12.03,202,4646,29289,7.24,71.58,45.91,84.05,0,43.0,2947.1,0
18.5,39.45,0.3,6.29,66,1122,7666,9.48,51.67,18.15,4.88,0,51.2,1502.7,1
46.55,79.44,20.26,11.18,298,2384,20528,13.77,65.87,33.74,151.91,0,26.9,2395.1,0
10.46,76.36,8.14,19.72,248,3720,19988,16.74,45.52,17.01,37.03,0,27.6,1485.4,0
61.7,41.07,16.13,7.14,68,1292,13679,8.43,66.9,40.82,14.28,0,86.2,2752.8,0
19.17,54.78,9.48,5.81,240,4080,22384,12.21,50.18,19.08,4.76,0,38.1,1313.2,1
24.76,56.12,0.4,5.48,302,3322,20675,13.19,52.38,20.62,109.78,0,56.0,1467.6,1
24.44,57.4,15.16,8.15,308,3080,19858,13.05,50.98,16.78,83.15,0,30.3,1522.6,0
12.98,66.63,23.27,8.37,283,5943,29605,5.52,51.66,17.87,16.17,0,42.4,1511.6,1
32.55,50.02,2.54,5.49,167,1503,12199,11.29,61.18,21.86,69.41,0,51.1,2003.0,0
35.67,61.48,33.26,21.49,264,4488,26540,10.9,56.79,23.85,38.63,0,78.4,1795.2,1
8.67,64.5,3.01,17.11,233,3728,19483,3.64,46.78,17.64,84.66,0,70.6,1401.4,0
30.11,62.43,8.24,4.88,284,3124,20599,7.6,53.53,23.43,0.91,0,25.1,2020.3,0
21.52,62.13,11.24,6.46,143,2717,15129,8.01,52.66,22.19,200.05,0,65.9,1817.6,0
30.27,63.32,5.65,20.23,168,2520,16287,7.94,53.71,20.38,38.03,0,70.4,896.1,1
57.77,58.23,10.41,5.55,149,1192,14548,8.14,66.34,37.55,31.9,0,67.6,2697.4,0
37.79,26.23,19.01,6.87,190,1520,13535,8.69,60.64,23.09,69.36,0,20.2,2152.2,0
15.97,39.79,18.8,10.74,80,1040,8213,7.66,49.68,20.08,48.7,0,55.2,1665.1,0
19.38,35.6,38.32,7.71,88,1408,9778,5.06,53.44,20.68,24.37,0,88.0,1724.2,0
53.73,38.89,29.72,42.76,302,2416,20788,12.63,65.02,33.1,9.16,0,94.8,2300.6,0
24.83,40.16,63.1,15.98,316,6636,34342,4.48,44.55,22.09,235.58,0,57.3,1872.2,0
9.96,70.55,13.57,14.35,208,4368,21507,6.62,49.88,18.42,34.75,0,70.3,1143.1,1
6.68,75.01,7.68,11.84,170,2040,12418,4.48,44.63,17.07,176.09,0,22.2,1025.4,0
41.72,64.65,4.12,20.47,294,4704,28900,10.22,59.48,25.53,23.25,0,83.1,1383.9,0
50.86,40.1,4.2,14.42,126,1890,15859,17.08,62.95,30.91,34.08,0,38.4,2439.9,0
7.27,41.17,2.45,9.08,149,2235,11559,4.84,48.91,16.28,44.12,0,28.0,1045.3,1
35.0,45.31,19.46,4.55,231,3696,22514,6.8,61.51,22.85,22.36,0,23.8,2197.8,0
32.87,44.01,15.93,8.33,215,3010,19825,24.04,54.98,20.92,42.67,0,73.2,1522.5,1
30.5,74.81,5.19,9.95,121,1936,14199,8.57,55.25,24.51,4.48,0,54.6,2061.4,0
48.3,34.64,33.4,16.22,128,1920,16827,8.66,56.83,30.45,38.37,0,86.6,2190.0,0
6.65,59.71,12.05,21.29,324,4212,22512,13.63,48.25,15.83,13.3,0,25.3,1106.4,1
15.47,35.89,1.07,12.18,115,1380,9645,5.03,45.72,17.53,20.65,0,34.5,1284.4,1
10.67,62.44,0.95,12.82,100,1000,6489,7.95,48.54,16.91,85.68,0,21.7,1432.4,0
31.87,49.27,2.32,5.94,79,790,7965,9.24,56.89,26.72,78.66,0,92.4,2118.7,0
20.78,38.17,3.56,7.28,119,1666,10174,5.08,47.89,21.22,13.98,0,71.6,1874.3,0
36.94,46.63,32.76,4.12,100,2300,15385,8.93,55.63,21.05,36.22,0,26.6,1856.8,1
0.34,62.51,22.61,8.42,266,2128,13407,10.31,39.12,16.55,62.19,0,45.0,1185.0,0
8.96,30.58,3.38,14.81,202,3434,17834,7.23,43.86,19.49,34.31,0,76.3,1629.8,0
51.75,45.59,4.29,18.08,159,2067,16312,11.26,64.2,21.35,8.99,0,24.8,1637.4,0
31.85,52.19,15.19,8.13,72,864,8275,8.2,57.69,24.84,87.62,0,42.8,1784.5,0
14.96,34.36,30.78,23.09,129,1032,7905,2.42,48.2,19.45,75.89,0,80.1,1214.7,1
18.01,40.71,5.71,29.42,346,4152,23977,8.1,47.98,20.95,130.45,0,67.3,1370.0,0
62.62,76.79,11.18,20.5,335,6700,39932,11.59,66.86,41.32,74.15,0,59.0,2650.5,0
26.74,35.16,33.16,24.89,203,4263,24587,15.88,52.3,21.58,279.65,0,41.9,2141.8,0
23.55,46.97,22.09,7.01,249,5478,29040,5.63,45.55,20.5,51.12,0,49.6,1902.2,0
49.04,62.27,33.32,5.14,312,3120,22725,12.78,67.71,21.7,60.43,0,37.6,1427.0,0
12.96,53.88,4.89,21.11,226,2938,16012,15.8,45.53,20.25,12.11,0,62.7,1332.6,1
26.81,46.43,17.61,27.88,287,5453,28827,5.86,53.48,20.48,19.02,0,33.1,1840.3,0
26.7,66.77,1.82,33.1,283,5377,29771,12.18,59.23,22.23,18.37,0,74.2,1753.2,0
34.32,23.85,14.36,4.47,158,3002,18258,13.02,55.45,21.93,18.96,0,74.5,1694.5,1
65.25,65.5,5.44,12.56,304,2432,21862,15.4,70.84,28.46,124.37,0,31.0,1633.1,1
4.2,40.76,18.13,6.18,319,6061,30344,11.9,42.25,13.64,31.4,0,30.6,1337.2,0
30.73,16.66,2.3,10.96,348,8004,40055,9.6,53.12,22.71,44.67,0,80.5,1402.7,1
16.22,87.33,16.43,20.27,257,4112,22090,7.86,53.43,22.48,105.43,0,69.0,1226.4,1
25.17,55.56,18.49,15.24,254,2286,16098,6.21,55.98,15.87,154.46,0,23.3,951.8,1
50.26,66.53,29.19,5.05,111,1665,15407,7.43,58.75,32.2,161.49,0,66.6,2093.9,1
35.29,71.13,17.43,10.9,336,4368,27478,5.51,57.42,24.82,3.62,0,51.1,1760.9,0
13.25,41.13,11.1,8.89,341,3410,20737,5.42,48.32,16.45,40.68,0,35.9,1118.3,1
26.24,51.1,23.0,21.18,106,954,9118,7.69,51.08,21.33,61.57,0,28.4,1479.1,1
8.17,54.47,5.02,7.86,160,2560,13451,6.28,45.79,15.61,136.98,0,26.6,1109.3,1
7.04,44.46,16.97,13.42,319,2871,17180,5.47,41.39,20.54,110.39,0,72.4,1284.5,1
8.6,72.82,19.34,10.05,268,5628,27109,4.66,48.91,16.49,32.34,0,21.2,1393.9,0
42.03,74.97,7.48,35.36,225,2475,18191,19.16,64.42,28.82,5.55,0,68.8,2174.4,0
26.77,53.06,67.6,18.48,308,2772,18804,6.37,54.05,20.83,57.89,0,47.2,1391.6,1
50.47,62.48,6.6,11.32,268,3216,23301,9.69,67.0,31.7,9.57,0,29.1,2467.4,0
21.56,67.82,1.32,9.77,201,4020,21497,10.72,55.27,21.93,67.71,0,66.3,2001.5,0
49.94,59.22,5.42,12.14,111,1998,16030,11.6,58.84,35.4,6.64,0,77.8,2630.2,0
11.3,46.36,1.57,45.32,316,2844,18011,16.27,46.85,17.19,9.75,0,31.0,993.2,0
42.2,17.75,6.22,17.34,204,1632,15191,8.82,56.54,24.92,29.12,0,70.9,2157.7,0
48.33,56.42,2.05,14.7,219,2190,17764,13.99,62.42,28.81,44.2,0,36.8,2147.7,0
27.21,66.93,8.68,18.42,229,2519,16223,10.7,60.69,21.77,104.56,0,79.8,1334.0,1
9.22,40.84,22.57,17.22,218,4142,21109,3.18,43.11,18.79,5.48,0,70.2,1235.4,1
13.0,57.57,1.05,18.16,161,1932,12684,13.86,47.58,18.75,153.73,0,88.1,1582.2,0
15.64,61.68,12.42,18.38,240,5520,27553,3.74,48.61,22.86,1.47,0,53.8,1640.1,0
37.22,61.77,0.67,6.77,290,5220,29965,13.06,60.22,24.26,48.76,0,43.4,1662.7,1
65.57,56.87,32.39,5.59,193,2123,19286,17.54,68.76,43.58,26.43,0,57.2,2814.3,0
6.1,40.01,38.15,18.51,262,2358,14128,19.67,44.42,18.86,143.37,0,96.9,1330.6,0
30.1,73.09,10.17,15.2,281,5058,28846,11.57,52.92,27.41,69.67,0,84.8,1884.9,0
13.11,54.33,22.0,8.79,141,1269,8880,8.69,48.91,20.94,112.37,0,85.9,800.0,0
31.71,46.94,13.48,8.08,68,612,6975,12.76,54.44,21.98,140.51,0,75.7,1567.1,1
26.02,30.37,6.25,16.57,126,1638,11761,9.16,48.09,20.07,1.24,0,50.9,1591.2,0
36.89,61.06,4.22,16.53,86,1978,14083,7.02,57.11,20.73,100.39,0,56.0,947.5,1
33.45,91.85,21.32,4.95,105,1785,13198,8.25,60.25,24.09,30.02,0,26.0,1971.8,0
33.33,51.47,8.43,12.52,240,2400,16621,8.49,54.34,21.76,14.1,0,65.2,1699.3,1
45.13,47.69,37.93,11.29,243,2430,18664,16.23,63.4,29.73,11.72,0,34.0,2329.4,0
34.65,54.81,55.75,10.39,244,4880,28151,10.31,57.58,23.92,25.53,0,46.6,1768.7,0
27.72,53.87,3.54,6.34,171,3078,18042,9.18,53.39,23.32,44.26,0,59.6,1650.7,0
48.74,49.49,12.35,8.04,195,2535,18760,17.92,66.0,32.79,103.27,0,68.6,2430.4,0
42.42,86.13,11.55,10.08,73,584,8963,15.28,62.45,25.04,38.02,0,24.0,1718.7,1
28.96,55.67,30.39,3.99,88,1584,10591,8.96,54.16,22.24,20.02,0,31.5,1927.2,0
35.62,35.45,17.62,22.95,201,2613,17453,6.83,56.35,22.32,21.3,0,88.2,1561.3,1
21.64,37.34,14.02,11.68,326,3912,22483,5.87,50.77,21.4,1.68,0,88.7,1344.2,1
58.88,72.09,17.05,8.61,341,3410,25488,14.19,68.91,24.27,57.59,0,24.2,1307.6,1
22.61,59.26,7.4,6.62,252,4032,22872,8.66,52.98,16.72,74.8,0,25.9,1114.1,0
16.3,49.73,48.39,14.14,340,5100,26443,8.03,50.22,18.72,34.79,0,45.7,1446.6,1
18.65,48.48,0.89,4.43,121,1210,9692,10.56,49.96,18.05,118.05,0,54.4,1820.9,0
46.98,65.46,0.44,18.81,208,4576,27286,4.81,61.53,28.67,132.13,0,77.7,2305.4,0
37.22,43.16,8.06,19.8,157,1884,14111,15.1,58.53,26.55,36.47,0,91.6,2157.7,0
9.33,52.76,2.52,8.21,126,1008,6319,3.57,48.07,16.03,43.65,0,28.2,1316.5,0
35.21,65.93,11.81,3.12,322,3864,24389,7.89,53.9,22.16,315.5,0,66.5,1623.4,0
18.67,43.85,0.14,8.5,70,1470,9656,8.74,47.39,17.18,2.43,0,42.7,1160.0,0
66.6,74.08,9.23,10.11,338,6422,39126,14.71,71.19,40.77,76.28,0,23.1,2634.2,0
6.22,30.44,5.24,11.29,301,2709,16720,4.24,37.49,17.91,5.86,0,35.8,1324.9,0
15.12,55.57,3.39,35.57,207,4140,21809,18.24,47.69,19.37,74.92,0,76.3,1532.9,0
54.12,56.14,8.82,14.92,178,1958,17366,15.38,67.85,30.24,5.25,0,90.4,2042.6,1
39.17,23.14,28.92,33.77,179,1790,14943,10.83,57.77,27.48,22.95,0,37.5,2430.8,0
32.15,43.86,15.98,19.61,244,3904,23204,12.35,59.32,22.02,61.04,0,27.1,1837.2,0
22.75,63.95,2.61,15.43,169,3549,19695,14.48,52.28,20.59,15.4,0,67.1,1130.9,1
33.15,44.19,10.36,13.15,81,1863,12002,8.2,50.44,23.78,258.53,0,31.4,1996.4,0
8.88,51.03,40.25,3.74,323,3876,21174,10.11,41.82,18.54,37.06,0,65.0,838.0,0
51.65,48.9,8.68,3.53,162,2430,18404,7.65,62.15,31.38,60.53,0,32.7,2402.3,0
22.64,69.61,9.54,19.17,72,576,6430,3.57,51.89,21.48,56.54,0,49.2,1471.7,1
1.2,60.14,42.54,11.64,344,4472,23514,5.83,40.6,19.03,12.55,0,48.6,1128.8,1
31.64,48.25,2.19,22.68,324,4536,26458,9.94,54.57,16.77,95.49,0,32.8,860.4,1
14.14,44.25,19.92,4.76,193,2123,13289,2.47,45.77,18.34,13.95,0,90.2,1222.2,1
37.25,67.99,5.33,14.78,92,1288,10581,4.91,63.33,23.3,44.51,0,82.8,1502.2,0
42.02,57.16,30.14,16.06,344,4472,28318,4.45,61.36,26.66,53.03,0,21.6,2237.7,0
33.73,70.11,0.84,8.32,347,4511,27453,12.51,58.0,23.65,9.01,0,56.5,1555.2,1
26.7,64.26,69.69,6.43,244,4880,26890,4.33,52.92,21.34,93.53,0,64.5,1488.3,1
26.54,10.0,21.95,6.53,332,3320,21989,18.04,47.03,21.27,227.0,0,87.1,1425.9,1
58.1,71.08,5.02,7.97,157,1570,16825,15.69,66.33,34.37,19.48,0,31.8,2464.1,1
27.56,56.87,21.46,9.05,119,2499,14020,3.95,53.71,19.17,0.1,0,40.5,1661.4,1
25.39,58.69,38.45,8.42,223,4014,22063,7.77,53.48,22.34,34.31,0,67.0,1929.0,0
9.27,24.91,1.8,14.7,210,4830,23580,3.44,42.43,14.57,95.16,0,65.8,1446.7,0
17.4,47.69,36.73,11.14,314,2826,19258,4.86,45.53,20.4,83.46,0,38.3,1639.2,0
31.16,55.87,6.7,5.75,328,3280,21400,10.02,54.79,21.88,2.91,0,53.1,1663.0,1
39.07,35.75,0.1,16.92,283,6509,34740,12.69,55.43,26.92,1.55,0,97.2,1919.2,1
18.68,74.91,1.79,5.98,321,4494,24914,6.16,51.49,21.84,29.7,0,76.3,1741.7,0
56.88,66.2,32.42,9.87,303,2727,22101,16.9,68.22,39.58,26.19,0,86.5,2609.6,0
64.69,48.98,60.83,6.58,250,3000,23647,16.1,72.34,41.3,37.04,0,36.1,2818.1,0
9.46,82.21,33.86,8.05,230,4600,23099,11.28,49.15,19.73,125.4,0,94.3,1478.6,0
30.31,60.55,8.74,8.98,230,2530,17324,6.23,58.93,21.74,51.55,0,62.9,1555.0,1
23.93,75.59,48.82,9.24,212,2332,15485,7.8,52.21,23.64,156.69,0,92.6,1415.9,1
18.6,42.76,7.83,10.58,126,1764,11854,2.99,50.32,20.42,71.0,0,90.1,1696.5,0
39.88,62.17,1.81,11.88,115,920,10283,6.65,62.56,24.01,6.71,0,79.1,1812.9,1
46.71,75.14,6.25,22.69,170,3740,22422,12.46,64.43,28.6,49.73,0,37.2,2039.4,0
21.54,72.76,96.77,6.55,250,5000,26302,7.85,51.43,19.43,1.73,0,26.3,845.8,1
13.72,70.13,14.75,2.15,74,592,5107,5.18,46.26,20.45,38.61,0,89.7,1436.9,1
22.05,73.66,6.23,6.36,312,4368,25403,10.74,50.4,19.95,39.23,0,42.1,1677.7,0
31.6,77.91,14.68,23.28,77,847,8755,8.55,61.67,22.09,103.1,0,40.7,1780.1,1
36.64,20.38,8.41,17.86,69,552,8119,8.38,57.22,21.51,51.13,0,94.3,1541.7,1
33.46,48.61,0.76,7.52,192,4416,24984,9.02,55.1,21.42,116.69,0,64.9,1539.8,1
38.79,28.86,3.37,9.72,231,4389,25792,4.8,54.15,21.59,43.3,0,24.7,2032.5,0
37.26,29.07,0.29,3.65,188,1692,13638,8.55,58.52,21.01,45.96,0,25.9,1613.5,1
21.29,47.18,4.41,7.19,112,1232,9184,15.0,55.27,15.92,259.83,0,44.7,800.0,1
41.96,48.57,20.18,7.54,340,4080,25979,12.16,60.39,22.26,71.2,0,81.5,1553.4,0
51.86,75.41,3.22,19.08,102,1428,12388,8.64,66.32,31.72,19.19,0,35.0,2222.7,0
11.04,37.12,11.26,10.92,216,4320,21921,9.66,46.61,19.36,1.66,0,74.4,800.0,1
40.27,57.69,18.14,6.3,170,2890,19427,16.7,56.29,20.14,54.81,0,24.3,1109.4,1
16.34,78.96,11.93,5.19,142,1278,8776,13.4,48.04,20.48,24.84,0,53.7,1327.3,0
14.57,52.71,0.23,20.06,241,2651,15273,17.62,48.45,17.35,102.74,0,27.1,1278.7,0
35.16,84.28,6.77,11.1,110,1320,11602,5.95,58.41,24.72,53.28,0,63.2,1647.0,1
11.25,26.87,8.74,6.75,231,2541,15555,21.53,43.69,17.39,58.09,0,72.1,800.0,1
54.2,42.26,6.3,21.75,334,7348,40690,19.93,66.19,26.1,51.44,0,44.6,1601.1,0
29.09,78.14,11.85,18.85,315,5985,31497,14.03,54.55,24.44,204.04,0,94.9,1924.4,0
45.78,44.84,10.8,8.93,312,6552,37005,7.15,64.46,28.47,45.44,0,61.2,2080.6,1
44.65,51.4,3.11,5.85,248,4216,25585,12.83,57.59,24.85,15.49,0,97.5,1317.3,0
18.66,80.07,20.91,28.94,71,1349,9360,7.46,51.07,20.59,104.98,0,32.8,1361.0,0
27.1,64.97,2.64,17.5,347,7981,40040,7.51,50.9,24.54,180.85,0,65.9,1714.7,0
29.67,30.33,9.21,11.07,273,5187,28741,16.16,58.58,22.84,213.64,0,32.9,1986.1,0
11.52,64.26,21.18,5.75,188,2632,14767,8.53,42.86,18.07,79.8,0,35.9,1174.4,1
24.7,44.4,17.92,15.64,316,2844,19107,7.6,51.53,20.21,11.79,0,52.7,1839.3,0
19.86,47.6,8.49,6.47,288,3744,21776,14.84,49.31,18.89,1.28,0,25.4,1642.0,0
39.21,53.6,23.33,17.46,339,5763,32948,13.35,55.82,22.98,68.85,0,22.1,1994.2,1
20.3,46.32,18.76,16.35,300,3000,19137,4.8,46.85,16.64,284.36,0,23.6,1279.6,1
28.17,62.35,7.28,7.89,151,1661,12097,11.96,52.08,25.38,21.33,0,91.7,1717.0,0
19.61,41.93,33.88,16.39,149,2235,14517,12.09,48.18,23.53,34.31,0,96.8,1559.2,1
30.35,59.56,2.3,9.03,332,6972,35478,15.42,60.33,21.01,5.83,0,24.1,1843.8,0
31.47,66.35,6.66,22.06,340,7820,40718,5.53,61.43,20.67,49.64,0,25.3,1579.6,1
39.75,54.01,17.95,9.0,122,2196,15489,11.71,61.7,29.34,58.11,0,86.4,2308.2,0
39.56,56.04,30.95,18.31,61,1281,10059,9.19,59.18,27.32,75.28,0,24.3,1943.0,0
51.07,56.36,5.84,57.2,345,4485,29622,17.2,67.99,33.65,12.47,0,47.5,2301.4,0
48.35,56.93,12.36,7.46,173,2941,20438,9.66,63.65,31.98,113.61,0,70.8,2470.9,0
71.5,53.45,0.18,5.29,265,3710,28074,19.28,78.76,52.53,102.13,0,89.7,3039.3,0
17.56,52.73,6.95,12.57,136,2856,14949,9.29,45.46,20.59,94.44,0,83.5,1434.1,0
35.4,53.17,6.03,16.32,224,4480,26170,12.59,56.91,25.08,205.44,0,28.1,2196.2,0
29.91,57.79,27.72,7.16,304,3040,20196,15.17,56.11,24.15,98.18,0,86.7,1586.6,1
33.29,48.51,1.15,11.36,134,2948,17604,16.46,58.0,27.69,68.56,0,88.2,2235.4,0
39.79,52.8,0.96,7.48,118,1888,14163,9.31,54.06,25.41,1.48,0,96.5,1671.0,1
16.59,69.88,8.77,4.8,232,1856,13668,15.04,53.77,18.11,24.07,0,21.3,1404.8,0
22.73,85.1,7.85,14.02,132,2772,16216,13.57,52.54,26.83,35.35,0,96.0,1643.3,0
5.67,91.92,2.64,11.98,287,5166,25658,6.34,50.11,17.07,34.23,0,35.9,1188.3,1
38.98,57.01,4.58,6.32,81,1782,14300,17.63,60.88,27.35,90.67,0,83.9,2177.0,0
12.47,39.53,54.86,7.12,230,1840,12935,5.17,49.27,18.35,50.07,0,85.9,1178.1,1
18.16,51.35,10.8,9.6,289,3468,20720,4.65,49.71,20.66,23.48,0,79.8,1864.1,0
12.34,57.19,1.38,11.15,302,3322,19361,10.35,44.08,21.86,28.85,0,96.0,1388.2,0
39.09,71.23,0.77,5.06,252,3024,20016,13.82,56.17,25.82,80.29,0,51.0,1831.1,1
42.07,44.24,0.64,8.01,242,1936,17442,7.47,61.39,25.54,181.23,0,75.8,2063.3,1
11.61,53.14,7.39,23.64,206,2678,16585,3.77,43.18,20.09,57.17,0,72.8,1327.5,0
1.14,39.84,30.11,17.16,123,2829,13854,11.15,42.94,19.14,177.87,0,93.3,1116.9,1
41.24,79.99,26.84,9.77,68,748,8823,17.44,60.29,21.89,24.15,0,32.8,1226.2,1
58.54,63.14,6.88,23.23,263,2104,19304,8.59,70.66,37.04,68.02,0,28.6,2598.2,0
43.3,49.68,22.34,10.7,230,4140,24897,14.54,60.83,23.26,10.99,0,71.9,1259.1,1
50.55,55.96,20.93,9.62,221,2652,20398,13.16,62.44,37.43,91.23,0,81.4,2736.9,0
21.63,34.75,9.9,14.02,288,3168,19679,11.11,50.2,15.23,2.29,0,50.2,842.7,1
42.07,61.82,7.77,13.5,234,2106,16515,16.67,60.74,27.18,105.74,0,54.7,2384.7,0
52.59,60.78,2.99,27.28,268,5896,34079,6.99,64.66,29.28,26.06,0,95.6,1512.9,0
9.34,28.43,4.9,6.37,267,3204,17376,5.29,44.82,19.39,78.86,0,75.2,1611.3,0
71.5,44.06,6.2,18.35,103,2369,20238,14.34,76.27,53.33,2.5,0,27.0,3272.4,0
28.81,50.52,25.13,10.31,71,639,7851,7.29,52.65,22.29,73.53,0,64.8,1549.3,1
20.8,50.66,12.08,5.5,274,2740,18512,3.94,49.26,19.97,31.97,0,30.8,1621.6,0
48.58,47.4,3.36,14.69,270,6210,34927,12.72,61.39,30.07,35.77,0,74.8,2144.1,1
12.4,56.91,1.51,9.3,252,3276,18157,5.9,47.53,18.36,1.51,0,76.7,1582.9,0
26.43,75.91,10.3,26.24,138,1104,8532,9.87,58.72,24.66,1.76,0,80.2,1976.8,0
21.02,62.18,16.46,7.32,83,1162,8811,4.6,53.03,19.48,51.89,0,92.9,1124.0,0
11.85,72.67,25.63,8.29,248,4464,23105,10.8,46.46,16.61,121.65,0,34.1,1730.7,0
53.01,60.47,23.94,12.92,113,2486,19573,12.33,68.82,25.56,2.99,0,68.1,1606.0,1
19.54,50.21,26.07,4.24,112,1008,8572,8.49,51.19,19.45,20.54,0,87.7,1696.0,0
40.88,52.34,8.91,22.03,183,3477,21520,8.87,58.29,24.67,3.96,0,48.0,1777.0,1
33.48,67.04,30.11,23.7,227,3405,21322,8.12,56.56,25.79,52.87,0,87.8,2037.7,0
62.61,63.11,8.82,18.17,93,930,13127,18.16,70.56,42.19,3.06,0,58.7,2795.3,0
43.51,75.0,2.76,13.06,211,3376,22950,14.57,59.92,30.07,7.88,0,79.7,2329.7,0
12.65,55.1,7.6,17.46,131,2489,13599,5.64,49.45,18.6,233.73,0,32.3,1061.0,1
21.46,34.07,6.23,14.12,188,4324,22680,10.11,52.58,21.49,44.53,0,94.6,1808.3,0
11.78,52.08,7.47,20.22,232,4408,21709,4.87,46.82,18.28,105.55,0,93.1,1050.5,1
68.2,32.61,16.12,34.96,69,552,11557,16.68,69.94,36.67,200.33,0,61.9,2279.1,1
39.95,52.98,16.05,11.33,159,1749,14236,9.87,59.88,25.26,112.11,0,83.1,1681.0,1
36.39,37.39,3.82,10.33,66,858,8425,9.21,53.83,24.93,2.68,0,88.2,2150.9,0
9.77,53.6,5.7,10.84,152,3192,15797,10.99,48.0,16.87,184.03,0,83.5,1196.8,0
21.77,57.21,13.57,5.91,341,4774,25876,12.47,51.29,21.87,99.15,0,95.3,2006.1,0
9.85,53.18,1.32,12.86,286,4290,22015,5.25,51.18,18.5,6.23,0,61.6,1429.5,0
41.54,50.87,17.5,4.61,219,4380,25259,5.57,57.41,30.93,18.69,0,97.0,2376.3,0
19.95,49.24,2.96,24.96,237,4503,23446,2.3,51.25,21.28,2.49,0,79.6,1636.1,0
29.03,72.0,28.53,26.31,178,2492,16135,4.76,54.29,21.51,116.57,0,32.0,1462.9,1
38.57,59.23,7.7,7.25,155,1395,13071,10.17,62.23,23.65,6.25,0,47.6,1807.4,0
31.86,32.19,3.74,6.39,348,4176,25744,17.74,50.06,16.84,129.52,0,27.7,1734.3,0
33.3,56.99,16.53,20.63,145,1450,11205,6.62,54.1,24.95,19.59,0,89.7,2102.2,0
14.63,77.77,12.11,4.83,330,4950,26320,9.46,52.61,19.79,77.87,0,89.4,1024.2,0
38.28,48.08,2.83,7.03,292,3212,21589,20.24,56.48,24.38,1.93,0,32.0,1886.4,0
7.7,49.23,26.33,6.41,164,2624,14663,7.5,45.34,20.23,263.22,0,78.1,1444.0,0
23.38,64.48,9.06,15.08,200,4000,21729,5.12,53.24,22.89,92.98,0,78.0,1813.8,0
5.79,42.17,2.48,15.21,81,1539,8327,8.9,43.34,16.59,191.42,0,96.5,1043.6,0
41.75,37.29,23.86,13.67,145,2465,17690,11.58,55.56,26.03,168.35,0,89.0,1819.0,1
28.71,31.53,2.15,10.99,190,2660,17053,13.95,54.2,18.55,126.0,0,73.4,1622.2,1
40.17,65.2,51.65,17.33,78,1638,12915,7.8,64.69,26.0,64.56,0,80.1,1806.2,1
32.03,68.04,8.75,12.0,295,5605,30697,11.72,55.69,22.07,8.95,0,29.5,1788.5,1
19.24,46.22,19.54,29.06,159,1749,11470,4.99,51.76,20.44,34.62,0,57.5,1711.1,0
12.14,37.68,9.02,21.12,226,2712,15732,12.8,46.08,18.67,38.84,0,70.4,1542.8,0
59.38,68.05,3.12,7.29,257,5397,32681,8.22,69.15,28.85,161.39,0,28.9,1658.6,1
58.85,53.11,21.29,9.36,329,7567,41914,16.89,69.14,33.46,117.7,0,67.9,2179.7,1
64.52,24.9,5.12,10.25,215,3655,25758,9.66,67.79,30.96,128.98,0,57.5,1880.0,0
5.99,60.58,17.21,6.5,244,5368,26351,11.97,47.23,18.41,77.92,0,47.1,1264.1,1
32.72,59.37,4.46,22.3,232,3480,21123,3.79,59.03,24.25,4.7,0,88.2,1801.6,1
43.57,75.83,4.14,18.59,174,2436,16623,13.27,63.08,29.34,130.62,0,50.2,2244.5,0
11.71,67.59,9.17,9.82,62,1178,7707,10.35,46.57,20.54,113.1,0,87.3,1343.4,1
31.52,68.44,25.41,15.3,318,4770,27614,21.46,59.66,22.08,16.32,0,27.7,1424.7,1
27.02,41.84,14.26,8.91,140,3080,17771,8.62,55.47,19.22,56.57,0,52.8,1754.0,1
18.85,34.71,1.0,20.41,342,4104,24725,8.95,51.37,21.06,59.5,0,74.6,1568.8,0
5.29,62.69,19.86,10.49,110,880,5629,2.78,46.82,16.37,23.34,0,27.3,1174.4,0
43.71,55.28,13.0,3.53,73,1387,11743,7.14,58.12,26.14,69.47,0,32.7,1960.0,0
26.58,64.7,14.66,5.41,298,5364,28896,5.43,53.21,23.25,28.68,0,49.7,1848.8,0
63.8,56.88,6.54,24.93,236,3776,27162,10.42,67.97,32.96,41.59,0,22.0,2165.4,1
37.31,76.67,12.18,10.5,319,3509,23067,12.05,58.94,28.3,33.88,0,27.7,2341.4,0
44.38,48.53,6.98,14.57,293,6739,35892,16.3,60.24,23.01,144.56,0,68.0,1410.6,0
21.38,55.63,1.28,10.61,235,1880,13599,5.75,55.61,17.91,4.02,0,27.1,1314.2,0
38.09,45.5,27.91,4.94,259,4662,27608,18.24,57.3,25.01,37.61,0,22.9,2332.0,0
44.88,41.88,17.0,6.08,145,2320,16420,12.32,59.98,28.38,4.86,0,70.8,2030.9,1
9.18,74.87,16.65,22.3,92,1012,6389,4.6,47.44,18.37,135.36,0,58.8,1605.9,0
13.87,53.3,3.23,21.71,231,4851,25204,10.07,46.73,16.96,2.85,0,37.6,1403.5,1
32.03,91.98,16.34,5.14,347,3470,23089,8.25,54.69,27.58,271.12,0,72.7,1998.5,0
48.16,34.85,3.96,24.01,275,5775,32345,9.79,60.15,32.62,99.37,0,71.3,2462.0,0
59.67,56.46,17.45,8.67,317,4121,29240,19.67,71.89,30.58,125.99,0,67.8,1933.7,0
14.02,57.41,6.09,13.25,194,2522,14075,8.15,50.78,18.77,91.99,0,22.7,1736.0,0
12.73,73.7,2.57,11.74,272,6256,30687,4.14,51.14,20.46,71.66,0,55.7,1153.7,1
38.17,41.77,35.51,17.38,327,4251,27140,12.16,55.57,25.92,92.97,0,39.9,2108.9,0
52.99,46.06,1.66,19.47,299,2691,21480,15.39,64.19,34.57,11.22,0,40.0,2548.8,0
13.35,33.78,21.52,9.45,139,1946,11860,4.76,44.21,17.82,46.03,0,60.8,1306.0,1
35.13,76.98,1.61,22.89,337,4044,26784,17.67,58.5,25.04,7.92,0,54.3,2172.3,0
0.61,29.17,17.31,27.21,201,3015,14784,1.86,37.31,17.79,17.04,0,85.5,807.0,1
44.26,56.82,1.75,14.92,293,3516,23887,11.9,57.8,29.54,62.13,0,94.4,2065.1,0
56.49,92.46,10.66,6.41,136,1496,15699,18.71,69.8,40.11,150.62,0,26.7,2835.4,0
7.6,72.07,3.12,15.74,331,7282,35300,5.7,47.84,19.27,23.47,0,78.2,1213.7,0
40.99,73.47,30.21,8.92,130,2600,17736,14.23,61.41,23.38,79.98,0,70.3,1231.9,1
35.73,80.7,7.7,9.78,333,3996,25910,18.15,62.03,24.59,60.99,0,60.9,1731.4,0
32.87,57.6,0.23,6.94,269,2959,19125,11.43,56.87,22.94,3.35,0,67.4,1631.7,1
26.0,57.5,14.84,28.17,106,1166,9949,4.9,52.94,21.8,218.82,0,83.0,1285.4,1
17.02,54.96,8.84,11.43,262,4192,22253,8.29,49.94,14.31,52.37,0,30.7,1427.7,0
5.58,53.84,29.46,27.18,110,1320,7076,9.74,44.18,18.16,63.97,0,46.1,1280.1,1
40.06,45.81,8.51,18.72,98,1274,11622,7.47,57.33,26.43,78.93,0,29.2,2386.4,0
33.35,75.74,7.94,7.55,204,3264,19751,11.28,56.29,23.97,233.41,0,68.2,1319.1,1
29.53,47.1,9.08,7.64,163,3260,19227,7.82,55.22,22.78,66.97,0,49.2,1730.8,0
42.0,50.76,29.48,10.96,119,2737,17899,14.86,58.53,23.8,86.49,0,88.1,1263.2,0
7.97,35.13,13.26,11.87,321,6420,31091,4.03,41.12,14.35,74.25,0,34.5,1573.5,0
63.21,67.45,16.6,9.43,105,1785,15825,16.95,72.32,39.31,21.15,0,95.9,2386.5,1
57.38,78.89,19.12,23.4,348,4176,28576,15.29,69.46,32.86,94.52,0,91.7,1930.1,1
8.71,21.54,41.59,12.81,176,3872,19401,3.22,43.42,19.11,97.37,0,89.3,944.9,0
27.15,78.21,27.26,14.31,242,2662,18753,8.76,54.93,19.77,26.64,0,29.0,1167.7,0
71.57,66.07,39.32,6.38,180,2700,21398,14.9,73.85,38.86,8.56,0,77.0,2143.5,0
44.65,74.06,6.31,4.15,260,5200,29504,9.99,60.57,31.86,223.58,0,45.5,2345.4,0
47.96,60.6,3.63,20.49,220,2200,18315,9.92,64.46,30.84,31.03,0,42.4,2602.8,0
30.23,64.01,3.41,6.68,256,5376,28521,12.79,54.79,25.09,72.32,0,88.5,2074.8,0
27.84,59.98,29.26,10.28,335,5695,31124,9.04,51.8,25.82,2.38,0,92.1,2090.6,0
28.67,40.01,26.63,11.56,210,3360,20313,7.53,51.97,21.18,20.5,0,55.0,1469.5,1
19.28,53.18,15.76,13.14,315,3780,22647,5.3,51.97,19.38,46.52,0,35.2,1426.8,1
29.82,47.65,0.98,9.04,233,2796,18081,12.4,56.76,20.31,187.14,0,43.5,1928.9,0
43.84,71.29,5.74,7.39,342,5472,31719,12.11,61.42,28.93,19.6,0,62.4,2230.3,0
13.46,50.96,19.88,8.88,330,2970,18840,8.41,47.79,22.35,79.6,0,96.9,1594.3,0
34.39,62.33,4.29,4.32,294,2352,18452,11.39,54.7,27.88,7.6,0,87.3,2430.1,0
26.11,38.68,14.67,15.56,119,2380,14488,10.47,52.26,22.69,1.75,0,78.3,1850.5,0
46.06,82.64,11.74,16.62,256,2048,16970,11.83,60.32,30.93,199.04,0,32.9,2134.1,0
10.03,58.92,4.57,15.57,291,2328,15621,2.4,49.06,17.76,15.36,0,78.5,1266.6,1
46.79,34.69,40.85,12.94,139,2085,16491,13.38,61.94,31.9,100.19,0,79.8,2404.3,0
39.64,70.15,4.45,23.21,170,2040,15385,7.56,60.38,22.18,85.07,0,47.5,1402.0,1
23.15,58.76,33.78,24.71,253,2277,15725,13.28,53.77,21.31,221.96,0,74.7,983.4,1
41.55,66.87,11.68,22.59,308,5852,33948,7.58,59.44,30.53,191.08,0,55.5,2301.3,0
10.72,98.0,1.44,11.69,216,3672,19802,4.47,53.07,21.86,55.9,0,76.3,1482.0,0
23.28,72.19,26.9,11.2,64,1216,9182,8.18,57.78,21.45,7.76,0,59.1,1781.3,0
68.72,71.41,23.51,12.64,151,3020,23577,10.84,70.75,47.67,5.86,0,91.4,2877.0,0
25.55,49.67,26.67,8.17,61,1220,9381,9.08,53.59,20.81,86.39,0,86.4,1581.8,0
23.61,56.61,15.25,13.52,285,6270,31522,5.3,53.68,21.93,53.74,0,70.0,1923.6,0
36.07,49.65,18.65,12.59,318,7314,37703,12.3,55.52,22.48,110.58,0,80.6,1171.9,0
22.17,35.34,35.64,20.66,100,1400,9617,5.61,49.3,19.7,111.13,0,82.4,1242.4,0
33.15,48.56,2.05,27.78,209,3135,19603,10.74,58.82,25.23,112.87,0,67.2,2260.1,0
31.16,72.03,1.3,14.28,121,2299,14584,20.53,56.62,20.8,97.03,0,68.7,1368.2,0
31.25,60.73,2.0,18.22,191,2292,15941,11.28,51.6,24.4,49.03,0,67.5,1580.9,1
14.14,37.5,30.61,12.09,348,4176,23539,12.3,47.47,19.57,25.0,0,24.5,1415.5,0
38.1,53.38,12.42,19.26,140,1540,12402,5.88,62.27,22.39,161.85,0,84.3,1654.5,1
17.36,43.22,2.9,20.25,109,2398,12451,10.02,49.42,19.86,20.52,0,95.5,1374.3,0
27.08,61.99,2.29,28.3,174,2436,15529,19.94,58.77,19.57,185.47,0,68.5,1471.9,1
17.04,44.74,8.84,3.85,323,7429,37563,7.76,50.29,20.32,35.19,0,88.3,1655.7,0
30.05,46.68,25.37,17.18,341,5115,29818,4.53,50.84,21.42,22.09,0,20.7,2115.8,0
32.28,35.72,24.53,10.37,234,3744,22924,6.4,54.78,22.92,9.15,0,62.6,1983.7,0
27.42,79.97,28.58,16.16,295,3835,23354,11.37,54.29,21.18,139.46,0,45.8,1116.7,0
20.09,54.22,21.98,16.4,298,2682,17402,11.96,50.78,20.89,99.61,0,21.6,1703.1,0
16.69,53.3,0.95,7.55,164,1476,10729,4.05,51.21,19.15,15.49,0,62.4,800.0,1
1.81,60.01,19.1,4.46,342,7524,35423,3.56,45.72,17.03,157.07,0,47.5,1144.7,0
35.82,61.1,10.98,14.84,349,3490,23604,13.68,57.06,27.66,70.69,0,81.6,2238.0,0
16.74,44.72,19.44,9.61,250,3000,18112,4.78,49.41,20.33,9.82,0,97.4,1076.0,0
45.16,58.55,9.93,18.38,307,4605,28706,12.05,61.36,23.83,9.88,0,56.5,1174.7,0
38.06,56.38,9.91,11.0,153,2295,15878,10.06,60.74,22.84,13.69,0,94.0,1435.3,1
20.99,70.32,2.02,18.91,278,4448,24152,16.8,50.85,19.82,2.87,0,25.5,1797.5,0
12.98,66.28,35.34,14.87,280,2240,15489,4.79,52.91,21.04,51.61,0,89.0,1313.8,1
19.8,54.86,7.04,5.2,178,2136,13437,10.9,56.4,18.31,13.25,0,33.5,1084.4,0
59.14,55.36,13.1,12.25,211,3165,24039,6.8,66.69,36.45,17.33,0,52.9,2684.5,0
40.83,51.82,3.48,12.18,76,1292,11459,6.4,58.07,23.79,73.93,0,59.8,1280.8,0
22.5,56.63,6.9,10.02,311,3110,20268,16.74,51.22,22.42,27.66,0,98.7,1923.6,0
12.92,54.51,30.67,16.98,253,2530,15301,16.65,50.08,21.8,95.04,0,92.9,965.8,0
29.77,57.38,3.53,7.19,267,5874,30858,10.11,52.85,21.24,250.61,0,50.9,1184.6,1
22.93,32.98,3.46,30.71,318,5724,29297,8.93,46.26,19.63,2.93,0,62.0,885.9,1
43.94,45.4,4.53,5.33,338,6422,36750,16.45,54.5,30.08,233.8,0,86.5,2235.6,0
9.09,76.55,12.82,5.24,194,2522,13942,8.19,44.65,19.97,25.24,0,71.7,1439.4,1
30.24,45.11,11.03,17.32,249,2739,18426,17.37,50.78,24.21,103.04,0,84.3,2230.9,0
58.65,52.91,2.89,44.28,308,6160,36228,11.01,65.48,30.62,303.78,0,78.7,1802.8,0
24.5,58.17,17.66,8.38,276,4968,27284,10.99,51.74,21.75,5.15,0,35.9,1517.0,1
8.21,52.42,35.71,16.03,308,7084,33756,8.77,39.26,20.37,30.02,0,99.4,1495.9,0
23.93,46.52,3.33,23.35,303,6666,34008,4.34,53.37,20.73,55.8,0,64.9,1450.6,1
22.05,68.81,16.76,10.65,229,3435,20389,25.69,52.27,21.74,43.85,0,65.7,1668.8,0
17.87,39.44,13.24,8.9,89,1246,8786,7.99,47.7,18.55,116.03,0,67.9,1291.2,0
27.1,24.12,5.98,26.38,229,1832,14411,13.43,49.35,18.76,4.8,0,23.9,1313.0,0
30.75,74.33,14.43,14.93,108,2052,13188,16.89,55.8,26.9,65.39,0,97.0,1891.0,0
45.13,35.65,3.53,16.96,164,3608,23126,12.31,57.94,29.22,36.27,0,72.8,2257.7,0
34.56,65.86,26.93,5.72,202,3838,22665,6.31,57.05,23.26,125.42,0,36.3,1885.2,1
39.46,49.18,0.34,15.9,102,2346,14851,9.6,58.51,25.77,25.31,0,81.0,1974.6,1
36.39,77.53,12.56,21.64,143,2145,15498,13.21,58.34,25.45,89.81,0,24.7,2025.9,0
9.94,51.28,5.76,16.33,101,1212,7095,7.41,46.41,15.44,183.39,0,40.5,1263.7,1
28.58,46.88,31.98,16.72,151,1963,13719,17.06,54.02,21.6,41.51,0,43.1,1789.8,0
35.76,68.31,10.38,32.22,131,2489,15618,9.87,62.16,21.99,27.95,0,22.3,1783.9,1
40.87,73.6,24.33,17.09,107,1498,12652,5.8,59.31,28.34,52.84,0,94.0,1509.0,0
59.17,79.29,38.62,24.87,298,3576,25923,7.97,67.76,37.88,55.58,0,63.7,2539.7,0
21.64,17.32,6.1,19.64,212,3392,19165,8.62,51.93,17.58,5.97,0,45.7,1248.5,1
20.91,25.3,31.85,8.71,262,3930,23399,4.33,48.91,20.91,20.42,0,57.8,1837.1,0
30.88,38.66,19.43,14.22,315,4410,25636,7.89,54.99,22.45,203.16,0,64.0,1994.3,0
19.73,38.23,1.72,17.25,83,1245,8474,15.84,46.47,20.19,12.17,0,88.9,1371.0,1
13.25,47.6,1.65,3.09,253,5566,27176,8.62,50.07,19.0,47.14,0,90.4,800.0,1
14.79,55.76,25.5,13.64,281,5620,28885,7.14,46.31,20.19,176.34,0,23.0,1828.7,0
20.95,57.87,9.48,25.17,227,2270,15599,6.01,50.17,19.63,9.73,0,58.9,1853.1,0
6.2,63.31,10.25,7.01,257,2827,16276,8.14,46.36,20.48,42.83,0,86.2,969.7,1
59.97,44.54,33.28,6.31,293,2637,22417,10.29,65.81,33.23,161.2,0,60.0,2039.1,1
23.42,53.65,35.12,14.96,172,3956,21597,6.93,51.3,23.23,41.25,0,81.3,1998.7,0
23.24,54.06,1.79,6.12,322,6440,33275,11.7,46.51,19.18,57.47,0,20.3,1701.4,0
31.79,55.25,7.02,24.05,111,888,8528,6.34,57.12,25.22,49.27,0,72.6,2006.6,0
5.13,47.42,33.84,8.94,271,2710,15075,5.18,43.74,15.37,10.44,0,29.1,1175.4,0
54.89,58.19,25.71,18.3,310,4650,29587,7.65,67.63,35.36,41.48,0,91.2,2372.6,0
33.67,39.44,19.15,7.05,101,2020,14206,5.91,55.16,25.8,43.14,0,95.1,1984.6,0
27.59,80.81,1.61,40.92,93,1674,11301,4.87,58.69,23.56,20.41,0,88.6,1495.2,0
36.13,41.82,14.56,45.83,341,7502,39628,8.94,55.1,20.69,110.45,0,69.4,1051.4,1
27.37,60.93,13.08,23.96,277,6094,32442,4.63,54.94,19.81,128.75,0,27.5,1532.5,1
28.95,50.13,2.74,8.09,332,4980,29354,12.3,55.24,24.83,31.53,0,92.5,1606.2,1
27.79,47.63,22.3,11.68,314,2512,18471,9.37,50.11,24.27,7.12,0,76.3,1916.0,0
7.46,32.32,5.61,3.72,256,5632,27177,10.78,43.48,17.97,102.26,0,50.7,1566.5,0
23.24,46.87,14.54,26.67,65,975,6926,10.48,50.1,19.05,4.35,0,63.3,1375.2,0
33.18,51.37,6.74,13.07,93,2046,13886,11.54,53.91,23.47,183.41,0,83.7,1448.7,0
43.71,46.32,1.32,11.55,154,1540,13945,16.09,56.92,26.27,35.58,0,46.3,2224.8,0
44.66,65.12,11.16,7.09,224,4928,28555,5.47,63.26,31.28,56.27,0,92.0,2407.9,0
15.0,80.07,5.49,22.01,207,2898,16230,3.66,54.49,22.8,183.29,0,84.1,1626.4,0
25.41,53.94,1.11,16.83,263,2104,15624,10.81,56.89,22.89,98.03,0,93.5,1819.2,0
2.81,62.68,3.32,12.52,246,2706,15107,2.94,42.22,16.49,1.51,0,32.3,1128.4,0
37.03,73.59,14.47,15.77,198,1980,15108,5.24,60.95,24.59,12.91,0,44.3,1731.1,1
45.53,38.95,1.6,38.82,153,1377,12471,8.1,60.32,28.35,2.07,0,81.1,1888.1,1
1.78,81.59,1.37,7.06,173,2941,14604,11.49,43.35,18.46,7.06,0,31.0,1147.7,0
22.7,35.21,43.24,5.73,99,1683,11461,19.22,51.92,20.96,88.02,0,91.9,1505.3,0
0.87,54.98,1.71,7.62,265,3180,16702,2.88,42.77,18.34,73.33,0,49.5,963.5,1
47.75,65.11,7.08,25.06,169,1859,15700,13.72,63.99,34.42,62.85,0,55.2,2681.5,0
5.7,78.18,2.15,14.41,336,6384,31414,8.24,48.25,19.4,27.24,0,94.3,1455.8,0
73.02,54.85,42.02,7.67,274,2192,22240,12.77,72.56,58.87,16.75,0,76.5,3346.9,0
18.25,56.55,9.84,16.71,159,2544,14221,4.08,49.66,21.02,27.43,0,64.3,1736.0,0
38.08,79.45,1.77,9.04,256,5120,28689,8.8,63.55,23.54,60.09,0,27.9,1813.8,1
8.13,32.45,21.97,13.53,63,882,4706,3.78,43.76,14.58,21.3,0,39.2,937.9,0
23.85,39.9,22.77,16.19,181,3801,20552,18.7,51.98,20.34,343.08,0,58.3,1428.1,0
19.25,36.63,34.72,8.46,346,4498,24564,5.41,52.81,17.9,7.16,0,65.5,1801.9,0
38.21,38.73,18.35,4.1,263,4734,27227,14.74,54.37,26.68,136.75,0,88.0,2183.3,0
18.88,41.13,0.84,14.08,248,4960,26490,4.08,48.26,17.76,7.71,0,78.7,1042.8,1
25.28,73.49,11.99,10.85,204,2856,17407,5.17,47.67,22.98,92.17,0,85.4,1682.1,0
13.71,77.8,7.27,8.4,112,1904,11070,5.28,48.48,19.0,0.18,0,29.7,1441.0,0
27.4,60.71,20.71,14.13,67,1273,8928,17.98,51.76,24.21,58.64,0,87.8,1784.1,0
12.61,69.71,13.41,17.7,217,1736,12021,6.25,47.11,17.18,66.92,0,39.8,980.7,1
12.95,67.26,19.38,3.29,142,3124,16196,10.15,44.91,23.04,13.8,0,82.2,1668.5,0
68.05,55.03,2.98,12.99,67,1407,14613,14.2,71.65,39.59,162.26,0,63.7,2393.7,1
22.09,68.9,8.62,11.35,85,1105,8998,11.29,50.7,21.62,113.9,0,79.5,1261.6,0
31.72,66.36,8.49,9.73,208,1664,13375,16.17,62.33,22.69,3.59,0,86.1,1188.3,0
8.79,64.7,59.43,18.01,107,1605,9743,21.12,46.32,20.63,44.82,0,75.8,1516.1,0
14.92,56.34,0.29,3.97,110,1210,7883,2.89,49.61,20.53,128.11,0,99.7,1599.9,0
37.48,57.81,25.4,2.09,102,1326,11827,11.71,53.12,31.11,93.36,0,95.0,2379.9,0
13.43,52.46,1.53,4.63,189,1701,11922,17.48,43.95,18.92,81.15,0,46.2,945.6,1
15.5,28.6,1.26,18.64,121,2662,13514,19.08,48.1,18.27,218.0,0,69.5,1158.1,0
28.43,54.04,5.97,9.14,63,1071,7502,22.1,53.68,23.08,31.12,0,89.5,1343.2,0
19.97,55.81,18.1,10.51,272,5984,30857,3.26,48.77,17.44,33.55,0,39.3,1282.1,1
21.25,41.59,17.02,33.87,326,2934,19179,3.08,50.22,19.48,187.81,0,65.2,1769.4,0
72.93,47.81,14.83,15.8,108,2052,18944,9.47,72.74,34.28,40.67,0,71.0,1876.9,0
19.09,65.51,22.34,22.45,310,6200,31436,4.01,52.65,18.74,2.3,0,22.8,1494.0,0
33.14,68.15,3.97,11.7,135,2970,18692,14.21,60.26,23.42,110.76,0,80.8,1617.6,1
54.54,30.09,15.07,3.34,101,909,12136,9.23,66.75,37.78,26.31,0,97.3,2675.8,0
27.02,44.56,15.24,10.64,227,4540,25144,19.17,49.48,22.34,20.09,0,36.0,1930.3,0
9.07,66.94,15.93,7.4,232,3016,16383,11.07,46.59,18.59,112.68,0,24.4,1388.9,0
29.71,36.03,13.54,7.51,143,1430,11454,3.95,52.77,18.53,110.91,0,27.2,1554.8,0
6.46,53.04,3.76,15.41,344,5504,28426,5.75,45.8,19.65,112.84,0,68.1,1179.1,0
0.87,36.32,36.85,3.23,133,3059,14340,11.5,44.75,16.12,11.12,0,40.6,800.0,0
31.16,41.66,55.95,8.02,174,4002,22437,14.14,56.72,22.45,163.96,0,60.9,1770.2,0
14.37,60.29,17.53,9.35,86,1720,9497,5.67,53.17,18.6,44.78,0,55.6,1732.0,0
54.1,64.41,8.81,17.94,284,5964,34600,10.54,62.46,27.3,1.29,0,99.7,1564.0,0
67.41,70.72,11.56,42.45,268,2680,22563,11.29,72.6,37.39,83.39,0,71.4,2298.3,1
65.4,96.95,1.72,3.45,166,3154,22482,12.08,74.45,40.02,25.57,0,77.2,2316.4,1
35.72,52.16,6.77,12.92,85,850,9717,6.77,56.9,23.25,12.7,0,44.4,2242.9,0
48.21,52.92,56.03,9.91,117,1170,12542,16.48,60.98,34.15,178.51,0,98.1,2518.3,0
8.58,74.21,11.9,14.13,169,2366,12683,6.99,47.82,23.63,15.18,0,84.0,1450.9,0
8.86,71.89,12.34,58.43,247,1976,13202,7.86,47.25,15.39,13.76,0,26.9,916.1,1
28.82,63.17,46.18,5.24,309,3090,19649,5.48,58.62,20.24,142.03,0,99.9,1014.2,1
18.68,49.22,32.62,8.49,163,2445,13663,10.99,53.15,19.22,99.95,0,46.3,1576.6,0
31.26,66.12,12.61,26.18,187,3927,22094,5.21,54.06,21.74,4.34,0,35.3,1807.6,0
29.78,46.17,4.7,15.89,109,1090,10216,6.03,51.57,21.59,113.58,0,40.3,2150.4,0
55.82,45.11,1.87,19.64,269,4035,27326,11.95,58.26,27.18,32.82,0,70.5,1841.8,1
29.51,59.16,29.89,9.41,321,7383,37267,3.95,53.59,21.41,63.67,0,62.2,1228.3,0
6.42,86.03,37.9,21.8,290,2320,14452,11.75,50.79,21.5,128.29,0,88.0,1292.3,1
41.27,50.74,10.23,20.86,265,2915,21374,10.5,59.2,22.84,7.83,0,28.7,2160.3,0
12.48,55.88,1.49,15.07,140,1260,8622,9.0,48.12,18.36,72.89,0,64.8,1378.4,0
42.04,31.36,13.98,39.92,96,2208,15673,8.22,59.41,30.25,15.95,0,90.0,2277.8,0
35.32,41.42,6.87,14.34,316,6320,34717,6.35,56.18,23.28,103.7,0,83.5,1697.9,1
43.81,60.45,2.58,15.72,188,2820,19874,14.68,59.27,27.92,205.57,0,49.0,1853.1,1
38.73,62.18,37.73,9.35,114,2508,16515,9.11,61.23,27.2,40.42,0,76.2,2191.9,0
55.7,84.11,4.11,15.86,211,3165,22846,18.36,67.46,40.06,14.39,0,50.9,2793.7,0
6.73,39.3,18.63,14.51,292,3504,20170,9.05,41.48,17.41,63.59,0,81.1,1299.1,0
15.09,57.06,8.42,18.21,290,2900,18415,6.73,50.08,18.25,124.94,0,29.5,1514.2,0
46.55,48.2,26.4,15.25,326,5542,32458,16.93,58.92,30.79,8.64,0,42.6,2477.5,0
12.91,59.27,18.1,15.38,276,2484,15229,11.68,46.7,18.15,7.71,0,86.4,800.0,1
11.24,46.97,1.97,9.48,341,6138,30544,4.27,46.37,18.55,123.85,0,37.4,1055.3,1
34.92,28.99,8.96,18.31,286,4004,24666,8.09,52.68,18.3,26.87,0,33.9,1117.6,1
31.57,64.63,4.51,13.6,325,4550,26019,6.55,58.52,22.73,28.32,0,50.5,1896.5,0
46.3,43.87,18.75,10.02,112,1344,12266,11.49,58.62,30.39,18.88,0,77.6,2138.3,0
12.25,51.49,11.8,7.61,235,2820,16406,4.79,42.67,19.32,10.32,0,27.9,1434.5,0
44.63,56.01,6.24,20.13,85,1105,11667,11.41,65.06,27.37,59.27,0,48.0,1926.1,1
42.65,54.61,6.0,20.07,116,2668,18273,8.67,59.33,27.0,163.83,0,81.9,1803.9,0
20.91,10.45,1.82,11.37,141,1833,11689,24.32,46.38,18.92,180.37,0,98.3,1019.5,1
12.41,31.11,3.61,5.66,285,3990,22135,10.37,46.79,16.87,141.42,0,34.8,1398.6,0
56.63,50.84,18.75,29.84,144,2448,18288,16.39,64.01,40.44,107.12,0,75.1,2782.6,0
16.45,89.55,14.12,26.97,251,4267,23303,16.16,51.4,23.0,140.92,0,65.1,1338.1,0
28.31,41.0,6.59,51.15,181,3258,19449,7.09,49.99,18.0,14.97,0,28.1,1213.1,0
10.49,49.39,27.13,3.95,151,1812,11484,7.81,51.65,18.18,22.94,0,74.8,800.0,1
26.0,75.18,9.94,10.32,231,2772,18573,13.82,53.49,23.82,1.43,0,71.8,1640.4,0
27.88,65.56,23.73,7.83,132,2376,14256,7.2,53.87,19.47,158.97,0,24.0,1456.9,1
17.73,61.35,22.79,4.17,102,1020,7519,5.75,49.87,20.04,65.77,0,90.9,1598.8,0
32.42,56.82,28.26,12.61,210,2310,16550,8.69,58.66,23.76,40.86,0,53.4,1988.5,0
21.97,26.45,28.43,14.15,149,1341,9912,4.65,48.61,17.25,1.9,0,26.5,1564.7,1
31.25,31.3,17.05,11.65,337,3033,21415,5.9,53.04,21.83,174.78,0,67.2,1659.0,1
57.96,41.27,20.76,4.61,333,5661,34580,11.87,65.84,41.32,4.79,0,79.7,2967.7,0
9.54,49.01,22.5,17.61,124,992,7722,3.85,48.56,14.5,50.8,0,29.7,1393.8,0
26.59,73.1,2.78,5.97,290,2320,16707,8.07,52.57,20.2,24.16,0,51.5,1076.5,0
17.13,55.49,5.36,22.81,73,1533,9361,22.36,49.06,19.43,32.18,0,40.9,1542.8,0
37.14,45.45,1.65,22.1,152,2736,17988,14.33,58.08,22.76,53.03,0,95.8,1741.3,1
19.79,50.79,3.15,15.41,299,5681,28157,3.63,47.39,17.17,4.32,0,70.0,1087.2,0
11.18,75.62,22.6,9.54,330,7260,35617,12.9,51.98,20.36,155.61,0,84.3,1337.8,0
10.86,56.91,44.09,13.28,169,2366,12813,7.5,50.05,19.64,83.31,0,46.5,1504.0,0
16.75,65.01,16.8,8.43,204,3264,18187,3.87,54.08,19.79,17.71,0,88.1,1665.1,0
19.5,47.74,32.58,17.79,154,2618,14731,5.94,55.55,19.74,81.99,0,45.1,1474.9,0
22.42,26.09,5.74,28.44,160,3520,18505,6.28,47.92,16.97,23.47,0,41.2,1882.0,0
11.39,64.81,28.04,26.54,296,6808,32858,10.05,47.26,18.79,11.55,0,37.1,1474.0,0
29.54,59.84,6.21,12.38,203,2233,15793,10.5,52.57,19.84,219.65,0,42.0,1286.5,0
53.54,69.51,33.69,28.41,179,3580,23781,16.97,61.52,35.04,3.22,0,64.0,2432.0,0
41.53,56.26,24.0,14.92,139,2502,16642,22.39,56.44,26.0,209.37,0,27.1,2313.5,0
45.41,91.3,61.65,3.01,315,5040,29568,22.32,64.24,32.6,3.78,0,24.1,2447.1,0
78.49,40.87,26.34,26.59,179,3759,26743,11.17,76.04,61.58,33.18,1,44.1,3430.5,0
47.64,38.69,7.62,13.61,167,1837,15232,9.55,61.19,25.67,60.78,0,39.3,1887.7,1
45.49,52.25,1.75,16.12,70,1540,12438,14.16,60.47,25.85,22.25,0,80.1,1784.9,1
56.75,50.57,31.1,9.6,262,6026,34669,9.76,65.0,35.87,47.75,0,25.0,2678.7,0
4.52,52.07,12.7,27.23,84,1344,7814,7.56,44.48,16.13,23.43,0,56.2,1008.5,1
9.64,53.53,29.29,7.82,252,5292,25575,2.2,50.45,21.27,6.44,0,98.1,1504.3,0
16.69,50.18,7.34,25.79,133,3059,16681,9.37,50.96,17.07,89.98,0,44.6,1517.9,0
4.37,46.82,0.44,6.75,346,5536,27336,10.49,44.43,16.98,59.12,0,55.1,850.3,1
23.63,40.14,0.81,14.31,75,1050,7801,13.26,51.9,19.96,51.62,0,70.3,1505.8,1
15.66,63.34,16.65,27.91,161,2898,16474,7.43,48.69,18.92,23.8,0,55.9,1459.7,0
30.18,72.88,1.82,29.72,104,1456,11058,10.68,55.41,22.97,62.33,0,47.8,2115.5,0
35.32,98.0,20.52,20.35,70,1120,9662,11.01,60.54,31.81,176.52,0,83.5,2171.6,0
11.2,60.53,8.16,23.82,64,1152,6699,6.12,46.33,18.16,85.92,0,43.6,1494.4,0
39.54,71.93,12.42,21.23,199,2786,18534,16.02,60.12,25.38,6.38,0,52.8,2189.0,0
46.68,58.25,24.23,9.5,265,3710,24797,9.08,65.88,25.08,8.1,0,57.5,1492.0,0
29.9,65.59,4.38,16.64,62,620,7080,13.42,56.14,23.12,48.02,0,73.7,1439.0,1
53.9,53.92,7.99,14.46,201,2814,20328,12.76,63.83,26.76,39.47,0,72.9,1398.2,1
14.93,50.67,19.62,23.49,340,7820,38624,8.57,46.56,21.46,199.58,0,95.7,1547.4,0
24.97,51.44,37.59,24.46,313,3756,22533,7.4,52.33,21.66,58.57,0,93.5,1491.6,1
22.95,83.45,5.14,12.61,334,7682,39121,3.51,54.7,20.8,15.71,0,55.5,1676.4,0
52.86,81.74,14.62,11.52,247,5434,31565,11.79,69.16,25.38,37.46,0,34.3,1613.3,0
12.96,42.44,45.3,22.89,241,2169,13438,10.62,47.05,17.74,28.63,0,37.3,1501.7,0
37.16,62.5,15.7,10.93,307,6754,35855,12.11,59.5,25.82,33.83,0,68.5,2307.5,0
58.55,51.07,33.49,24.19,165,3300,23262,15.06,66.82,30.97,5.21,0,22.7,2185.6,1
78.64,81.9,42.13,13.28,129,1806,18723,14.35,78.93,50.71,10.43,0,44.0,2645.1,1
20.78,37.2,39.75,8.78,129,2967,16264,4.26,46.97,19.79,101.26,0,63.0,1412.1,1
34.38,72.07,21.31,9.69,305,6710,35184,7.99,57.33,20.35,8.48,0,40.7,1149.1,0
38.79,56.5,12.05,2.23,261,2088,18732,8.2,60.62,22.76,51.94,0,26.3,1855.2,1
75.7,27.17,1.53,11.74,342,4104,30840,11.01,69.84,48.24,57.73,0,23.4,2952.8,0
36.1,83.83,3.78,17.88,204,4488,26141,7.73,56.59,27.02,211.96,0,25.2,2200.2,0
34.15,29.04,4.43,56.34,211,2954,19499,15.71,60.08,21.98,216.48,0,43.2,1767.2,1
32.42,39.7,0.51,8.41,349,6631,35189,9.71,53.32,17.29,5.04,0,33.1,1194.8,1
5.13,36.35,1.61,9.93,215,4300,21466,1.57,48.27,15.14,24.0,0,42.6,1290.5,1
43.18,74.52,5.24,8.16,143,3289,20484,9.67,60.19,29.84,30.82,0,61.7,2378.0,0
32.49,45.85,1.43,7.69,149,2980,18169,11.57,53.48,25.37,93.23,0,82.7,1989.7,0
8.95,37.56,2.79,17.27,235,3290,18245,14.5,42.24,19.95,120.39,0,84.2,1696.6,0
56.64,64.2,0.84,9.64,305,3660,26518,20.46,67.0,28.15,107.84,0,38.2,1910.0,0
4.49,38.37,8.08,7.89,227,3178,16059,12.33,41.54,17.45,15.24,0,78.7,1167.0,0
18.92,61.98,25.83,15.52,311,7153,35369,7.32,51.49,21.44,146.75,0,85.8,1233.5,1
42.64,60.47,25.09,16.96,305,4575,28665,15.21,62.07,25.1,20.49,0,28.9,1821.0,1
15.14,58.8,35.29,8.01,229,4122,21125,9.21,44.96,20.03,77.82,0,66.0,1637.0,0
19.86,25.78,20.53,23.43,337,7077,35995,9.87,48.4,18.96,58.39,0,52.0,1759.7,0
40.24,72.44,4.2,33.13,263,4471,26681,10.17,60.07,28.98,46.12,0,45.7,2427.5,0
25.24,76.99,18.18,18.66,273,6006,30541,5.59,56.61,21.27,5.41,0,27.5,1171.7,0
45.29,69.23,21.03,16.85,237,4740,27615,22.98,64.44,25.49,93.88,0,64.1,1700.6,0
31.16,66.4,11.75,3.09,213,2556,17454,17.15,55.5,25.55,101.93,0,54.5,2203.6,0
20.27,52.42,24.68,7.32,196,3332,18433,5.02,51.74,18.62,136.84,0,35.7,1709.8,0
4.69,80.9,1.11,5.32,291,3783,20589,1.3,45.79,20.15,196.83,0,66.1,1049.6,0
4.58,34.22,13.55,21.28,105,1470,7758,7.07,44.73,18.55,17.52,0,54.4,990.4,1
19.0,20.97,9.81,21.92,342,4788,26896,10.64,48.62,17.23,53.75,0,91.0,800.0,1
8.63,73.72,24.54,15.9,138,1656,8879,15.2,45.14,21.99,103.76,0,84.9,1532.1,0
33.17,28.7,2.05,10.48,242,2178,16221,15.8,53.72,22.7,8.25,0,76.1,1609.2,1
18.97,71.48,3.59,10.39,241,3133,18220,7.14,54.79,17.34,20.06,0,25.9,899.7,1
22.26,33.71,12.27,123.22,201,4020,21843,7.12,51.63,17.39,164.64,0,34.3,1306.0,0
44.96,64.62,44.12,19.68,104,2392,17312,7.97,59.68,32.17,3.28,0,79.9,2181.0,0
29.96,43.9,1.3,11.52,100,1200,10158,8.17,53.27,24.18,95.33,0,79.3,1873.0,0
2.13,60.9,20.4,16.34,262,3406,17505,4.17,43.32,16.47,24.94,0,50.8,1198.9,0
41.81,76.17,3.45,5.65,61,1159,10216,18.34,60.56,27.98,252.75,0,69.0,2192.7,0
26.78,42.44,1.67,17.18,278,6116,31548,5.63,47.68,19.34,169.89,0,63.0,1726.0,0
25.65,79.85,7.53,10.48,67,1273,9975,6.74,55.73,20.78,96.89,0,74.0,1642.3,0
31.27,55.26,13.12,16.5,321,7062,36241,16.38,53.91,25.85,85.26,0,77.1,1853.3,0
11.62,56.75,26.32,6.9,291,5529,28835,10.07,45.61,20.67,76.37,0,77.1,800.0,1
23.65,72.79,15.11,36.36,269,2690,16783,6.48,54.65,20.64,2.16,0,87.0,1128.4,1
15.34,74.7,10.15,7.17,343,2744,17615,2.65,52.1,19.42,219.84,0,32.5,1624.7,0
7.91,54.02,5.05,9.92,273,5187,26671,7.16,42.06,21.67,88.55,0,99.3,1366.5,0
9.37,32.01,5.19,6.29,258,4128,22259,10.54,46.57,16.86,126.18,0,69.3,1270.7,0
15.0,55.75,22.08,7.88,267,4539,23965,7.26,50.18,18.41,65.36,0,52.1,1379.1,1
7.89,32.43,1.82,11.21,229,1832,12536,5.15,44.05,16.65,118.19,0,72.4,1050.0,1
33.83,53.67,2.38,12.55,230,3910,23730,4.3,62.08,26.13,176.75,0,54.9,2423.8,0
22.78,49.73,19.08,10.54,324,5184,28433,11.48,52.04,22.61,5.65,0,42.9,1788.3,0
13.83,33.37,48.68,16.53,63,1071,6900,5.05,38.06,20.04,8.3,0,84.6,1283.9,1
5.39,41.73,1.92,50.0,225,2475,13633,1.6,43.64,18.2,60.05,0,27.5,1474.8,0
11.62,74.16,14.1,10.84,74,1628,9205,8.26,55.0,17.99,60.5,0,33.1,865.3,0
20.84,50.15,4.1,9.02,94,2068,11801,15.41,49.53,19.72,58.09,0,43.1,1714.0,0
25.4,48.12,0.39,27.84,114,2166,13334,6.39,53.55,17.46,40.26,0,22.5,1552.9,1
17.23,63.07,26.78,6.9,171,3762,20140,10.37,50.86,20.42,29.58,0,73.7,987.4,1
6.58,79.59,10.66,32.78,99,1485,7529,5.36,44.14,18.17,6.85,0,65.4,1378.4,0
21.83,46.25,0.36,4.05,78,1014,8557,7.38,52.11,22.76,9.21,0,88.8,1897.9,0
27.51,72.55,33.87,22.22,175,4025,22283,11.72,56.56,24.62,4.12,0,64.6,1986.3,0
44.98,54.98,11.51,6.9,158,3002,20514,11.19,59.12,30.23,0.14,0,26.1,2430.2,0
33.71,83.97,20.04,6.77,93,1395,10438,14.56,57.32,23.11,79.0,0,28.4,1665.2,1
26.44,71.0,8.26,15.43,275,4125,23988,9.27,56.35,22.74,6.81,0,87.7,1382.6,1
32.27,49.53,3.07,21.08,103,927,8955,11.17,58.49,23.57,0.32,0,67.3,1873.8,0
39.15,59.16,9.4,18.47,266,2660,18757,7.87,61.04,25.39,14.93,0,63.4,2081.5,0
33.14,42.98,5.09,8.07,165,2640,16501,10.66,55.4,24.91,4.75,0,87.6,1933.7,0
47.74,57.44,5.28,20.47,339,3051,23313,7.45,61.17,31.83,90.37,0,64.3,2514.1,0
10.31,42.59,15.49,7.39,123,1353,8180,11.15,52.9,16.23,16.89,0,44.0,800.0,1
9.97,44.66,1.48,10.47,329,2632,17094,5.85,49.32,19.71,0.17,0,98.3,800.0,1
55.08,72.56,7.59,8.62,218,4796,28990,8.73,65.8,38.55,178.47,0,88.1,2667.9,0
30.32,58.42,11.87,11.13,113,1243,11012,5.68,57.45,19.36,77.64,0,45.4,1289.0,0
38.96,60.45,18.56,8.8,192,1920,14054,19.63,59.63,27.7,81.53,0,75.7,2054.4,0
18.71,47.55,15.03,13.57,159,3180,17148,9.33,51.01,19.39,10.96,0,24.5,1753.7,0
13.32,50.36,32.61,5.41,301,6321,31801,6.25,49.38,19.69,27.1,0,60.0,1181.6,1
45.84,49.66,73.16,17.35,345,3795,25309,8.54,68.54,27.74,95.53,0,75.9,1846.7,0
8.89,46.16,41.57,9.01,246,4920,24303,6.23,44.26,16.73,300.85,0,51.1,1200.2,0
56.78,45.59,21.67,6.47,265,2650,21390,15.02,65.08,29.57,46.64,0,78.3,1922.3,1
16.93,42.02,17.38,22.63,186,2232,14304,9.32,48.64,18.16,33.63,0,45.6,1475.3,1
11.94,34.28,0.54,37.2,304,3344,18998,6.1,44.17,15.1,239.19,0,58.2,843.8,0
39.87,53.86,11.44,17.01,93,1953,14509,7.02,57.86,20.86,78.16,0,61.6,1709.1,1
60.52,40.72,16.35,14.07,303,5454,33051,11.18,67.15,25.32,86.39,0,63.0,1229.5,1
14.09,79.91,7.99,9.65,188,3008,16864,10.7,50.28,23.32,72.82,0,99.3,1612.6,0
9.34,34.93,7.29,5.48,124,1488,8560,10.23,44.84,20.25,164.84,0,93.9,1188.9,0
22.02,48.94,11.73,17.22,342,4104,24115,4.16,48.2,21.78,23.88,0,75.6,1795.1,0
32.72,66.01,35.57,4.77,326,2934,20542,7.0,56.36,21.74,103.35,0,51.8,1633.9,1
24.42,22.88,4.54,16.09,263,2893,18921,13.05,50.35,20.17,157.13,0,74.9,1654.6,0
46.17,66.61,7.64,4.31,194,2134,17917,10.86,62.12,25.01,97.05,0,48.9,1658.8,0
27.18,42.63,15.88,13.76,336,4032,24724,6.69,51.77,20.4,18.15,0,83.6,1601.7,0
49.52,38.78,3.09,26.36,160,1920,16068,8.16,61.13,28.43,158.42,0,31.0,2575.9,0
5.42,63.77,27.02,15.16,112,2240,11689,7.68,46.63,15.42,39.32,0,24.5,950.0,1
26.32,65.48,16.45,23.67,217,2387,15835,10.82,50.81,23.36,79.63,0,46.6,1972.6,0
11.65,38.41,6.51,29.47,218,3706,19765,3.26,49.27,17.96,190.68,0,49.4,1735.1,0
37.75,49.97,19.21,12.48,329,6580,37259,8.99,57.16,26.96,19.92,0,96.5,1985.3,1
22.31,73.12,4.91,37.06,282,5358,28481,9.64,55.38,24.53,5.43,0,94.9,1787.3,0
34.69,48.34,22.34,10.29,119,2261,15401,5.2,54.31,26.57,52.23,0,60.1,2273.8,0
7.55,39.94,1.1,6.77,110,990,5333,4.62,44.97,16.32,31.86,0,58.1,1468.7,0
25.17,53.13,8.35,6.73,158,3318,18882,5.2,48.95,23.53,77.75,0,76.6,1742.9,0
26.87,53.6,4.55,21.59,217,4774,25359,20.28,51.54,25.95,5.85,0,92.3,1606.6,0
18.13,51.12,25.45,10.52,256,3584,20428,5.41,51.28,21.61,184.78,0,94.7,1563.6,0
20.4,61.73,20.96,9.39,60,1260,8185,8.65,51.79,19.47,226.8,0,41.4,1708.4,0
34.28,45.34,27.66,19.0,211,3587,21499,17.16,57.76,24.58,31.42,0,89.4,1810.1,1
49.92,64.46,15.81,4.78,349,7678,41475,13.59,64.8,25.55,3.14,0,66.1,1397.7,1
48.51,49.46,23.79,58.85,279,2511,20056,11.81,59.21,30.76,22.1,0,72.4,2449.2,0
46.72,33.4,8.66,6.04,274,6302,34625,14.62,62.47,24.08,4.51,0,52.5,1968.4,1
8.43,78.84,17.0,17.62,343,4802,25810,10.94,47.7,20.42,30.69,0,59.2,1420.6,0
36.97,31.88,0.47,16.87,290,4640,26589,5.01,55.14,25.69,3.54,0,59.4,2395.2,0
38.82,67.42,31.89,11.17,207,4554,26537,4.99,59.53,27.4,6.46,0,77.4,1883.3,1
13.01,52.58,17.32,23.71,72,1080,6464,6.56,48.66,16.85,40.01,0,44.7,1324.8,1
28.69,55.31,30.16,19.97,169,2704,17470,17.95,53.47,21.39,8.95,0,50.4,1871.1,0
4.52,41.92,22.1,11.41,135,2835,13713,3.12,43.95,18.99,87.56,0,80.0,800.0,1
60.63,47.71,5.06,17.74,202,4040,25294,11.19,65.54,37.36,9.84,0,89.4,2422.9,1
23.5,66.94,4.78,3.25,245,3675,20719,5.77,52.28,20.99,48.01,0,28.1,2132.5,0
34.2,38.37,24.11,9.57,220,4180,23869,7.91,58.74,21.73,5.32,0,49.5,1963.3,0
29.93,47.46,3.06,16.97,307,2763,20203,7.51,57.21,20.7,70.56,0,25.3,1776.0,0
25.93,70.85,1.76,8.19,244,3904,22018,12.66,50.61,21.74,45.31,0,34.9,1985.5,0
17.62,46.21,0.23,11.59,295,4130,23569,8.04,48.82,17.18,102.04,0,45.2,1034.5,0
28.79,55.43,5.32,10.9,65,1300,9343,14.64,53.51,21.45,2.51,0,43.7,1679.4,1
7.25,56.66,1.57,4.37,241,5543,26403,10.59,43.55,19.53,114.47,0,40.9,1173.6,1
25.78,41.94,24.27,21.04,180,1980,13994,11.98,48.01,20.89,44.48,0,90.4,1811.5,0
34.66,61.35,9.94,13.16,190,3230,20270,9.82,57.56,22.17,107.75,0,50.7,1153.0,0
73.8,53.9,4.37,6.01,225,3150,24708,15.15,72.04,53.77,121.3,0,77.6,3057.8,0
14.44,42.98,13.82,36.92,235,3760,20476,12.03,47.52,19.87,49.75,0,92.0,1372.6,0
24.02,64.49,1.09,13.65,282,6204,31223,12.75,51.75,23.1,15.51,0,39.1,1805.0,0
49.34,57.18,19.43,14.06,100,800,11281,5.83,61.0,26.42,176.82,0,21.2,2008.4,1
23.38,53.96,10.44,11.5,224,2464,15249,9.55,50.5,19.4,58.98,0,44.8,1846.5,0
19.75,50.34,0.1,38.23,242,5082,26125,6.15,50.25,19.32,16.72,0,48.8,1773.1,0
31.63,33.01,5.77,21.32,337,7751,39976,8.69,52.33,20.11,50.98,0,28.0,1910.2,0
12.58,52.7,20.81,7.99,320,5120,27272,18.4,42.75,18.3,92.06,0,32.2,1387.8,0
51.35,21.68,3.13,3.5,263,4997,29662,20.36,62.85,22.46,14.35,0,28.0,1837.7,0
57.93,66.07,49.0,18.31,184,3128,21525,12.08,70.47,39.17,60.16,0,24.0,2609.4,0
47.64,37.68,34.04,11.29,265,2915,21835,7.39,59.66,30.76,93.81,0,83.3,2116.4,0
19.73,63.09,22.59,9.84,182,2548,15509,12.77,48.35,21.11,23.66,0,61.6,1704.8,0
36.69,33.97,1.23,11.14,153,3519,21117,10.62,58.97,27.45,11.62,0,66.1,2407.9,0
20.09,35.56,6.55,4.13,338,7436,37639,18.69,52.3,17.41,31.36,0,78.3,1371.6,1
28.85,43.87,5.31,13.22,314,2826,19754,5.65,55.88,20.51,112.84,0,86.1,1148.4,0
24.26,82.96,2.22,10.49,349,7329,37368,14.78,56.34,21.5,193.76,0,70.6,1116.6,0
12.5,48.46,118.09,9.32,224,2240,13998,7.66,49.97,20.61,63.51,0,74.7,1627.7,0
14.67,80.13,2.39,12.68,145,2175,12100,5.38,50.12,16.8,21.83,0,58.1,866.8,0
12.96,61.95,5.68,31.06,186,3906,20858,16.23,50.07,22.81,25.82,0,93.2,1368.5,0
16.46,51.11,31.82,9.95,106,848,6622,13.1,51.63,19.38,18.12,0,52.0,1312.8,1
14.51,57.59,2.34,25.82,62,620,4856,7.37,46.82,18.89,0.84,0,53.2,1221.4,0
55.04,60.01,9.51,13.43,87,1305,13147,19.82,66.21,37.75,21.92,0,65.3,2601.4,0
27.25,61.66,55.75,27.21,93,1767,11998,6.5,52.88,19.77,58.12,0,43.2,1452.9,1
14.45,74.88,4.26,11.75,102,2346,12505,6.53,50.57,18.34,267.34,0,27.2,1445.1,1
36.01,56.3,18.21,7.22,71,923,9906,3.76,62.26,25.88,116.03,0,85.3,1831.4,0
7.52,64.2,1.25,43.72,349,5933,30227,11.24,45.55,16.89,155.56,0,20.9,825.0,0
16.67,84.36,13.78,22.43,272,4352,23068,11.84,54.07,25.35,36.19,0,95.6,1488.0,0
47.79,31.47,6.21,28.77,288,3456,24423,5.55,59.12,24.0,47.37,0,94.3,1373.3,1
22.01,53.26,18.04,17.49,315,5040,27449,12.64,53.77,22.67,17.09,0,96.0,1391.6,0
23.46,67.02,8.51,12.66,221,4420,23773,9.29,52.29,20.71,3.02,0,58.7,1543.0,1
16.11,34.21,5.33,22.08,266,4256,23907,7.41,44.17,19.3,14.38,0,78.1,1765.2,0
41.07,40.44,11.85,17.34,345,5865,32566,13.6,54.72,25.83,94.81,0,45.6,2098.1,0
28.69,40.89,2.26,8.87,313,6886,36112,6.31,52.33,24.75,20.25,0,72.1,1956.0,0
43.84,60.75,25.27,16.16,260,5720,31701,9.18,57.98,30.4,73.31,0,33.8,2445.6,0
52.59,62.89,20.84,9.92,333,6327,36746,15.4,64.26,24.92,32.43,0,53.1,1602.3,1
6.82,41.77,11.81,5.65,268,4020,20134,7.5,45.55,15.82,155.08,0,49.9,1022.8,1
12.11,61.43,6.86,11.75,61,1403,8364,12.65,50.34,18.53,84.87,0,57.3,1791.6,0
31.84,45.27,37.02,8.48,114,1938,13508,3.93,52.42,20.3,57.39,0,99.8,1052.1,1
8.19,73.84,15.1,43.01,95,760,6007,4.95,50.01,17.97,144.71,0,57.6,1496.7,0
31.41,62.67,5.03,6.47,125,1875,13863,10.59,58.7,19.61,7.74,0,32.2,1366.7,1
32.8,66.02,24.65,9.38,181,4163,23613,8.4,63.75,27.48,214.1,0,85.9,1880.6,0
11.18,78.83,15.12,8.66,176,2640,14364,17.04,49.39,17.54,135.28,0,54.6,1390.4,0
29.56,65.38,2.04,19.48,84,1680,11168,8.94,55.05,28.92,96.97,0,93.9,2171.7,0
41.03,46.45,1.82,14.18,118,2006,13707,7.13,61.29,24.85,30.02,0,73.6,1640.7,1
18.71,56.86,41.73,38.27,147,3234,17418,11.09,46.5,20.71,199.76,0,74.5,1761.6,0
18.39,35.33,5.09,30.12,137,3014,16152,5.84,45.39,19.81,6.43,0,75.1,1697.9,0
2.02,38.45,16.34,12.98,293,4981,24222,6.82,39.7,14.8,11.16,0,33.8,1573.2,0
33.81,63.94,0.56,6.36,69,1380,10029,14.05,56.08,25.07,38.34,0,71.9,1696.5,0
5.39,80.11,12.2,15.26,240,2400,13778,0.72,42.83,20.51,3.78,0,79.1,1478.5,0
40.98,71.1,3.94,14.02,281,4496,26836,7.52,61.03,28.07,8.11,0,34.9,2239.8,0
15.28,60.13,2.26,4.98,323,4845,26165,5.63,48.18,19.24,2.18,0,41.6,1247.5,1
35.96,32.45,22.28,10.8,123,2091,14381,11.21,59.02,28.97,6.64,0,91.1,2312.7,0
25.72,57.03,24.87,13.74,220,3080,19114,11.3,51.7,22.53,46.69,0,40.5,1759.1,0
29.94,39.91,18.84,12.51,269,2421,16716,16.94,54.64,20.44,89.13,0,25.0,1391.7,0
14.66,60.84,0.17,6.78,271,2168,14206,12.87,49.76,17.48,166.52,0,27.9,1676.3,0
19.03,35.13,5.03,12.09,222,2664,16906,9.88,49.61,20.19,56.27,0,60.9,1843.3,0
9.44,57.45,6.72,11.36,311,2488,15714,8.47,49.88,19.43,0.24,0,94.3,1187.6,1
3.69,47.24,17.61,16.33,132,3036,15205,2.13,41.78,14.51,129.56,0,43.1,1029.5,0
25.2,56.28,21.13,7.06,196,2156,14766,10.45,53.34,23.04,48.09,0,97.9,1246.6,0
37.08,47.04,14.83,24.61,155,1705,13639,26.16,58.66,27.02,58.6,0,94.8,1846.4,1
24.97,31.52,23.34,16.41,329,6909,35735,7.76,52.37,21.93,1.14,0,72.4,2072.7,0
29.07,70.36,8.36,5.51,115,1035,9093,6.55,58.17,23.8,76.51,0,61.2,1740.7,0
27.53,50.55,11.71,14.32,223,2453,16022,6.56,50.39,18.78,246.89,0,38.9,1627.3,0
10.14,48.51,1.0,12.5,155,3410,17751,5.88,44.44,16.43,102.55,0,67.5,1583.5,0
35.02,52.91,8.36,11.58,214,1712,14586,12.98,55.14,24.97,92.56,0,49.2,2213.8,0
52.33,45.16,8.5,5.05,303,2727,22200,15.44,66.03,32.59,68.04,0,66.0,2365.3,0
14.42,45.13,14.18,10.07,80,1520,9925,5.55,46.91,20.4,10.65,0,74.5,1805.3,0
12.66,76.57,7.12,8.32,131,1965,11340,14.71,50.54,18.16,104.18,0,20.3,1625.0,0
41.82,56.23,4.09,9.31,169,3380,21470,12.85,59.62,26.02,102.0,0,24.1,2090.6,0
6.75,48.44,4.07,21.0,200,2200,11988,6.66,42.35,14.68,22.36,0,48.9,1368.8,0
43.98,30.1,2.16,8.14,315,6300,35753,7.04,56.72,24.04,73.6,0,64.6,1948.6,1
14.57,47.32,18.11,45.4,317,7291,34981,5.11,47.78,19.12,48.81,0,48.8,1515.1,1
25.97,40.44,14.62,53.85,127,2921,16419,5.87,47.41,17.8,63.47,0,25.0,1099.3,0
17.05,48.69,12.99,15.12,122,1342,8959,11.74,49.18,19.69,129.25,0,87.2,1649.7,0
44.96,77.79,11.36,5.64,293,5860,33514,6.03,64.94,30.33,64.54,0,27.6,2328.1,0
25.62,76.49,6.87,5.64,282,4230,24038,7.5,57.93,22.9,175.57,0,63.0,1871.7,0
25.27,51.09,21.96,16.19,204,3264,19021,11.91,56.71,23.38,272.77,0,85.4,1922.2,0
58.63,44.69,38.27,10.6,230,3450,24130,10.45,66.94,25.41,27.13,0,36.6,1570.2,1
34.92,63.67,8.7,7.88,125,1000,10151,21.5,60.85,25.65,15.54,0,66.5,2090.5,0
19.62,71.78,7.89,12.28,136,2448,14268,6.76,53.01,20.15,219.66,0,76.0,1235.6,1
22.69,50.92,2.66,5.59,118,1770,11287,7.0,47.96,18.41,126.42,0,51.2,1480.8,1
37.81,85.31,16.66,50.9,309,4944,29276,12.52,59.13,23.52,145.77,0,51.1,1667.9,1
13.63,46.89,12.25,17.21,275,3025,17765,6.77,47.1,16.86,45.07,0,22.9,1330.8,0
15.49,49.64,66.34,32.54,146,3066,16307,9.81,44.96,21.42,30.71,0,85.1,1746.4,0
16.19,52.64,13.17,21.71,98,1470,9823,3.19,46.51,15.86,22.13,0,30.2,948.9,0
25.6,49.94,5.11,19.24,157,2669,16152,9.05,55.29,19.84,105.39,0,29.8,1954.0,0
17.92,37.75,12.42,7.14,152,1824,11314,9.17,50.66,16.43,68.4,0,30.8,1262.8,1
10.01,66.59,62.69,2.51,220,1760,11324,13.17,50.04,21.19,25.4,0,78.3,921.4,0
7.44,50.71,19.27,22.77,109,1526,9290,4.36,45.69,18.19,150.66,0,32.1,1513.8,1
53.65,87.3,2.06,12.32,204,1836,16389,15.94,66.39,31.73,45.78,0,52.8,2100.6,1
29.54,66.59,6.3,45.8,135,2970,17229,4.37,54.85,24.32,0.43,0,87.3,1495.2,1
53.6,59.86,5.32,9.42,225,4725,29253,18.58,65.85,30.88,32.05,0,50.5,2293.2,1
36.64,84.0,29.16,12.35,312,3744,23946,6.51,64.97,25.43,351.65,0,63.9,2066.8,0
8.44,65.77,14.17,9.96,244,4880,24410,11.53,45.23,19.37,31.63,0,67.9,1197.4,1
21.39,65.26,24.92,27.14,65,1300,8441,5.67,57.37,22.57,163.57,0,74.9,1789.9,0
35.66,44.99,2.91,2.86,110,880,9471,5.87,57.76,20.19,13.84,0,39.8,1277.7,0
29.93,51.42,35.8,15.46,133,1596,11457,9.26,57.49,21.32,40.13,0,39.1,1537.1,1
28.34,69.95,0.9,8.24,189,3402,20016,14.0,55.35,19.9,67.23,0,40.8,1805.5,0
52.48,67.16,7.05,12.75,291,3783,26063,15.65,63.82,41.03,56.85,0,76.9,2881.6,0
49.23,45.97,0.21,31.0,63,1386,12462,8.65,62.39,21.46,75.7,0,86.5,1022.5,1
20.75,90.05,3.06,6.41,155,3255,17338,16.4,51.72,20.86,52.65,0,48.4,1794.9,0
15.41,51.93,49.14,6.34,170,3910,20455,6.48,48.84,19.58,3.47,0,47.3,1610.8,0
34.21,72.57,1.23,37.7,224,4928,27392,9.96,58.08,26.89,30.21,0,31.1,2358.9,0
25.38,58.92,2.36,9.87,265,4240,24702,4.07,52.34,21.75,55.56,0,84.1,1280.5,0
6.45,61.84,38.82,8.86,65,1365,6759,4.39,43.88,18.26,53.07,0,72.6,827.9,0
34.88,49.91,18.58,8.94,82,1394,10401,18.92,53.89,23.31,84.55,0,22.8,2108.7,0
24.69,58.04,7.84,4.57,232,2320,15472,10.34,54.87,23.07,23.9,0,96.2,1518.2,0
17.73,31.77,1.07,31.05,78,780,7072,17.55,48.83,17.63,23.24,0,38.5,1380.2,1
66.67,71.56,23.06,28.97,121,2783,22779,26.82,72.61,43.75,49.52,0,76.0,2408.8,1
50.11,66.28,10.18,4.31,346,2768,22049,17.88,63.27,32.58,10.35,0,47.2,2377.4,0
46.58,82.95,5.85,9.93,78,1794,14798,10.99,65.28,33.77,2.66,0,90.2,2562.0,0
34.61,56.15,6.71,4.76,266,3458,21729,11.49,56.03,27.42,5.01,0,45.0,2112.5,0
19.09,40.09,10.56,19.78,145,2900,15800,11.22,48.39,17.02,12.71,0,92.6,1381.8,1
19.46,77.45,12.02,17.46,311,5598,29728,7.1,56.41,21.53,55.71,0,56.6,1762.6,0
15.17,51.04,25.56,6.71,233,2563,15277,11.65,50.8,22.23,19.79,0,94.6,800.0,0
10.6,10.0,22.16,9.34,276,6348,30463,8.89,41.22,16.49,44.6,0,37.3,1430.3,0
61.6,62.52,21.85,27.45,64,576,10745,9.52,65.22,44.64,14.78,0,86.3,2815.7,0
60.99,69.05,19.6,11.21,81,891,12199,18.11,72.27,38.52,21.74,0,72.1,2502.4,0
24.89,73.3,21.27,8.39,92,1472,11229,9.99,57.69,20.66,150.01,0,21.2,1908.2,0
52.28,41.48,16.98,21.8,238,2380,18507,8.42,64.13,31.9,64.22,0,49.7,2515.5,0
18.97,62.65,30.38,12.78,329,7238,36508,6.81,55.81,20.79,60.91,0,58.3,1827.1,0
5.55,63.7,12.23,26.38,228,5016,24153,3.75,46.55,17.77,23.14,0,44.1,1440.3,0
52.87,64.26,11.04,21.66,269,4035,26329,17.9,69.88,35.49,72.07,0,20.6,2579.1,0
24.52,46.01,18.12,18.03,281,3372,21506,10.8,52.63,21.49,106.89,0,60.5,1523.6,0
23.8,60.33,2.72,7.18,91,1911,12428,4.75,55.67,20.19,119.43,0,62.6,1460.3,1
16.0,71.78,22.51,27.13,206,2472,15865,5.81,49.36,21.39,50.25,0,68.6,1224.1,1
41.21,26.8,41.27,12.24,320,5760,31863,8.83,57.93,27.84,32.47,0,99.0,2083.7,0
51.21,54.79,5.27,12.77,184,3312,21076,13.64,63.6,28.21,9.62,0,87.2,2228.6,0
33.56,70.04,14.16,4.95,325,4550,27464,16.66,56.47,25.96,69.59,0,91.8,1507.4,1
21.82,79.2,0.5,8.11,102,1224,8900,6.89,55.54,17.97,37.49,0,20.4,1248.1,0
24.6,78.24,21.78,7.02,267,3738,22573,10.28,53.69,20.3,25.78,0,32.9,1340.2,1
21.82,69.17,12.3,16.56,300,2700,17632,15.22,54.31,23.29,120.44,0,97.3,1443.2,1
52.74,83.01,16.8,20.97,301,2408,20322,12.99,67.74,32.08,154.54,0,84.1,1979.9,1
37.59,69.64,2.31,10.34,279,4743,26468,14.67,58.3,25.48,144.04,0,51.1,2279.4,0
19.54,20.12,24.87,13.29,86,1204,8463,6.75,50.1,19.94,22.91,0,94.1,1792.6,0
13.07,48.26,4.43,11.71,175,2100,12313,8.75,48.96,18.82,22.92,0,82.8,1009.1,0
9.86,76.4,17.32,35.16,345,4830,25491,10.77,53.75,20.69,40.41,0,75.8,800.0,0
9.11,47.36,13.49,3.02,301,2408,15416,9.65,45.38,21.21,57.19,0,77.1,1494.7,0
6.33,74.49,15.91,6.35,262,3668,19582,7.11,49.58,20.5,131.43,0,90.1,1459.7,0
21.53,66.61,0.77,10.23,220,1760,13549,3.54,52.04,19.59,30.56,0,40.9,1192.6,1
32.84,83.25,20.31,14.74,112,2240,14639,5.79,59.36,28.97,50.55,0,100.0,2069.3,0
41.98,48.51,23.79,9.05,282,5640,30838,6.92,61.26,31.28,58.53,0,98.9,2232.8,0
57.13,27.46,9.66,4.58,208,2080,18485,15.56,60.21,33.28,18.95,0,42.5,2522.4,0
11.28,51.83,7.89,18.12,104,1040,6723,3.2,45.84,21.48,179.78,0,90.3,1459.9,0
42.13,33.65,6.29,33.62,102,1020,10327,8.43,56.24,25.82,72.27,0,37.2,2200.4,0
22.94,48.08,39.44,4.76,322,3864,24099,5.97,53.7,20.13,33.05,0,60.9,1486.5,0
29.02,13.1,21.1,15.44,228,5016,26630,8.97,50.03,21.76,39.3,0,63.4,1802.5,1
16.96,55.26,17.99,24.03,300,2700,16403,12.76,50.15,16.94,12.08,0,28.3,1411.9,1
38.09,61.51,38.98,16.02,244,1952,15888,12.83,58.03,21.62,166.57,0,23.5,1641.4,1
10.73,62.37,6.43,23.01,87,1131,7269,5.32,50.31,20.36,19.53,0,84.6,1636.0,0
40.35,69.84,14.92,9.73,288,4896,28713,7.68,62.76,24.18,5.91,0,80.1,1566.5,0
14.34,59.83,17.38,7.18,317,6023,30602,11.83,48.51,17.15,167.01,0,31.2,1121.9,1
19.5,45.3,83.7,26.72,274,4658,25295,10.84,52.37,23.42,67.94,0,87.9,1308.1,1
10.95,73.8,8.36,15.28,231,4389,21909,10.6,44.86,18.63,30.93,0,56.4,990.7,1
14.81,65.69,7.67,13.68,229,2519,15164,13.2,56.27,17.09,50.23,0,28.7,1296.8,1
71.37,54.02,1.32,14.09,330,2640,24689,28.09,72.66,49.06,31.23,0,20.9,3049.0,0
22.21,53.38,1.55,5.09,266,4256,23777,6.86,54.5,23.26,88.56,0,87.5,1802.2,0
71.82,45.68,10.76,8.27,150,2100,19332,12.01,68.87,44.0,91.67,0,43.6,2679.5,1
18.71,74.4,2.82,13.58,206,2678,14796,5.18,54.18,21.69,277.49,0,41.8,1343.0,1
6.55,55.57,1.14,34.37,317,3487,20282,5.64,41.1,18.45,99.37,0,87.7,1268.4,1
23.88,68.25,50.24,6.39,195,3900,20994,6.47,52.76,21.56,38.06,0,20.5,1909.1,0
25.1,25.04,45.37,7.89,326,4564,26555,14.97,49.52,20.72,271.89,0,79.2,1601.1,0
50.39,57.21,5.9,17.31,99,1881,16501,8.35,64.31,35.62,18.97,0,70.6,2676.1,0
56.54,59.29,23.4,2.88,208,2912,21778,14.81,68.1,41.18,5.2,0,88.3,2812.8,0
14.67,37.49,30.9,10.81,162,2916,15169,3.5,43.7,16.66,19.65,0,24.9,1708.8,0
13.23,43.88,9.38,5.84,78,1170,8389,14.09,47.26,18.39,48.34,0,55.9,1528.5,0
28.59,66.29,3.8,44.3,201,3216,19284,5.03,54.01,23.6,20.49,0,36.9,2060.5,0
25.09,64.09,2.09,19.6,303,5151,27448,8.88,54.79,22.16,306.34,0,62.1,1981.2,0
10.76,59.49,2.28,6.99,65,520,4802,1.25,48.44,17.93,2.24,0,64.6,1410.1,0
32.03,74.54,23.91,12.78,105,2100,14472,6.36,58.9,25.63,30.12,0,66.4,1978.4,0
22.21,63.62,7.28,6.81,219,5037,26419,8.14,55.14,22.26,101.76,0,74.8,1768.5,0
19.8,76.08,17.74,6.53,117,1170,8808,10.32,51.95,20.97,64.31,0,44.5,800.0,1
58.36,41.42,11.61,5.64,127,1651,16606,14.09,65.71,36.33,69.35,0,22.6,2686.8,0
27.02,58.6,7.53,7.99,253,3036,19007,5.48,54.11,19.07,104.23,0,41.2,1015.6,0
66.16,56.47,1.98,15.41,265,4505,30978,8.68,73.95,42.29,68.09,0,44.4,2716.1,0
26.51,36.82,6.08,24.95,121,1936,13314,4.22,49.5,20.28,24.7,0,56.4,2056.7,0
22.65,81.64,27.51,6.41,111,1887,11170,10.79,56.23,18.62,15.96,0,31.9,1015.4,0
9.64,48.15,25.02,6.95,110,1980,10726,9.41,46.06,17.96,41.42,0,77.2,1294.7,0
15.27,60.87,0.43,47.09,168,3696,18214,2.76,52.7,17.55,62.72,0,49.0,1387.5,1
19.67,47.68,2.27,13.2,81,729,6365,4.1,50.81,17.56,47.48,0,50.3,1527.9,1
49.35,72.09,21.15,10.17,286,3146,22814,8.46,61.59,30.84,110.04,0,46.8,2104.9,0
9.25,51.17,6.14,7.39,187,3366,16962,13.63,45.75,15.74,43.32,0,58.9,1246.9,1
52.36,51.08,15.48,8.2,277,5540,32763,15.05,66.09,33.37,128.15,0,25.3,2517.0,0
8.11,55.32,12.41,12.54,297,3564,19687,18.91,44.27,19.44,105.01,0,88.8,1147.0,1
40.35,56.27,15.84,24.27,197,2561,18526,11.25,60.61,28.21,27.91,0,78.1,2112.6,0
14.68,46.77,0.83,6.23,81,1377,8198,8.79,48.44,16.74,31.02,0,22.8,1695.8,0
37.86,43.42,40.13,10.53,160,1600,13010,6.58,59.08,25.52,366.33,0,89.0,2170.4,0
25.43,46.91,0.32,35.59,266,2394,16211,6.56,48.86,20.96,13.37,0,79.9,896.1,1
24.2,52.67,0.12,4.85,173,3287,18800,18.27,54.0,22.03,3.03,0,85.7,1684.8,0
12.12,59.07,3.85,26.02,183,3294,17972,4.68,45.9,18.82,11.12,0,64.4,1551.9,0
43.11,48.9,75.53,42.91,206,3090,20609,14.04,58.08,27.96,44.07,0,86.3,1964.4,1
14.72,37.93,1.13,12.49,279,6417,31587,8.15,44.9,17.35,306.79,0,47.7,1627.8,0
10.25,36.87,31.13,26.83,222,3552,19081,12.05,48.91,19.31,200.05,0,91.3,1497.3,0
56.18,41.3,2.6,3.86,319,6380,36568,14.13,66.14,36.56,63.68,0,92.7,2544.8,0
50.26,59.97,1.73,10.37,196,1764,15302,11.49,67.32,27.87,71.02,0,25.4,1961.7,1
44.45,68.15,22.64,23.28,95,2185,15697,9.46,60.7,29.86,198.93,0,53.0,2350.5,0
6.73,38.44,28.13,5.13,208,3952,19684,5.55,47.18,18.41,3.35,0,50.6,1163.9,0
18.96,61.38,23.57,26.7,288,5760,29359,8.02,54.12,21.51,45.9,0,92.5,1087.6,0
6.22,60.56,4.14,55.38,299,2990,17194,12.21,47.29,19.21,101.76,0,84.6,1541.3,0
24.41,82.53,31.78,7.87,231,3003,18167,10.09,56.37,21.69,35.52,0,55.0,1702.9,0
32.37,89.85,1.12,19.02,114,1368,10437,12.67,61.37,27.28,6.3,0,71.9,2065.9,0
44.44,70.92,6.28,21.72,161,2415,17958,6.3,58.67,33.22,109.89,0,79.3,2411.3,0
22.47,65.56,9.33,31.91,158,1896,12393,8.26,54.35,22.19,6.63,0,39.4,1821.0,0
13.6,62.99,1.05,6.14,182,2912,15817,11.17,51.68,18.61,150.47,0,77.2,800.0,1
27.21,44.03,13.01,8.23,178,1424,11778,11.56,54.51,21.4,101.32,0,86.8,1499.3,1
13.21,37.84,12.29,17.95,134,2546,13838,2.88,47.83,21.15,62.76,0,86.2,1499.5,0
48.57,31.62,72.77,12.87,272,5168,30454,19.66,61.09,33.98,94.33,0,88.0,2618.8,0
30.95,57.36,14.58,36.35,187,2431,15629,8.02,54.08,24.2,50.83,0,77.9,2054.7,0
29.4,43.72,7.6,10.14,70,980,8358,8.44,56.99,20.58,54.06,0,85.2,1226.8,0
54.25,66.91,23.42,9.44,269,2421,20010,20.22,67.62,35.85,84.78,0,90.8,2498.7,0
32.27,38.13,6.12,15.21,77,1001,9054,6.8,53.15,20.69,2.53,0,28.4,1717.5,1
9.5,58.8,11.42,15.0,117,936,6653,8.88,49.07,15.69,56.44,0,32.6,841.0,0
14.91,43.55,0.86,11.33,210,4410,23042,12.68,49.4,20.55,12.4,0,84.5,1793.0,0
29.83,34.32,5.84,7.01,215,2150,15314,11.66,54.72,22.24,14.13,0,20.2,2020.1,0
15.5,42.8,11.27,13.27,298,6258,31587,7.36,47.31,18.59,162.66,0,57.9,1093.5,0
34.05,45.29,18.18,16.09,86,774,9212,6.23,57.19,22.67,48.81,0,39.4,1962.9,0
44.23,54.68,1.56,7.31,247,3458,22563,10.25,59.72,27.2,85.13,0,68.8,1996.2,1
18.59,45.93,23.93,6.16,258,4644,24865,2.97,45.14,19.36,4.91,0,90.3,1056.3,0
11.39,41.1,34.56,15.22,165,2640,14360,5.96,48.71,18.23,92.59,0,67.6,1592.0,0
8.16,42.98,4.95,78.0,238,2380,14298,9.05,42.76,17.33,65.15,0,51.7,887.1,0
38.21,10.0,21.74,26.04,134,1340,11863,18.75,56.15,20.34,36.46,0,57.0,1483.7,0
19.65,49.31,2.98,10.9,343,5488,29266,7.63,56.59,20.25,7.87,0,99.3,1432.8,1
41.45,55.51,11.12,10.77,247,3952,25660,14.81,55.78,22.37,19.26,0,42.2,1698.8,1
10.5,48.67,23.97,13.52,80,1600,8916,14.09,45.34,19.53,21.75,0,81.1,1663.6,0
31.31,57.97,7.33,8.61,227,3405,19739,7.77,53.75,23.35,8.02,0,58.4,1857.1,0
32.42,69.48,0.4,15.62,155,1550,13066,6.91,56.59,20.47,53.89,0,23.0,1703.3,1
5.87,70.89,11.65,5.07,135,2295,12384,16.39,45.15,16.05,38.32,0,36.0,1242.7,1
22.57,69.66,27.94,9.33,225,2925,17888,14.29,53.11,23.82,265.12,0,88.5,1677.6,0
28.67,45.77,1.72,27.77,326,3586,22354,9.55,49.42,20.14,87.37,0,61.0,1949.9,0
21.93,41.07,0.45,18.86,285,3705,21639,4.07,51.34,18.44,21.7,0,84.6,1498.9,1
36.83,46.58,24.84,18.6,157,3454,21057,9.8,56.59,25.53,13.33,0,92.9,2189.4,0
42.07,64.05,4.66,24.16,314,4710,29016,5.9,57.16,21.96,88.67,0,87.2,948.2,1
14.14,59.67,6.8,10.06,335,4020,22278,6.93,52.0,18.46,21.74,0,31.5,1670.5,0
39.02,43.57,1.36,5.31,245,5635,31954,19.68,62.07,24.09,57.11,0,30.2,2096.6,0
16.88,71.16,1.52,13.88,215,4515,23395,14.03,53.23,21.19,148.05,0,65.2,1307.6,0
36.45,38.37,14.3,16.24,167,1837,13773,18.47,56.96,21.57,64.95,0,61.4,1677.2,1
36.64,47.16,12.05,34.76,78,1326,9914,14.39,52.71,20.41,92.53,0,30.0,1527.8,1
46.91,58.14,5.19,8.08,191,1719,15485,9.58,63.36,26.32,16.4,0,53.9,1918.2,1
10.59,67.5,9.04,10.51,266,2128,13791,14.38,48.2,20.62,85.19,0,36.8,1674.7,0
22.6,72.38,7.37,24.88,96,1728,11248,4.88,51.07,20.84,9.99,0,47.2,1551.5,0
15.37,59.57,17.81,20.94,159,1272,9404,8.34,47.92,19.34,69.49,0,44.2,1925.1,0
45.01,36.44,29.72,5.09,299,5382,32205,9.93,57.28,22.37,32.49,0,37.8,1526.5,0
40.56,70.88,21.73,24.6,123,2460,16509,8.2,60.21,27.36,23.8,0,82.5,2080.6,0
47.83,39.37,0.1,34.89,292,4672,28756,8.24,62.01,31.07,30.02,0,49.7,2498.9,0
17.7,47.81,1.57,9.04,137,2192,13317,3.7,52.9,21.12,19.83,0,73.1,1865.3,0
13.09,40.22,8.42,24.55,170,2890,15597,4.08,47.12,17.83,33.8,0,35.7,1383.4,1
30.05,53.64,28.64,18.36,275,4950,28164,10.25,54.66,20.82,10.21,0,73.1,1457.2,0
39.61,39.69,4.06,7.38,308,6776,36408,6.82,55.62,23.16,56.83,0,46.1,1704.3,1
8.91,62.08,31.67,5.65,260,2340,13759,14.09,48.57,20.3,9.05,0,76.9,800.0,1
14.58,61.23,1.75,15.69,110,880,7481,9.15,54.39,20.0,40.01,0,75.7,1755.5,0
26.37,66.31,1.13,23.92,82,1476,8974,14.4,55.39,24.38,59.93,0,78.7,1748.2,0
32.67,59.28,36.7,9.95,237,4266,24628,10.77,56.39,22.74,317.61,0,87.9,1060.1,1
24.2,58.35,2.65,6.06,84,1092,8856,5.61,50.96,23.61,4.1,0,61.4,2025.1,0
37.65,40.29,9.35,3.35,141,3243,19533,6.78,58.63,21.83,53.44,0,57.6,1558.4,1
39.15,44.83,5.92,13.25,345,4140,26009,17.91,60.79,24.08,200.85,0,69.0,1827.1,1
58.27,53.48,2.4,7.82,191,1719,17374,12.59,68.27,39.13,9.28,0,79.3,2649.3,0
26.91,54.74,15.0,7.45,198,4158,22743,12.24,54.15,22.26,22.6,0,72.2,1928.6,0
43.58,49.99,49.73,34.05,97,1164,9980,8.43,64.93,27.44,85.57,0,23.7,2153.1,0
17.99,63.35,16.1,19.41,336,7728,38454,14.21,55.94,21.72,95.82,0,87.9,897.0,1
35.74,89.75,6.55,18.49,106,2226,14956,11.4,57.82,22.4,35.25,0,74.3,1204.5,1
24.71,61.07,18.66,11.83,174,1566,11611,8.82,54.05,27.1,23.0,0,84.3,1901.5,0
39.07,44.94,2.32,16.84,127,1143,10824,9.87,58.89,23.78,7.95,0,85.5,1612.2,1
24.82,66.72,13.01,14.71,287,4018,23665,6.62,50.76,19.66,28.43,0,25.0,1272.0,0
9.14,45.65,9.51,9.93,114,2052,10700,4.99,45.41,18.04,26.77,0,41.2,800.0,0
24.07,60.31,6.69,12.06,106,1590,10959,4.42,52.85,21.58,350.68,0,48.0,1741.1,0
45.1,62.11,20.18,25.52,313,5634,33277,9.81,62.47,34.03,200.68,0,87.8,2631.7,0
15.09,58.47,1.89,15.09,298,5662,30079,12.77,49.03,16.96,36.13,0,25.7,923.2,0
24.03,46.1,11.41,51.67,74,1184,8907,4.92,47.33,21.79,11.36,0,52.7,1958.4,0
15.96,56.12,28.9,26.51,80,960,6543,3.34,46.27,21.56,27.32,0,91.8,1704.6,0
38.16,47.46,3.38,11.74,80,1520,11738,11.54,58.04,26.6,84.31,0,73.7,2129.0,0
41.16,47.39,4.61,13.91,100,1200,10668,10.23,58.67,22.53,0.9,0,66.9,1590.8,0
15.76,30.25,16.21,12.36,71,1420,8953,5.0,51.67,17.1,332.8,0,56.5,1242.1,0
23.62,53.15,22.21,28.57,241,3615,21294,5.11,50.6,21.32,82.32,0,71.4,1304.9,1
10.68,87.48,5.0,6.08,244,1952,13045,5.78,53.15,22.7,46.48,0,80.6,1550.2,0
33.5,17.46,6.69,11.35,73,1460,10799,5.68,54.78,23.38,5.53,0,93.9,1853.4,0
15.7,21.64,20.2,18.73,190,2280,13964,7.65,48.33,14.98,42.52,0,22.9,1303.9,1
38.38,55.86,5.04,16.95,207,4347,25295,9.8,59.26,25.59,6.1,0,44.2,1893.8,0
62.92,66.26,16.46,30.1,178,3204,22897,9.42,69.99,45.47,136.25,0,91.2,2896.4,0
21.18,34.83,2.59,9.61,158,2844,16415,5.86,47.01,17.8,29.2,0,95.9,1364.3,1
3.06,58.24,7.95,4.8,84,1512,7907,11.35,43.06,15.1,78.52,0,22.2,844.3,0
12.86,52.58,17.5,16.64,253,4048,21502,4.77,42.84,20.45,22.49,0,56.1,1645.4,0
13.88,45.96,9.24,13.9,178,3204,17063,14.18,45.15,20.7,7.24,0,81.1,1567.0,0
31.02,60.72,0.29,16.18,274,5206,28227,7.04,58.92,23.26,17.02,0,92.2,1641.4,1
41.52,39.89,7.82,9.77,168,3696,22332,12.48,61.36,20.92,35.21,0,31.2,1284.3,0
18.87,70.27,5.1,17.84,139,1529,10709,11.27,49.87,19.79,67.67,0,41.2,1610.3,0
24.53,26.31,1.6,10.64,110,1210,9357,15.47,50.71,19.73,17.5,0,57.6,1704.5,0
11.6,53.76,0.14,18.47,157,2512,13766,3.85,43.8,19.54,6.88,0,55.8,1329.0,0
36.2,56.61,0.7,11.29,210,2940,19516,5.19,58.35,25.02,100.03,0,44.0,2011.8,0
11.37,52.5,44.71,31.72,63,567,4930,6.25,45.41,18.73,131.59,0,70.7,1234.4,0
33.45,47.31,20.78,4.24,102,918,8117,5.01,55.33,27.63,87.68,0,92.2,2158.3,0
7.85,64.43,42.14,4.22,322,4830,25341,7.26,48.51,20.68,107.03,0,75.6,939.3,0
30.99,48.88,1.83,18.16,250,2750,18741,10.76,55.32,20.09,97.78,0,52.3,1650.6,1
8.99,32.23,12.68,5.06,299,5083,26615,5.0,40.77,15.67,72.41,0,53.3,1167.8,1
0.98,44.75,1.3,13.51,108,1296,7149,6.36,35.0,17.99,238.39,0,91.6,961.2,1
12.77,56.43,0.41,9.14,80,640,5132,16.12,54.32,20.97,437.69,0,87.9,916.6,0
67.52,46.78,9.42,27.38,166,3818,26435,8.73,68.44,31.9,5.69,0,72.6,1687.1,1
37.84,50.13,15.59,12.62,163,1793,14212,7.74,57.9,23.8,95.23,0,27.2,2316.8,0
46.84,66.6,0.99,8.94,323,4199,27222,15.15,61.34,24.05,75.66,0,60.9,1401.9,0
12.78,46.05,6.81,33.49,189,3591,18671,9.66,45.63,20.06,164.79,0,77.8,1419.2,0
29.75,53.57,1.42,17.95,80,1120,9683,5.11,55.15,19.26,100.26,0,37.4,1164.0,0
15.13,52.07,6.74,6.23,207,3933,20419,6.79,41.62,16.73,20.17,0,25.6,1695.9,0
17.82,71.12,9.57,3.86,136,2720,15228,2.41,53.22,22.62,9.07,0,83.3,831.8,1
38.66,55.73,6.18,26.98,263,5523,30908,7.19,54.94,27.64,27.8,0,72.3,2011.5,0
37.02,67.02,12.88,14.9,126,2268,14789,7.68,57.51,27.77,117.3,0,66.7,2213.3,0
41.35,44.2,13.18,20.47,125,2375,17475,12.61,57.86,21.96,51.68,0,20.8,1905.5,1
21.98,81.3,6.07,24.66,169,2197,14095,12.54,56.47,22.76,84.72,0,98.5,1827.6,0
69.48,67.46,7.4,17.47,248,5704,34523,18.84,75.82,32.66,48.22,0,36.3,1844.3,0
32.77,79.87,8.73,14.66,308,2772,19737,13.16,58.44,22.07,144.25,0,94.7,1111.1,1
22.07,57.99,7.07,11.4,89,1602,10481,9.05,50.46,21.79,40.69,0,82.9,1656.9,0
9.16,45.91,21.45,15.81,198,4554,22532,10.78,48.4,18.68,18.09,0,71.0,1175.6,1
25.85,51.58,2.26,10.02,138,2760,15474,13.81,54.36,20.24,197.57,0,53.1,1411.4,1
14.11,58.14,29.18,27.18,307,4298,23318,6.58,49.37,18.78,35.33,0,64.2,938.1,0
9.49,57.95,6.04,18.62,345,6555,31985,15.72,47.06,19.51,36.41,0,91.7,1392.5,0
47.96,48.86,19.31,29.7,75,1350,13063,14.1,65.4,32.55,62.36,0,63.4,2570.7,0
20.4,54.79,32.28,14.91,77,847,7408,11.13,52.3,19.76,4.2,0,56.5,1701.6,0
35.94,58.82,32.77,12.81,281,5339,30141,5.28,56.04,23.79,11.67,0,48.0,1732.5,1
27.05,42.78,9.03,11.59,188,4324,22979,7.86,50.63,22.2,246.67,0,53.2,2001.2,0
19.89,49.48,4.45,34.01,106,1484,9323,3.44,46.88,17.1,97.3,0,35.3,1619.6,0
19.29,75.06,13.96,6.0,226,4972,26220,6.4,51.8,17.94,18.86,0,28.4,1312.8,1
42.62,73.01,3.05,4.03,104,2080,14522,11.23,58.51,30.48,26.44,0,49.6,2292.3,0
47.22,43.09,23.45,10.87,316,5372,32163,14.48,59.3,25.93,2.01,0,61.5,1510.2,0
44.01,83.41,18.64,11.46,95,1900,14952,5.28,60.81,28.36,21.99,0,45.2,2273.7,0
21.65,43.05,23.82,23.72,276,5520,27994,16.43,48.48,17.82,107.43,0,29.9,1442.6,1
60.51,61.11,8.52,28.13,236,2124,19136,13.29,67.48,40.11,92.8,0,89.0,2577.2,0
42.84,74.93,12.23,11.33,206,2060,16674,10.67,64.05,26.89,17.26,0,83.7,1903.8,1
10.8,43.04,1.63,9.54,284,3408,19297,5.11,46.14,16.13,80.91,0,50.3,956.8,1
56.78,38.08,17.45,2.89,119,1309,13972,8.99,68.75,25.88,0.26,0,29.7,1782.1,0
41.95,62.36,10.01,50.54,65,780,9589,11.88,61.69,25.86,261.94,0,21.8,2130.2,0
18.33,53.93,10.68,17.81,225,3825,21064,11.03,48.31,19.6,16.32,0,66.9,1645.9,0
44.63,49.8,28.16,27.19,340,6120,35147,10.0,60.79,21.88,16.67,0,54.2,1389.6,1
32.38,34.67,22.2,23.71,86,1462,10940,7.3,56.04,20.56,106.38,0,64.0,1745.0,1
47.06,74.76,11.49,4.17,247,5681,32229,10.45,68.95,29.58,39.23,0,42.5,2268.0,0
19.11,58.77,6.58,9.09,298,3278,19249,3.5,55.05,19.07,76.77,0,97.1,1232.5,1
37.21,65.31,8.87,12.21,115,1150,11609,4.96,59.4,24.09,32.8,0,80.4,1662.4,1
23.91,72.48,6.48,11.05,326,3912,23299,4.72,54.87,23.7,18.62,0,92.5,1704.4,0
8.77,28.93,2.47,20.26,84,840,5991,15.39,40.57,17.54,64.93,0,65.9,1347.7,0
20.03,57.68,15.57,5.45,337,4718,26215,11.0,49.63,21.37,85.84,0,78.6,1522.3,0
23.36,32.26,17.64,9.49,216,2592,16524,7.42,49.23,20.3,62.32,0,86.0,1458.9,1
31.06,66.26,53.22,12.2,148,1776,12647,6.8,55.33,20.37,4.46,0,27.0,1146.0,1
11.93,75.2,9.12,6.94,146,2336,13278,4.97,49.78,19.51,127.07,0,45.9,1629.0,0
9.33,53.66,88.68,21.56,243,2916,16088,13.71,48.89,16.43,31.79,0,21.7,1044.0,1
4.72,53.96,3.11,14.52,275,3300,18056,5.57,47.28,14.6,65.2,0,53.9,1154.7,1
66.94,63.62,16.03,25.31,340,6800,41432,19.08,70.01,31.63,9.47,0,90.4,1866.9,0
16.74,62.14,78.8,41.27,65,520,5331,5.63,53.33,21.33,25.93,0,48.7,1756.8,0
39.37,51.68,15.34,10.97,149,1490,12323,7.34,57.44,24.07,39.58,0,91.4,1766.4,0
27.14,65.61,9.03,20.32,338,7774,39527,7.53,56.08,23.49,25.47,0,96.7,1453.4,1
28.87,51.47,10.86,3.9,306,2448,17897,4.48,56.36,18.74,13.51,0,26.4,2144.8,0
18.8,59.59,28.01,5.07,92,1196,7978,7.82,49.92,19.16,34.18,0,29.4,1409.2,0
26.56,36.19,41.98,14.78,134,1206,9343,8.54,49.75,22.14,125.98,0,90.9,1955.2,0
18.69,72.27,9.08,10.11,245,2940,18608,7.89,56.4,19.04,12.41,0,22.6,1797.8,0
24.3,41.92,22.2,32.07,319,5104,27870,18.72,49.16,21.4,38.22,0,76.6,1482.2,1
26.99,59.75,40.7,17.68,165,3630,19991,10.2,53.71,19.34,44.09,0,57.9,1613.8,1
52.04,38.1,4.97,5.16,345,4485,29702,14.92,59.77,30.33,87.42,0,74.2,2168.1,1
72.5,48.35,10.19,14.65,87,1218,14058,17.87,71.45,46.58,279.92,0,35.4,2842.6,0
10.22,47.26,80.78,9.29,106,1696,9733,12.79,46.31,20.37,3.97,0,79.9,1159.2,1
28.23,62.83,6.54,27.19,335,4355,26201,20.5,53.44,21.0,32.75,0,61.5,1660.5,1
38.38,77.17,14.5,10.77,151,3473,20732,6.18,60.54,23.04,14.62,0,23.8,1912.4,0
40.97,43.55,16.05,10.04,133,2394,16435,16.86,61.58,24.18,5.64,0,52.0,1952.0,1
12.93,41.32,2.51,6.71,234,4212,22419,2.13,50.58,17.4,474.44,0,66.8,1586.0,0
21.96,70.6,24.65,6.12,335,4690,26780,5.88,54.19,22.15,496.33,0,78.9,959.9,1
28.07,44.3,7.99,7.59,287,6027,30714,6.4,54.22,20.78,44.09,0,67.0,1927.8,0
20.01,89.81,10.41,21.8,328,3280,20159,8.98,49.4,24.06,23.43,0,88.3,1751.1,0
26.79,39.09,15.44,33.85,345,3795,23741,12.68,50.88,21.79,55.61,0,66.6,1885.5,0
55.21,65.89,7.93,32.31,203,2030,17580,13.14,66.49,34.33,458.33,0,25.2,2397.7,1
47.83,31.95,5.9,16.18,162,2106,16442,9.64,59.09,26.33,35.59,0,21.1,2207.8,0
43.5,39.75,11.86,7.64,87,1044,11363,9.77,54.55,28.06,84.1,0,77.4,2131.3,0
36.58,40.3,6.39,5.83,348,7656,39920,11.31,57.97,20.34,83.91,0,33.6,1613.4,1
21.57,46.03,8.54,14.03,86,688,7625,11.67,46.45,15.49,126.7,0,21.0,1007.7,1
21.1,67.42,1.72,6.67,89,1513,9899,5.77,53.23,23.05,23.33,0,99.5,1847.3,0
35.85,54.42,27.94,41.05,143,2431,14286,6.18,55.61,27.61,43.02,0,47.1,2175.5,0
29.71,72.13,7.96,19.34,110,1540,11071,10.57,54.15,21.55,26.32,0,28.8,2016.7,0
43.98,67.1,1.3,12.25,309,6798,37254,12.63,61.05,26.92,60.94,0,81.1,1584.5,1
16.54,40.13,23.41,14.1,188,1692,11991,12.78,47.59,18.82,55.45,0,41.6,1377.7,0
15.95,53.4,0.3,12.2,97,2134,11989,17.99,48.53,21.17,57.86,0,49.7,1732.8,0
24.14,73.36,13.72,23.49,162,3564,19106,7.06,50.79,20.98,9.15,0,53.5,1932.6,0
52.77,42.18,18.19,14.91,124,1488,14266,13.45,59.84,37.26,32.37,0,98.4,2629.9,0
9.42,63.61,3.18,8.29,320,5120,25873,4.85,49.67,17.87,44.22,0,54.0,1614.9,0
50.72,44.12,2.11,15.0,337,3707,25432,16.73,66.31,25.49,95.2,0,99.1,1366.7,0
16.03,40.71,1.81,10.64,116,1508,9977,5.99,50.97,15.28,16.34,0,24.2,1099.7,0
33.32,50.53,75.15,9.62,174,1914,14078,12.06,51.75,24.52,244.88,0,36.7,2093.5,0
44.23,38.36,21.1,10.01,206,3708,23030,18.65,60.43,25.26,3.23,0,46.4,1915.1,1
43.11,73.64,5.62,11.09,122,1708,13656,16.71,58.92,29.63,6.24,0,27.2,2256.0,0
39.55,12.62,6.13,2.15,293,5567,31578,14.78,58.02,23.82,63.82,0,75.4,1733.0,1
46.96,62.8,15.69,17.0,234,3744,23851,10.4,64.16,22.45,10.03,0,24.7,1310.4,0
14.31,62.73,9.18,18.27,278,5004,26243,9.38,52.03,17.35,11.53,0,37.6,800.0,1
12.44,48.14,4.75,6.5,78,1560,9145,5.22,50.61,19.57,76.92,0,90.0,1622.9,0
14.76,24.98,0.88,4.77,100,1300,7893,10.0,41.8,16.84,323.56,0,44.6,1526.0,1
26.4,61.82,22.98,29.09,259,5439,29002,8.67,50.89,23.51,41.68,0,59.1,1886.6,0
39.85,48.29,32.87,44.42,198,4158,24717,9.3,56.58,21.76,49.56,0,40.7,1329.2,0
35.8,45.65,3.46,11.57,179,3043,18382,11.94,57.07,23.87,64.26,0,23.1,2113.8,0
46.73,72.86,0.98,23.97,109,1853,14833,11.28,66.34,23.31,3.4,0,32.2,1299.4,1
23.3,77.01,1.89,11.1,311,5598,30387,3.99,53.79,19.23,49.84,0,41.6,1726.6,0
44.3,47.37,8.02,13.79,63,630,8644,8.05,62.85,21.79,330.57,0,66.6,1761.6,1
17.04,43.38,5.34,9.57,101,1818,10524,2.39,53.8,19.86,16.06,0,71.9,1582.1,0
37.73,13.69,1.14,19.16,312,4680,28258,11.01,54.56,23.34,28.59,0,52.1,1843.5,1
12.8,31.01,9.1,14.75,322,5152,26806,2.39,46.28,22.38,215.97,0,94.2,1658.0,0
33.04,43.23,3.42,28.39,226,4068,23870,15.93,59.23,21.58,123.08,0,34.9,1868.2,0
15.52,71.13,1.04,10.01,270,2160,14885,4.21,46.42,21.52,46.79,0,84.1,1498.8,0
47.04,61.78,16.09,16.04,311,5598,33531,7.79,60.63,30.48,64.23,0,89.0,2037.0,1
58.3,70.87,12.75,19.74,331,4965,32219,17.79,66.54,39.45,0.9,0,84.8,2628.3,0
21.83,65.41,26.26,16.1,244,3172,18633,7.77,52.2,21.26,0.12,0,52.2,1581.1,0
31.61,55.01,5.4,15.02,315,2520,18419,8.87,57.82,23.04,105.34,0,30.6,1915.3,1
20.87,56.43,2.19,29.27,178,2848,15998,5.11,46.07,17.9,16.26,0,30.9,1397.1,1
25.88,63.07,6.7,6.56,77,1463,9987,7.6,48.9,22.22,4.0,0,25.0,1928.0,0
28.86,51.65,22.62,17.42,130,2470,15558,5.18,53.95,20.99,3.49,0,24.9,2019.1,0
31.01,59.76,4.15,7.97,245,4410,24088,9.83,59.61,26.43,48.56,0,61.0,2024.4,0
15.42,60.43,4.42,7.27,346,6228,31135,9.64,48.7,16.86,44.69,0,23.7,1737.0,0
54.22,58.65,2.4,9.75,300,2400,21210,9.1,64.3,32.35,206.54,0,66.2,2077.0,1
16.96,46.49,64.59,15.18,220,4840,24823,5.21,47.51,17.84,29.5,0,26.0,1953.6,0
10.35,75.08,51.31,16.23,295,4425,23716,5.69,48.08,20.53,113.68,0,83.8,1375.4,0
41.09,74.87,16.1,10.62,221,1768,15355,14.86,63.5,23.87,20.34,0,27.1,2133.7,0
54.55,36.05,3.63,19.92,334,6346,37083,6.15,60.5,37.53,83.16,0,66.7,2772.7,0
31.87,24.7,21.82,20.87,284,4260,25598,3.61,55.12,20.72,42.66,0,85.8,1569.9,1
10.74,48.38,13.15,36.58,219,4380,21171,3.21,44.45,20.71,40.12,0,57.1,1531.4,0
38.65,42.99,20.77,9.55,71,1633,11877,8.6,55.53,22.6,91.61,0,81.2,1282.0,0
33.52,30.3,29.54,7.78,265,2385,18147,4.5,55.24,27.16,90.31,0,63.8,2063.6,0
21.65,49.36,5.75,13.05,314,6908,35162,5.77,53.29,20.55,27.34,0,72.8,2019.6,0
2.55,76.41,36.75,5.31,133,1197,7609,4.67,44.3,18.68,31.46,0,54.9,967.8,0
13.28,61.86,34.32,46.17,284,6248,30853,8.93,51.89,19.02,3.1,0,22.1,1191.3,1
14.54,67.29,11.88,10.05,208,4160,21869,11.94,46.37,21.89,75.33,0,87.0,1544.0,0
31.38,74.84,17.31,7.57,280,5600,30150,4.48,59.09,25.79,24.9,0,90.0,2012.9,0
43.71,66.57,7.94,12.75,347,5899,33420,10.72,61.8,32.08,39.24,0,47.1,2466.8,0
12.56,52.52,15.97,12.92,330,4950,26749,7.51,46.58,20.43,37.67,0,39.6,1594.7,0
14.85,72.52,11.94,14.08,69,759,5606,7.72,46.6,17.7,66.22,0,36.9,1523.8,0
31.31,43.02,5.85,16.06,190,4370,24041,6.08,53.66,23.31,193.72,0,87.1,1932.1,0
51.15,32.21,5.85,6.84,232,3248,22667,7.21,59.21,30.81,45.78,0,95.1,2198.4,0
24.83,75.99,15.82,15.06,295,6490,33454,5.16,54.11,22.29,87.3,0,61.1,1248.2,1
34.69,78.07,47.07,10.29,251,4267,25172,9.63,59.19,25.53,18.08,0,21.2,2041.3,0
20.95,48.87,3.38,9.37,268,5360,28015,9.48,50.97,20.16,78.88,0,69.5,1564.4,0
3.3,46.98,7.48,21.14,192,3264,15820,5.8,40.93,14.39,2.84,0,39.0,1450.9,0
23.47,63.38,24.58,4.68,113,1921,11828,3.6,52.39,20.17,200.26,0,54.4,1766.3,0
56.57,38.56,1.97,18.83,168,2016,16956,6.59,63.3,39.46,40.94,0,77.6,2885.0,0
19.41,51.4,77.16,35.66,169,3211,18291,3.29,50.32,19.82,12.67,0,23.4,1753.0,0
33.59,58.52,17.0,15.43,139,1251,10657,10.56,55.82,24.53,43.4,0,69.2,1929.1,0
36.09,44.63,36.25,40.81,116,2088,13996,14.63,60.64,21.67,233.72,0,35.0,1730.2,1
62.03,71.49,27.31,18.96,144,2592,20050,11.52,68.42,45.12,288.88,0,57.9,2924.6,0
33.87,58.86,22.52,10.31,148,1332,11461,10.88,57.6,24.73,6.83,0,53.4,2084.7,0
16.36,52.96,0.5,7.6,326,6520,32944,6.14,49.82,17.84,136.11,0,45.7,1554.6,0
20.17,69.74,7.83,11.32,130,1950,12080,13.04,57.4,17.6,0.51,0,29.3,892.8,1
27.42,57.27,3.38,13.24,209,2090,15219,8.98,55.12,23.26,6.13,0,57.9,1870.2,0
5.36,44.27,30.76,10.26,69,1518,7146,1.28,43.72,18.42,28.62,0,67.6,1313.7,0
35.18,73.97,17.1,19.19,169,2873,18319,8.4,60.32,24.31,75.4,0,66.8,1590.0,0
16.63,54.61,1.7,5.51,142,2130,12809,4.71,44.59,23.18,5.26,0,80.8,1815.7,0
40.17,10.0,6.68,6.31,165,3300,19923,5.1,61.26,19.85,14.02,0,45.5,1763.7,1
9.78,59.21,1.08,13.87,267,2670,15642,7.92,46.36,19.3,109.34,0,99.1,800.0,0
20.15,26.21,20.21,8.32,242,4598,24179,11.25,45.27,20.61,161.04,0,50.5,1649.8,0
6.67,86.33,8.13,11.02,193,2316,11943,6.14,46.54,15.71,29.29,0,21.1,1415.9,0
33.37,60.43,4.01,5.7,65,650,7579,5.71,58.57,22.59,109.46,0,37.1,2033.4,0
56.71,60.43,10.94,10.1,77,616,10820,7.48,73.38,35.55,77.9,0,56.9,2397.1,1
8.57,66.29,0.64,10.26,99,2178,10350,5.35,44.26,18.98,155.03,0,61.8,1612.2,0
20.67,28.26,4.46,8.34,172,3612,19400,7.04,49.47,17.88,85.52,0,63.5,1280.4,1
16.64,60.97,2.89,15.38,318,5088,27480,13.19,49.79,19.42,184.7,0,90.0,927.2,0
19.5,39.78,40.03,6.46,193,2316,14395,5.89,49.34,20.27,5.09,0,46.1,1732.6,0
16.07,48.88,7.1,28.72,88,880,7277,16.95,44.98,20.99,21.16,0,80.8,1708.3,0
19.01,61.54,13.17,14.46,296,3256,18827,10.06,47.76,20.01,83.1,0,68.0,1661.3,0
11.9,46.69,10.49,8.23,279,5580,27780,5.36,48.07,19.03,23.99,0,45.4,1209.0,0
39.5,26.19,16.15,2.0,279,5580,30842,12.22,54.08,26.23,30.3,0,78.0,2285.2,0
7.04,62.19,4.91,39.68,242,5324,25137,3.97,42.98,20.18,59.83,0,42.3,1379.0,0
38.86,65.72,1.93,16.85,247,4693,28249,6.46,65.61,22.87,33.76,0,52.7,1804.8,1
8.73,38.42,1.27,23.56,119,1547,9155,6.35,43.65,19.19,6.53,0,49.9,1438.3,0
6.0,43.19,3.22,18.04,143,2145,11961,18.33,45.26,16.07,52.66,0,21.7,1504.2,0
52.54,52.04,9.89,20.94,264,2376,19932,11.85,60.31,34.93,47.33,0,25.9,2635.7,0
28.27,83.82,4.04,14.38,219,1971,15577,6.11,54.4,24.24,20.07,0,27.9,2070.2,0
34.97,80.97,8.54,15.37,131,2489,16523,14.58,60.47,25.6,43.62,0,81.9,1887.2,0
40.85,71.34,0.45,13.65,121,2299,15082,7.57,59.52,23.72,23.74,0,50.9,1676.9,1
3.58,86.14,14.81,20.13,303,3030,17573,4.3,48.38,18.02,4.6,0,70.3,835.2,0
6.14,71.16,31.58,20.64,326,6194,30907,4.44,44.03,20.81,45.72,0,92.2,1370.2,0
12.42,59.09,0.73,15.4,328,4264,23303,6.55,45.76,19.35,12.23,0,61.9,1093.9,1
36.57,38.41,3.69,20.94,88,1408,12067,6.45,57.71,23.44,3.07,0,88.0,1474.3,0
20.78,29.05,5.74,21.81,244,3904,21465,5.0,46.57,19.07,4.46,0,95.7,1067.1,1
27.7,47.66,5.08,8.66,221,5083,26226,11.6,46.6,18.36,48.58,0,35.6,1044.5,0
30.47,57.87,0.62,8.47,229,3893,22715,12.01,56.08,24.16,14.18,0,85.0,1977.4,0
26.82,89.54,1.69,20.31,90,1440,10375,6.24,53.83,23.48,8.98,0,78.8,1494.6,1
61.45,51.61,36.54,8.1,214,4922,29976,10.21,65.18,40.5,23.38,0,93.6,2589.3,0
46.26,57.29,18.64,15.81,236,3776,25113,12.74,62.55,27.69,113.58,0,70.4,2040.2,1
43.12,60.18,47.71,6.89,280,3640,23478,10.34,63.63,28.95,0.42,0,78.7,2152.3,0
27.7,58.09,8.71,10.64,146,3358,19910,3.19,57.02,21.17,23.36,0,46.4,1977.7,0
49.45,81.67,31.68,2.57,170,3060,20420,10.02,71.01,25.4,44.66,0,35.7,1482.2,0
31.74,74.92,25.44,8.54,161,2737,16619,8.14,58.14,24.16,42.92,0,54.9,1932.4,0
51.62,55.08,31.18,13.4,277,6371,35448,6.62,65.88,33.28,238.34,0,78.5,2078.3,1
52.75,45.64,0.6,7.73,146,1460,14456,18.78,61.84,24.03,24.48,0,66.2,1704.6,0
9.15,46.56,15.86,4.38,162,3726,17976,3.41,41.48,17.89,110.22,0,39.4,1236.1,0
31.37,55.49,12.54,7.62,141,1692,13488,8.64,51.01,22.77,46.29,0,45.6,2089.0,0
39.44,44.34,11.82,10.14,191,4393,26352,8.77,60.5,26.52,201.2,0,87.8,1957.9,0
29.26,68.58,10.53,16.5,171,2223,15087,19.96,57.05,21.26,4.06,0,84.0,1119.4,0
44.86,44.86,23.84,11.85,326,5216,31143,16.23,59.75,28.31,160.45,0,72.5,1915.4,1
35.64,78.33,51.66,6.92,99,1584,12265,8.79,60.84,27.85,19.32,0,71.1,2062.7,0
33.18,65.35,26.48,23.34,66,660,7773,4.33,57.59,26.63,33.72,0,63.3,2226.7,0
17.67,35.4,30.65,34.5,166,3320,17471,6.27,45.11,16.48,223.2,0,48.0,800.0,1
5.08,77.09,9.92,7.81,65,910,4409,9.19,46.61,19.56,15.66,0,65.9,1366.9,0
36.31,35.16,17.6,35.89,100,2100,14808,10.94,58.78,22.19,16.97,0,40.8,1975.9,0
35.71,79.09,8.06,10.39,283,4528,26919,12.61,61.96,27.69,74.52,0,48.6,2320.1,0
18.3,66.16,6.7,16.11,96,1824,11034,5.0,53.12,21.67,4.21,0,98.0,1055.3,0
28.3,88.63,33.85,26.74,276,2760,18755,5.3,56.53,24.04,135.45,0,75.0,1541.3,1
26.39,16.94,35.34,25.81,133,2261,13872,14.45,45.26,17.53,70.67,0,20.4,1665.3,1
43.83,57.13,17.2,10.1,78,936,9832,9.28,62.0,26.04,151.25,0,54.7,1908.0,1
46.1,54.61,27.29,26.02,280,5880,33386,11.59,63.35,30.46,9.87,0,73.6,2234.1,0
12.88,45.72,6.7,16.79,129,1032,7753,2.93,48.09,17.36,19.71,0,82.7,1393.3,0
12.33,69.84,8.53,11.23,289,4624,25599,10.76,50.15,17.86,49.94,0,72.5,1449.3,0
27.69,50.19,25.81,7.95,158,2686,15807,9.66,54.87,25.5,42.44,0,95.8,2089.5,0
40.02,76.61,7.61,10.86,228,1824,15567,6.91,59.07,29.13,8.14,0,44.7,2234.7,0
36.46,41.04,0.61,19.02,188,2068,16193,13.29,59.47,27.89,29.83,0,93.7,2228.0,0
52.85,26.25,6.54,9.69,139,2919,19202,11.38,63.2,22.91,175.81,0,68.8,1280.9,1
74.26,43.81,7.62,14.37,148,1628,16262,16.5,72.28,51.83,61.52,0,25.4,3077.6,0
4.26,63.6,2.52,8.95,99,1485,7760,4.37,43.13,16.25,271.74,0,88.6,1181.6,1
24.98,70.03,6.33,20.95,319,3828,22662,5.53,53.12,24.38,57.09,0,72.7,1583.4,1
7.35,40.65,40.87,7.28,240,4560,22014,15.82,45.51,15.26,4.78,0,20.6,1082.4,1
16.82,62.81,29.34,47.29,333,6660,33706,5.32,55.58,20.57,23.04,0,97.1,860.8,0
8.93,60.27,8.86,14.08,178,3560,18052,4.44,48.69,16.9,5.77,0,47.9,1059.3,0
26.85,58.11,18.56,8.19,301,3010,19546,8.97,53.06,17.57,104.94,0,30.5,1148.4,0
35.25,81.22,2.47,8.96,338,2704,20990,6.64,57.6,22.44,65.36,0,20.3,1792.6,1
12.96,50.7,20.95,6.61,128,1024,8387,3.66,46.38,18.54,235.57,0,78.9,1493.6,0
23.71,40.93,9.69,22.69,290,3190,19410,7.01,52.18,22.6,16.86,0,76.0,1665.6,0
25.03,56.14,19.23,14.8,170,2380,15441,8.22,52.07,25.28,79.48,0,90.7,2017.2,0
26.57,52.56,15.49,14.82,140,3080,16682,8.54,49.4,19.14,109.91,0,70.7,1024.6,0
9.67,68.56,3.97,15.7,235,3525,18392,6.57,50.71,20.78,85.43,0,78.0,1413.9,0
28.91,55.12,27.0,7.93,72,576,6890,4.93,51.3,25.59,25.44,0,96.3,1872.2,0
10.79,58.8,12.74,10.23,127,2540,12822,10.15,51.73,16.86,7.25,0,25.4,1483.4,0
33.68,50.7,23.0,4.04,245,3675,22932,11.9,60.39,26.68,78.59,0,97.7,2040.0,0
54.61,20.72,1.48,39.2,281,3372,23360,12.26,63.58,30.97,23.79,0,20.5,2129.4,1
38.08,57.73,14.33,5.39,131,1703,12759,7.92,57.78,26.21,42.0,0,62.4,2155.1,0
8.42,72.72,5.18,8.55,255,5355,25995,7.29,43.4,16.82,14.68,0,39.5,827.8,0
39.83,63.76,29.59,10.73,277,4155,25552,8.0,56.74,24.61,9.22,0,28.7,1963.6,0
23.75,32.28,44.79,14.07,307,5219,28122,5.83,55.47,17.32,48.83,0,38.3,1541.0,0
4.58,49.92,0.86,12.86,336,2688,16156,6.97,43.74,19.36,152.6,0,93.4,897.5,0
14.33,51.26,19.33,16.19,344,2752,18012,3.49,51.22,19.18,16.27,0,48.9,1506.1,0
46.17,63.31,1.63,40.65,143,3289,21526,10.78,61.65,33.67,58.52,0,75.4,2637.3,0
20.52,57.16,29.23,15.5,229,3435,20033,9.1,54.01,18.31,5.28,0,34.0,1391.2,0
21.13,10.0,1.99,6.38,143,3003,17193,10.97,45.37,18.43,49.56,0,71.9,1372.1,1
42.87,39.56,3.25,30.84,192,3648,22656,16.1,61.63,25.93,130.9,0,73.5,1837.4,1
50.33,49.55,4.35,29.04,322,4830,29315,6.51,63.55,28.59,155.19,0,26.6,2351.7,0
38.74,45.24,19.52,14.76,106,1166,11098,8.32,62.29,22.46,178.21,0,47.2,1770.4,1
13.46,51.96,5.19,17.26,215,3870,20072,6.69,45.11,18.17,150.4,0,97.1,1338.8,0
16.12,47.87,13.6,8.08,342,6498,33748,14.33,48.27,18.04,144.77,0,59.7,1665.9,0
26.77,51.42,12.73,22.73,143,3146,17714,13.46,53.32,23.5,114.39,0,90.6,1560.9,0
57.21,66.84,7.72,7.3,296,5920,34954,17.83,64.75,35.36,88.59,0,47.5,2447.6,0
40.61,72.46,11.63,8.15,209,2508,18645,6.77,62.07,27.18,96.71,0,77.1,1995.3,0
15.65,52.6,1.89,18.72,77,1232,7135,12.02,49.25,16.99,45.6,0,48.9,1614.3,0
20.71,63.78,31.33,22.25,82,1722,11147,4.77,48.63,22.58,85.03,0,62.6,1743.4,0
55.05,61.29,3.48,7.09,346,3114,24662,15.65,65.73,25.05,40.42,0,100.0,1366.9,0
23.59,75.55,31.83,9.6,208,4368,24012,4.61,49.79,22.42,74.22,0,54.4,1971.0,0
28.62,65.07,10.97,9.85,213,1704,14220,8.4,59.48,24.72,153.85,0,39.8,2086.3,0
30.75,86.0,14.28,23.04,108,1512,11266,11.83,57.93,25.63,7.75,0,73.4,1639.6,1
64.09,65.47,4.46,9.8,182,3094,23049,11.64,67.12,35.78,43.57,0,21.8,2404.0,0
40.36,30.73,3.77,10.08,95,1045,10984,17.76,55.52,21.11,44.27,0,45.9,1449.6,0
27.54,75.15,10.12,27.2,140,1960,13233,5.27,52.21,22.16,2.14,0,76.7,885.5,1
8.57,68.8,4.67,5.19,171,3078,15734,13.68,47.89,19.84,45.77,0,52.0,1504.3,0
8.26,68.48,8.25,8.43,298,6556,32154,6.08,48.83,19.09,65.07,0,83.9,1318.6,1
17.86,35.33,8.7,2.71,236,2360,15047,6.76,46.27,18.02,43.89,0,60.8,1682.0,0
5.61,71.41,4.74,3.12,176,3168,14813,3.35,50.31,17.35,56.57,0,28.1,937.2,0
21.13,69.82,5.17,8.43,259,2849,17912,3.95,52.19,21.98,68.76,0,83.9,1847.9,0
27.67,34.01,54.13,4.3,131,2227,14619,9.58,51.38,22.58,83.86,0,96.9,1803.7,1
30.88,65.63,13.28,5.8,233,5126,26877,9.34,50.54,19.37,69.94,0,25.7,1758.1,1
19.45,59.39,26.75,3.54,160,2400,13654,11.39,55.19,22.22,88.93,0,98.4,1830.2,0
18.73,55.14,0.7,10.03,141,1128,9192,6.49,49.24,18.77,69.06,0,44.0,1358.6,1
14.72,53.74,0.1,18.18,92,1932,11139,7.5,44.4,19.75,64.1,0,65.7,1740.5,0
40.82,26.43,10.98,11.78,98,1372,11716,10.52,59.91,25.2,22.14,0,26.3,2230.7,0
5.83,53.97,26.3,21.29,165,2310,12924,15.38,44.41,19.29,31.43,0,85.5,1221.6,1
41.31,66.64,14.16,5.55,126,1638,12970,7.34,61.14,24.81,40.67,0,55.2,1691.4,1
8.14,42.64,14.47,34.73,164,2952,15997,7.13,47.69,18.26,19.3,0,54.2,1401.1,0
36.12,54.15,2.25,11.49,201,1608,13399,7.69,56.31,24.93,67.05,0,95.3,1734.6,1
34.25,47.37,57.64,5.81,335,6030,33965,12.98,55.39,24.07,170.22,0,51.4,1923.0,0
34.41,48.57,11.32,11.47,182,3094,19689,9.78,58.66,24.83,50.83,0,75.8,1805.7,1
27.48,27.45,1.62,15.27,170,1870,12572,4.62,54.03,17.98,35.96,0,96.0,1604.5,1
27.44,64.91,8.02,19.65,225,3375,19510,13.38,54.69,24.74,90.18,0,95.1,1732.2,0
21.36,55.29,1.12,26.19,157,1413,10845,6.71,49.67,20.13,27.16,0,85.7,1617.9,0
1.99,42.74,8.12,12.93,210,3570,17460,1.02,39.18,19.87,130.15,0,94.8,1020.8,0
43.33,72.96,18.65,11.71,248,4960,29771,12.76,61.8,26.51,9.57,0,51.3,2294.9,0
25.5,67.85,5.86,14.99,245,4410,24932,9.16,58.04,19.96,5.11,0,68.4,1013.5,0
37.0,54.0,5.63,26.02,347,3123,22304,4.73,52.78,20.78,97.81,0,57.2,1523.6,1
18.12,73.75,10.83,7.85,138,1656,9919,5.4,46.77,18.8,32.39,0,59.8,1453.7,0
14.98,78.75,10.35,7.32,280,2240,14407,12.27,54.45,21.53,164.28,0,76.6,1634.0,0
21.27,40.89,9.44,11.52,171,2565,15196,3.03,48.65,18.59,175.48,0,24.0,1526.9,0
13.69,38.27,10.91,23.83,267,4539,23106,4.24,41.59,20.03,67.57,0,90.7,1456.5,1
49.74,21.52,0.74,8.88,103,1133,11416,16.46,62.77,28.86,50.18,0,96.2,1954.4,1
25.78,44.37,9.64,18.96,289,3757,21812,14.82,54.23,19.67,61.53,0,46.0,1760.1,0
41.81,49.19,72.44,15.68,103,2060,14420,11.51,58.06,27.24,3.58,0,53.9,1830.3,0
18.67,30.53,21.68,9.4,128,1664,11057,13.97,49.14,22.73,177.21,0,93.8,1662.2,0
44.3,42.42,5.09,8.51,63,1323,11576,15.36,62.14,28.62,15.88,0,40.4,2430.7,0
22.45,66.09,16.98,14.99,183,4209,22324,12.82,49.97,24.75,105.54,0,92.9,1840.7,0
43.59,58.95,6.0,6.05,278,6394,34665,7.99,60.98,31.97,175.1,0,86.1,2472.5,0
5.9,43.6,3.19,27.45,322,3542,19658,3.71,42.75,18.64,23.24,0,95.1,1283.9,0
26.92,73.59,22.28,30.21,256,3072,19632,4.27,51.6,23.14,9.75,0,37.4,1813.6,0
18.56,34.79,3.53,11.04,111,1998,11399,23.11,47.82,21.7,35.22,0,79.0,1719.2,0
27.36,62.51,29.35,39.21,221,2873,18146,11.31,51.55,21.43,2.51,0,43.3,1945.9,0
44.79,51.52,7.18,14.1,343,2744,20643,7.36,60.57,24.48,60.59,0,82.7,1542.8,0
24.79,56.43,21.21,9.01,64,832,7968,8.11,51.67,22.13,7.3,0,83.7,1411.0,0
33.87,59.51,4.51,9.68,202,4242,24062,14.72,56.67,21.75,173.69,0,28.9,1492.7,0
17.96,72.96,15.87,10.82,107,1498,10640,3.91,54.44,17.35,38.05,0,24.1,1433.6,1
30.24,65.64,3.58,8.85,87,1131,9578,10.66,58.15,23.24,85.16,0,51.4,1950.5,0
29.33,71.4,0.33,7.42,87,957,9121,5.45,56.39,21.87,39.19,0,86.5,1207.8,0
21.98,39.73,25.28,23.44,138,1794,11784,12.16,48.54,16.14,137.33,0,35.0,1780.0,0
45.84,50.67,29.09,10.78,272,2448,19153,6.85,60.35,28.65,83.11,0,65.9,1902.7,1
10.91,40.81,31.88,3.94,164,1312,9250,5.74,45.33,15.77,86.57,0,27.6,1230.9,0
27.81,35.39,0.55,52.98,86,1806,12603,3.23,53.87,18.1,61.91,0,29.8,1690.8,0
46.96,68.55,21.46,18.02,69,897,10074,8.23,63.29,32.54,51.21,0,70.9,2434.8,0
42.83,25.63,27.11,3.96,329,7567,40669,6.99,53.09,28.27,7.06,0,76.2,2336.7,0
17.04,46.24,5.6,5.09,234,1872,12939,12.25,53.71,18.14,25.62,0,39.8,1351.5,1
8.28,46.77,9.54,4.49,136,2312,12794,16.15,49.53,17.55,2.31,0,75.9,1462.6,0
73.12,51.82,7.86,12.99,240,2640,23328,15.13,73.47,46.43,3.21,0,29.7,2799.9,0
53.52,37.84,8.7,15.94,104,2392,17873,22.56,59.59,32.44,24.28,0,62.6,2513.5,0
28.81,43.94,28.13,14.17,152,3496,18678,4.88,53.69,19.02,154.33,0,52.9,1028.8,1
51.5,82.98,8.12,9.03,124,1612,15046,16.16,64.46,37.5,104.11,0,53.0,2674.7,0
20.66,51.08,5.4,8.49,76,988,6841,8.19,49.61,18.14,13.0,0,23.6,1382.2,1
29.6,41.75,2.1,13.46,231,3465,19921,8.14,53.34,19.94,39.65,0,31.4,1626.1,1
42.23,58.53,16.85,8.39,116,2204,16640,10.87,59.72,23.06,30.54,0,89.9,1745.6,1
35.03,56.13,1.32,12.5,304,5472,30679,10.66,59.7,26.58,56.47,0,97.9,2211.0,0
18.67,83.87,0.95,19.46,270,5400,28608,7.81,51.77,19.1,150.34,0,36.2,1750.6,0
70.82,50.9,17.17,8.33,348,2784,24325,16.54,72.3,55.77,173.12,0,83.1,3283.1,0
18.27,62.3,17.78,27.86,122,976,8335,4.07,55.27,21.33,86.79,0,97.1,1738.5,0
61.91,37.0,3.33,5.39,310,5580,33471,8.68,68.18,42.24,26.88,0,54.6,2802.5,0
44.44,44.22,47.26,9.31,240,3600,22783,16.41,61.99,31.11,48.22,0,81.7,2493.0,0
34.09,45.68,23.25,12.21,240,4800,27699,9.29,58.23,20.37,720.0,0,69.7,1054.6,1
35.66,32.76,17.4,5.46,149,1788,13496,12.26,55.56,21.47,28.38,0,38.1,1994.3,0
43.01,55.71,21.06,13.4,267,3204,21997,9.53,59.45,26.8,13.04,0,68.5,2017.8,1
28.46,58.78,7.96,15.66,73,1241,10135,8.27,55.43,23.19,29.95,0,72.3,1900.1,0
23.96,56.91,9.12,5.69,263,2630,17291,6.39,53.53,24.31,128.75,0,97.4,1879.9,0
33.86,30.83,30.63,8.01,237,4029,23207,7.27,51.41,22.58,23.68,0,30.2,1485.1,0
57.52,40.52,0.39,8.16,92,1840,15189,10.79,67.74,41.76,90.94,0,87.6,2918.5,0
16.9,49.08,24.32,4.77,348,5916,30553,14.28,47.99,20.58,59.92,0,51.5,1590.3,0
37.62,37.5,8.9,14.09,348,5568,32551,12.96,56.66,21.12,85.05,0,87.9,1361.3,0
20.08,24.39,9.35,10.7,309,5253,28644,10.02,50.86,17.26,67.96,0,32.7,1347.8,1
22.39,69.37,5.91,7.02,291,4365,24308,8.97,48.59,19.73,73.85,0,51.4,1364.1,1
75.55,77.65,14.01,10.22,200,4600,30170,15.11,74.87,37.56,15.0,0,81.6,1825.9,0
53.21,72.17,16.89,11.97,322,5474,32796,11.71,63.15,28.64,342.03,0,44.8,2049.3,1
8.13,59.38,2.63,3.16,94,1786,9318,4.61,43.92,17.09,42.7,0,46.6,1236.7,0
39.23,46.09,12.51,11.77,334,5010,29910,10.22,56.87,29.22,114.07,0,95.7,2368.9,0
8.16,87.52,9.38,7.64,157,1570,10167,5.56,52.22,19.91,67.37,0,30.0,1171.1,0
44.51,71.08,22.84,4.3,221,4420,26506,10.59,66.37,31.15,5.53,0,62.2,2126.6,0
6.09,42.67,11.82,18.34,112,2016,10278,2.65,44.34,16.6,44.21,0,65.0,1187.6,0
4.81,77.64,8.42,7.59,241,3856,19018,7.78,45.56,17.45,112.23,0,61.9,1359.6,0
36.57,57.48,11.29,32.92,277,3324,21254,13.58,59.06,23.49,168.53,0,56.5,1828.2,0
15.03,74.8,10.12,12.59,158,1264,9770,9.52,50.91,22.56,48.62,0,78.4,1251.2,0
56.24,78.91,41.04,12.28,250,2250,19719,11.68,68.11,41.69,58.68,0,97.3,2662.3,0
20.28,45.07,5.61,16.72,278,5282,27836,21.44,50.99,15.6,3.17,0,29.7,1477.0,1
37.82,52.98,0.57,35.58,325,4550,27294,9.05,59.31,21.34,76.44,0,44.1,1634.6,1
34.04,58.72,16.27,8.51,162,3726,22007,5.55,55.37,21.94,37.2,0,51.7,1889.2,0
12.77,56.39,13.89,25.0,186,3720,19186,7.87,51.83,17.13,1.95,0,56.7,1149.5,0
48.86,39.58,36.11,9.66,220,1760,15980,19.17,59.98,31.09,52.16,0,88.8,2431.9,0
22.53,56.68,1.87,10.05,130,1170,9377,19.95,49.54,23.88,82.34,0,76.8,1837.2,0
33.54,50.61,11.09,11.33,248,2976,18498,6.96,51.18,23.39,35.23,0,95.3,1495.8,0
27.05,50.85,2.45,10.74,281,3372,20959,5.81,53.22,21.98,6.6,0,49.0,1884.3,0
55.45,31.38,9.12,10.12,269,3497,24527,17.07,66.05,31.92,96.47,0,54.3,2278.1,1
61.12,51.51,24.09,5.02,251,3263,25013,9.18,69.25,34.61,28.49,0,47.9,2226.2,1
10.87,87.15,29.21,11.67,247,5187,25342,5.61,47.66,19.02,60.74,0,27.9,1736.3,0
16.59,61.84,26.92,10.0,174,3132,17524,3.89,49.38,22.8,17.97,0,58.5,1667.1,0
12.65,50.26,11.89,23.3,73,1606,8750,9.75,49.61,19.78,244.19,0,67.6,1335.2,0
6.6,63.07,15.08,11.65,270,5940,29249,7.48,41.34,17.26,22.67,0,58.4,1308.3,0
16.14,76.13,12.03,4.2,128,2560,14807,7.37,48.46,21.38,15.92,0,86.1,1689.1,0
8.59,44.21,12.36,9.52,326,7172,34217,8.26,41.88,17.76,313.17,0,44.2,1117.3,1
39.0,80.29,32.46,16.91,258,4128,24900,14.55,55.39,28.64,172.45,0,92.2,2157.3,0
2.87,38.97,3.52,4.88,197,3743,18009,5.47,41.92,16.46,10.85,0,34.9,1357.0,0
14.03,49.15,8.66,3.49,205,2870,17230,18.42,48.99,17.82,83.99,0,72.6,1318.7,1
28.96,47.84,14.13,16.43,266,3990,23363,7.58,54.62,24.77,32.37,0,56.6,1948.2,0
33.6,73.26,21.75,21.44,182,2184,15797,10.92,61.12,27.0,372.55,0,60.7,2165.3,0
26.23,38.41,21.53,18.58,262,4192,23551,5.47,51.38,18.4,69.5,0,49.7,1558.2,0
17.82,70.95,1.87,22.46,141,3243,17426,7.65,50.57,16.61,27.91,0,33.6,1778.0,0
26.15,52.23,3.76,6.6,280,2520,17286,7.91,57.04,19.02,97.42,0,34.9,1415.3,0
23.14,57.07,36.37,14.22,89,1246,9130,5.96,53.49,18.31,78.74,0,29.0,1456.0,1
43.44,72.78,6.64,15.18,149,1341,12052,15.79,63.52,29.56,58.81,0,37.6,2351.9,0
19.83,62.23,0.1,24.11,326,4890,26597,5.91,51.18,18.49,191.04,0,21.5,1330.2,0
27.4,74.16,3.34,22.1,128,2560,16014,16.11,54.61,18.14,24.17,0,24.5,970.7,1
28.79,70.66,52.38,18.72,84,1596,10347,10.61,57.23,22.28,37.59,0,50.0,1768.6,0
10.86,94.29,5.56,8.46,152,1824,10242,8.45,52.22,15.97,80.7,0,20.3,872.8,0
26.68,72.3,14.27,4.08,337,6066,32155,6.18,53.04,22.79,48.91,0,91.8,1293.1,0
41.49,56.84,19.46,3.56,232,3480,22552,11.41,62.91,30.81,209.76,0,89.1,2338.1,0
20.79,55.92,15.6,16.83,276,3312,20775,9.83,51.16,20.88,25.3,0,78.0,1633.5,0
21.09,81.04,7.11,20.13,222,4884,24697,16.75,51.17,19.94,3.77,0,90.3,1435.0,1
4.55,59.82,8.44,7.86,239,2390,14447,3.41,41.18,19.57,43.28,0,94.1,1494.2,0
15.87,62.92,27.3,18.25,114,1140,7746,8.03,46.22,16.96,27.07,0,47.8,1534.2,1
49.33,73.3,16.31,16.6,251,3263,22318,13.27,65.52,25.24,150.37,0,52.1,1356.3,0
13.2,50.47,0.36,6.38,149,2682,14683,8.79,46.07,20.11,134.0,0,94.3,1123.5,1
27.77,42.31,3.41,23.95,190,2660,16442,18.7,56.23,20.2,53.9,0,64.3,1457.9,1
19.78,64.32,5.06,14.8,95,1710,10483,8.23,54.58,22.64,43.63,0,70.9,1562.4,0
10.58,48.43,6.82,3.62,119,1666,9411,5.55,44.57,22.62,1.74,0,88.8,1475.4,0
3.81,78.56,12.9,9.25,179,1790,10385,4.46,43.51,20.34,168.14,0,99.3,819.3,1
31.15,19.08,6.85,22.22,322,2898,20716,7.97,48.51,23.07,27.84,0,67.8,2236.1,0
22.86,48.31,26.15,7.71,143,3146,16673,4.33,54.46,22.57,62.14,0,88.6,1665.8,0
18.05,60.42,9.63,22.78,297,3564,20729,5.88,53.93,21.98,35.11,0,92.3,1232.8,0
21.96,46.46,10.46,25.11,142,2840,16376,8.18,51.51,23.99,36.94,0,98.3,1914.8,0
1.32,77.99,8.36,7.67,99,990,6216,7.64,41.43,17.83,30.53,0,38.1,1186.0,0
28.41,60.1,5.58,6.48,347,4858,27202,4.42,56.9,21.33,9.37,0,59.4,1582.8,1
14.83,46.83,19.35,17.92,301,5418,28069,17.36,45.21,20.41,39.9,0,52.1,1564.0,0
55.89,60.65,3.91,16.4,295,5310,31831,11.16,64.47,24.36,69.84,0,20.5,1646.0,0
28.41,35.63,17.54,17.15,195,4290,23091,26.94,54.26,22.51,4.26,0,31.0,2128.6,0
17.54,64.77,11.32,11.19,158,3160,17755,8.75,52.74,20.95,5.47,0,26.1,1452.2,0
13.06,76.84,1.62,28.69,193,1930,12974,5.7,45.36,20.2,27.57,0,76.0,1304.5,1
41.9,54.75,0.27,20.87,122,1830,13926,9.07,59.98,28.17,39.22,0,97.4,2266.7,0
69.19,56.88,2.78,9.36,103,1442,15124,13.43,69.17,46.6,42.94,0,39.9,2995.1,0
50.65,40.03,21.47,18.55,255,4590,27119,20.5,60.77,32.91,25.75,0,89.4,2205.5,0
22.8,45.57,7.28,13.28,311,4665,26328,9.64,54.36,17.82,8.47,0,94.1,950.4,1
23.32,72.74,24.51,5.11,349,6631,33751,5.16,56.28,22.5,73.01,0,51.5,1521.7,1
30.15,55.19,10.45,4.91,60,1200,10210,6.99,56.61,19.79,85.45,0,33.0,2039.3,0
14.67,90.39,0.5,11.94,151,3473,18053,17.43,55.75,21.67,33.89,0,95.8,985.9,0
34.27,65.55,28.07,8.66,174,3306,19613,11.92,62.8,27.47,66.07,0,97.9,2112.5,0
6.42,39.79,41.29,6.54,278,2224,13817,6.95,45.2,19.67,88.2,0,95.9,942.6,0
66.93,91.45,1.16,9.53,272,5168,32819,19.88,73.68,41.04,41.01,0,27.1,2402.2,1
22.38,35.37,3.5,17.06,276,3864,22535,4.1,50.36,15.21,81.93,0,21.4,1624.5,0
36.94,51.04,18.86,14.59,275,3025,20438,10.54,55.9,25.04,10.03,0,51.7,2066.5,0
12.42,59.4,88.04,12.07,87,2001,10418,20.03,48.37,20.31,44.98,0,85.9,1451.2,0
48.19,61.5,31.35,4.57,253,5819,32139,13.81,63.77,23.0,35.42,0,62.8,1412.9,0
14.85,47.51,1.56,3.98,153,2448,14163,2.58,46.44,17.52,33.09,0,53.0,1748.9,0
7.02,56.96,14.02,27.09,167,1837,10059,5.29,46.57,19.08,103.03,0,72.3,1263.5,1
38.72,76.8,16.41,11.65,270,2970,19521,11.68,61.76,28.83,3.27,0,81.8,2134.6,0
75.11,77.02,14.95,19.84,321,3210,26263,16.32,77.75,39.21,43.57,0,50.0,2059.7,0
30.15,84.15,12.59,13.18,247,1976,15112,5.2,56.66,20.74,38.84,0,26.6,1514.4,1
5.29,43.77,5.18,7.79,228,2280,12963,4.99,39.71,17.72,132.13,0,95.4,1142.7,0
24.28,61.2,16.56,9.57,139,2363,14980,9.32,52.8,23.23,23.58,0,64.2,1830.1,0
36.77,63.61,19.55,24.51,142,1704,13100,12.09,55.65,24.54,87.23,0,33.3,2070.6,0
17.72,29.4,12.86,17.32,202,3838,20195,6.79,45.24,16.99,48.59,0,36.5,1637.4,0
49.8,52.14,10.31,7.65,93,1581,14168,11.36,62.93,34.12,91.5,0,75.1,2411.8,0
66.93,65.08,3.71,20.86,73,1679,15816,8.74,66.4,40.45,49.99,0,20.6,2736.8,0
27.31,54.5,11.8,7.72,301,6923,36194,14.05,56.53,24.43,83.93,0,79.9,1982.5,0
20.3,46.46,2.06,15.45,161,1288,9795,11.53,51.65,22.13,42.3,0,97.3,1370.2,0
25.2,62.34,1.13,4.54,175,1575,11966,10.91,51.12,22.68,35.79,0,68.8,1950.7,0
34.27,74.89,22.57,10.85,327,2616,18606,7.44,58.83,27.24,62.43,0,79.6,1979.4,0
19.63,59.61,16.92,14.19,96,1440,9461,11.17,56.7,24.19,0.37,0,85.5,1780.7,0
30.44,24.24,15.71,8.67,285,4560,26010,12.67,50.43,24.48,18.23,0,73.9,1882.0,0
1.03,74.61,39.49,19.38,196,2744,12996,6.31,41.25,19.14,38.35,0,62.5,927.1,0
17.4,37.35,7.19,5.93,181,1448,10344,9.88,46.93,19.91,246.37,0,84.1,1561.7,0
30.03,38.82,7.66,19.14,96,2208,13987,8.46,56.43,20.57,232.64,0,35.7,2013.1,0
15.8,60.31,8.01,14.85,187,2057,12138,12.5,47.08,20.71,104.73,0,76.2,1659.5,0
25.49,60.51,9.39,7.66,123,1845,12697,6.58,52.15,18.16,324.59,0,39.5,1401.1,1
30.98,46.64,10.79,4.55,323,5168,28615,4.64,55.96,24.61,45.98,0,90.2,2013.0,0
10.33,67.44,22.58,31.43,199,2189,13056,4.65,50.2,21.29,19.97,0,91.0,1160.8,1
15.95,56.08,3.68,11.97,75,1725,10839,8.08,47.8,21.34,96.59,0,68.6,1726.3,0
60.91,33.16,8.54,8.78,164,1476,15807,21.46,65.79,37.31,18.26,0,61.6,2668.1,0
14.92,41.16,10.55,9.63,195,1755,11522,15.3,47.18,18.12,4.89,0,54.2,1348.9,0
12.32,51.67,2.78,6.76,141,1551,9800,7.18,47.46,20.41,112.99,0,97.5,1362.2,0
46.84,56.71,18.16,18.02,133,1995,16187,12.56,59.48,28.39,5.56,0,22.2,2368.7,0
36.89,47.95,0.87,13.15,82,1066,9804,11.49,53.52,22.28,2.81,0,49.4,1762.6,1
42.76,28.34,13.23,5.25,293,4981,28736,5.81,59.97,29.3,17.09,0,36.4,2725.8,0
43.25,45.47,3.39,12.57,71,1065,10162,12.44,56.42,24.83,104.93,0,44.7,1930.3,1
40.87,65.88,0.13,5.53,279,5022,28879,9.69,63.04,23.62,125.4,0,61.7,1752.2,0
56.71,56.94,5.69,19.58,306,2754,22253,13.95,68.38,34.73,90.46,0,77.4,2272.2,1
36.96,69.83,8.41,7.71,302,6644,36196,6.43,61.83,23.5,84.45,0,68.8,1829.0,1
44.9,67.7,25.5,24.5,190,4370,25443,8.2,63.05,31.06,30.19,0,83.2,2335.9,0
46.43,29.95,7.86,29.5,94,940,11747,7.62,59.37,31.41,7.42,0,79.4,2394.9,0
4.06,45.97,37.05,9.65,188,3196,15777,3.01,44.5,16.64,144.68,0,37.7,1179.0,0
27.75,66.24,27.73,7.65,281,3653,21457,12.66,50.31,22.35,21.2,0,41.3,1922.5,0
22.81,63.38,3.21,5.01,176,2992,16965,5.67,50.82,19.51,13.61,0,43.7,1760.7,0
8.98,63.3,2.54,3.88,261,2088,13313,9.6,48.04,15.07,47.72,0,46.5,1178.9,1
37.68,70.84,4.19,4.95,170,3910,22257,7.97,56.41,29.84,8.7,0,66.5,2318.2,0
25.24,74.99,6.69,8.81,314,6594,34936,3.78,52.55,23.63,100.58,0,94.9,1540.3,1
26.33,29.74,13.14,2.88,292,3796,21801,6.68,49.82,19.79,15.45,0,84.5,1000.5,0
27.87,49.58,1.99,18.96,329,5922,31390,12.61,57.08,21.27,44.67,0,66.5,1858.7,0
30.76,65.59,11.39,16.21,300,3900,22709,8.46,55.58,22.61,25.56,0,44.4,1932.8,0
26.29,67.6,13.04,16.23,275,5225,27987,8.99,55.89,18.37,60.33,0,26.2,877.6,1
16.12,81.98,16.22,24.61,143,1144,8803,3.58,49.36,22.43,21.3,0,75.4,1158.6,0
8.96,78.18,11.98,6.05,348,7308,35000,8.46,50.71,18.71,13.63,0,23.7,1531.4,0
36.14,73.02,26.16,6.27,179,3759,21923,10.25,61.18,23.98,21.8,0,28.3,2124.4,0
18.37,48.72,15.39,23.99,238,2380,14827,9.81,50.04,21.53,246.27,0,93.9,2016.4,0
8.92,68.63,38.76,8.68,146,1168,7892,8.25,45.88,18.08,22.85,0,36.2,1153.6,1
2.32,85.62,18.11,15.42,75,1500,7702,7.49,48.08,21.25,11.64,0,78.9,800.0,0
24.48,78.42,8.59,3.35,150,1950,12936,7.82,54.77,19.85,198.09,0,55.7,1415.7,0
50.19,61.57,3.53,23.17,73,1168,12437,18.76,61.95,30.19,188.97,0,54.0,2288.7,0
22.24,77.64,0.16,15.06,88,1144,7963,7.54,52.18,19.67,33.99,0,27.1,1531.1,1
37.34,59.3,1.42,4.94,201,4623,26575,8.64,54.56,27.92,53.93,0,66.3,2226.4,0
6.71,59.48,3.15,29.39,194,4268,19941,3.4,44.88,19.16,34.15,0,84.9,824.1,0
17.66,52.63,3.66,13.36,324,6156,31904,8.34,46.78,19.13,5.32,0,58.5,1384.3,1
24.24,35.2,20.32,38.85,112,2240,12896,10.63,53.11,20.19,232.95,0,62.1,1406.6,1
19.44,70.33,7.32,3.53,106,2014,10846,10.91,52.41,20.09,34.26,0,61.6,1337.6,1
25.18,54.53,5.89,15.08,106,2226,13590,5.85,48.54,20.78,156.4,0,30.8,1904.8,0
39.59,58.22,0.81,8.46,315,6930,37178,21.08,59.37,24.77,15.11,0,31.7,2117.5,0
28.12,63.71,11.6,10.17,338,6422,32681,5.72,55.38,25.53,58.13,0,56.7,1876.5,0
10.53,47.38,14.24,13.32,218,3924,19873,18.43,47.37,21.98,21.26,0,76.9,1714.0,0
13.27,69.28,31.54,4.13,319,4147,22895,4.52,47.43,18.82,36.35,0,70.2,868.4,0
13.27,53.85,10.48,43.16,156,3432,17978,6.29,46.11,18.59,112.35,0,48.5,873.5,0
45.75,54.46,0.12,34.45,209,4598,27574,13.99,62.68,24.11,36.48,0,51.7,1367.0,1
30.53,10.0,1.01,13.94,244,2196,15938,9.48,54.65,24.66,244.4,0,99.0,2182.1,0
20.05,58.38,4.74,5.53,90,720,6703,6.41,50.44,18.44,271.64,0,52.4,1973.3,0
13.38,42.11,2.25,10.25,263,2893,17481,14.12,45.75,17.53,16.35,0,39.6,1336.4,1
26.4,50.73,22.08,14.01,156,3120,18342,13.03,52.96,22.41,129.43,0,50.8,1989.3,0
19.59,44.53,1.71,8.09,183,4209,22177,9.51,47.72,19.24,306.82,0,67.8,1565.9,0
23.85,45.49,2.63,20.41,228,4104,23329,3.87,52.9,14.88,3.23,0,30.9,1276.4,1
34.67,52.72,16.48,13.32,68,1428,11433,7.04,59.35,23.33,166.78,0,35.5,2186.3,0
40.48,63.43,4.11,11.66,235,3760,23444,21.02,58.44,25.44,34.71,0,32.8,2205.6,0
32.55,78.54,52.15,19.45,338,7774,39650,6.27,58.94,26.33,28.91,0,63.8,2176.5,0
42.46,58.45,29.84,4.33,348,8004,42416,14.72,67.91,27.73,11.23,0,49.6,2204.4,0
6.97,49.21,20.47,7.57,336,2688,17284,9.08,49.69,18.35,11.35,0,88.8,1336.9,0
30.92,51.29,6.3,11.39,347,4858,27880,7.82,62.13,22.46,9.43,0,38.6,1979.5,0
44.19,70.33,0.88,7.77,251,2510,19763,11.16,63.42,33.06,158.18,0,74.8,2527.6,0
20.93,62.48,6.15,5.2,105,1680,10612,3.77,46.83,19.34,60.57,0,67.1,1680.7,0
4.07,37.21,7.09,6.05,309,2781,15096,7.95,40.7,14.85,15.24,0,21.8,1239.9,1
20.13,45.53,2.04,12.15,333,2997,19070,6.21,51.05,18.18,39.19,0,47.6,1588.2,0
39.33,56.26,1.93,14.24,159,3657,21065,15.41,55.31,24.1,7.09,0,33.1,1891.7,1
46.53,52.62,16.54,48.47,212,2968,20092,14.16,60.94,24.23,25.37,0,46.4,1878.7,1
15.51,46.97,3.97,23.28,267,4005,23122,6.68,52.06,18.39,79.57,0,38.5,1766.6,0
18.07,52.4,17.0,6.28,136,1088,8302,6.09,50.38,19.44,7.1,0,80.5,987.9,1
40.03,59.47,11.92,25.58,155,3565,21474,11.97,62.15,24.78,72.42,0,98.4,1616.7,1
16.8,61.03,34.76,12.56,178,2848,16236,7.5,51.66,17.69,18.91,0,38.7,1232.7,1
33.81,55.88,23.93,11.14,301,4214,25312,13.17,58.83,23.72,43.5,0,82.7,1853.1,1
15.89,69.08,2.46,8.1,288,2880,17022,10.65,51.35,17.72,312.33,0,20.5,1131.2,1
12.9,62.01,14.13,4.7,78,1560,8427,8.35,45.61,16.6,4.41,0,26.8,1865.1,0
15.39,39.97,15.88,12.25,137,2877,15010,12.93,47.29,17.62,118.61,0,49.2,1649.5,0
9.41,50.18,29.71,5.62,80,1120,6417,8.15,46.68,17.87,30.9,0,38.2,1481.8,0
36.31,53.16,15.36,10.22,283,5377,30269,13.23,55.04,24.59,45.17,0,37.2,1655.0,1
2.99,52.9,2.27,24.42,109,2289,11115,1.81,46.07,17.44,104.68,0,44.8,1038.6,1
15.53,43.38,4.49,22.6,211,4009,20875,7.17,50.41,20.44,28.4,0,83.8,1282.8,1
31.74,47.02,15.23,10.52,120,2520,15706,9.93,50.44,22.86,0.1,0,32.6,1816.7,0
37.89,68.78,36.45,22.21,131,2620,16425,6.29,61.61,23.88,54.55,0,43.9,2024.6,0
43.79,40.43,33.32,14.33,116,1508,12407,8.56,55.53,30.15,17.18,0,82.7,2380.8,0
12.44,50.84,6.68,29.98,256,3840,20785,5.79,47.46,21.9,6.52,0,84.5,1523.8,0
47.43,74.01,26.64,6.0,83,1245,11579,13.81,63.7,30.99,175.14,0,23.3,2388.4,0
38.84,54.16,10.74,11.31,314,6594,35919,8.84,62.03,20.95,13.06,0,52.3,1389.7,0
40.06,91.1,9.36,9.11,325,2600,20853,13.83,65.08,26.36,65.08,0,55.3,1858.2,1
68.46,79.48,6.48,15.53,256,5632,35206,9.37,77.41,52.76,13.1,0,98.0,3050.2,0
28.19,22.67,17.01,14.97,104,1144,9594,8.38,52.82,19.0,88.36,0,73.6,1454.3,1
33.02,38.89,13.73,12.1,241,2169,16313,10.14,56.02,18.72,19.98,0,37.1,1555.0,1
36.08,56.16,7.04,46.65,295,4425,26995,5.84,59.92,24.47,157.31,0,44.1,1870.7,0
16.51,50.48,21.59,6.08,173,3979,21254,6.96,53.32,18.99,113.6,0,75.5,1267.1,1
67.7,65.77,7.15,7.24,326,4890,32728,8.77,69.55,39.59,256.77,0,73.6,2367.1,1
22.01,64.9,13.17,21.75,284,2840,19261,4.97,52.26,18.44,38.61,0,25.4,1192.8,0
34.43,32.53,7.47,15.28,152,3040,18965,10.35,57.39,21.17,132.48,0,85.9,1514.8,1
15.25,72.65,1.86,7.27,157,1727,11206,9.24,50.78,19.28,52.0,0,81.4,1329.8,1
4.4,84.04,2.64,26.62,296,5920,28099,13.74,47.79,18.03,2.81,0,43.5,964.3,1
37.8,34.64,16.04,12.5,107,856,10100,6.76,57.15,24.1,4.45,0,39.9,1996.5,0
33.14,49.38,25.01,12.62,228,2508,17181,10.24,61.86,23.18,0.87,0,32.1,1503.8,0
7.33,50.21,9.48,8.52,117,1404,8380,13.47,46.49,16.89,88.96,0,55.6,1546.3,0
22.42,73.81,5.91,15.88,272,5168,26338,11.41,54.68,22.82,162.28,0,50.9,1886.7,0
7.79,77.73,6.15,5.99,131,1965,10275,11.42,45.52,16.66,248.42,0,20.9,962.4,1
16.77,48.53,13.66,7.55,168,1848,12486,4.39,46.93,21.25,76.5,0,88.8,1424.0,1
25.85,48.13,9.46,20.61,134,2546,14541,9.49,52.92,20.19,33.45,0,46.7,1256.6,0
9.14,70.25,0.1,2.52,137,1644,10158,2.91,45.4,17.08,24.26,0,34.4,1560.8,0
11.06,51.88,22.14,8.51,128,1280,7827,4.58,46.5,19.41,38.57,0,58.8,1797.3,0
35.97,58.42,2.3,17.11,109,1090,9616,8.08,57.37,26.26,43.01,0,85.8,2061.3,0
23.91,69.39,16.85,29.0,171,2052,13495,4.61,52.29,21.29,125.24,0,86.1,937.0,1
55.68,65.99,6.33,13.38,340,3060,23080,9.82,67.69,35.9,263.36,0,47.5,2546.7,0
41.8,59.37,12.94,19.94,85,680,8490,7.26,57.16,26.23,73.74,0,70.9,1467.3,0
19.24,35.35,28.98,17.75,97,1164,8746,9.58,44.45,17.45,61.83,0,76.1,1128.5,0
72.95,64.03,2.51,8.01,103,1751,17880,13.32,70.73,42.61,0.84,0,27.4,2580.8,1
55.21,69.9,22.55,9.62,76,1748,14600,13.89,65.91,35.66,195.87,0,37.7,2495.2,0
29.31,66.31,0.59,12.92,112,2352,15195,15.96,55.71,19.6,23.45,0,51.2,1428.5,1
13.02,34.41,38.14,40.05,223,4460,22345,5.08,48.75,18.14,190.8,0,33.4,1526.7,0
39.47,67.31,3.38,15.34,284,6532,34796,12.7,58.98,30.3,40.74,0,96.6,2210.9,0
40.19,44.41,23.73,11.25,154,1232,11414,10.57,60.53,27.22,57.82,0,88.3,2136.6,0
21.0,18.97,1.04,5.46,77,1617,9498,14.16,48.28,19.17,125.44,0,88.2,1474.7,1
29.11,52.68,5.94,9.58,327,6867,36012,10.31,55.45,23.25,41.28,0,78.9,1828.1,0
23.77,37.81,15.06,9.67,314,3768,22107,12.29,51.92,23.1,21.22,0,97.8,1482.7,1
48.46,54.97,16.13,18.08,341,3751,25934,7.1,64.64,33.18,10.54,0,72.1,2574.0,0
43.41,36.28,18.0,8.54,228,4560,26444,12.21,58.56,23.47,11.7,0,23.9,2076.6,0
25.7,51.83,6.48,12.83,178,3026,18460,7.56,51.98,20.53,62.74,0,99.4,1128.8,0
40.9,30.64,16.45,13.63,192,4416,25244,9.62,58.11,22.96,40.01,0,41.8,1682.3,0
20.23,44.87,8.39,13.68,255,5100,26809,24.95,51.47,21.52,118.15,0,76.3,1726.8,0
15.9,60.04,12.52,8.28,224,4032,20665,2.65,49.13,18.03,85.37,0,27.0,1148.4,0
24.6,81.55,11.89,8.85,311,6220,32675,6.18,54.86,20.8,27.98,0,75.8,1704.3,0
57.22,50.8,2.76,14.77,106,1590,14502,10.01,63.21,47.62,52.02,0,96.1,3204.1,0
10.53,54.8,28.12,8.5,81,729,5517,11.76,50.31,18.36,41.16,0,34.9,1507.4,0
30.48,66.97,30.28,4.34,149,2086,14189,11.95,54.11,24.91,38.13,0,47.4,2180.5,0
19.19,61.08,3.42,13.65,88,1320,8879,12.04,50.61,23.56,12.97,0,87.1,1680.2,0
38.95,61.84,8.08,3.76,296,3552,23773,9.07,61.75,26.95,30.87,0,58.0,2239.3,0
2.95,65.48,9.38,11.07,206,4738,22259,4.53,44.22,18.84,34.71,0,54.4,1494.7,0
14.78,49.29,11.94,6.41,318,6678,33987,5.22,48.54,17.51,115.26,0,57.5,921.5,0
27.14,43.19,0.34,10.26,99,990,8567,9.09,53.56,21.02,139.83,0,38.2,1734.4,0
3.89,59.19,21.33,33.92,265,3445,17975,8.67,50.84,18.25,3.38,0,74.9,1402.2,0
68.53,20.05,29.7,17.56,106,2120,18826,10.79,61.31,45.16,17.42,0,76.9,2806.8,0
50.05,24.2,2.3,8.58,247,5434,30953,15.41,65.59,31.08,12.01,0,76.7,2423.2,0
16.65,77.43,34.04,5.44,296,2368,15995,6.19,50.44,20.25,20.81,0,31.2,1477.4,1
12.28,72.03,28.55,3.91,310,3100,19260,14.91,52.18,22.21,216.55,0,73.4,1329.3,0
5.7,44.81,11.72,5.38,251,4016,20044,3.64,44.81,18.77,5.19,0,97.5,892.7,1
23.83,36.55,4.82,7.0,72,1296,8267,12.63,49.74,17.35,28.5,0,58.9,985.5,1
36.72,63.14,3.49,5.82,145,2465,17171,9.57,55.55,23.96,53.61,0,25.9,1785.7,0
16.41,65.55,10.07,15.51,313,6260,32398,4.2,48.06,20.1,248.9,0,55.9,1562.8,0
5.15,41.62,10.61,11.43,326,3912,21157,1.94,42.44,16.57,184.32,0,45.9,1164.2,1
27.26,53.1,15.83,31.19,266,3458,20422,17.73,54.32,21.68,102.32,0,60.5,1693.8,1
15.64,27.97,24.26,6.37,340,5440,29520,6.86,45.63,17.9,4.18,0,62.6,1374.4,1
22.88,48.41,40.89,9.75,144,2592,15485,10.03,50.22,19.17,84.84,0,40.9,1379.4,1
22.18,51.46,23.87,4.23,114,1026,8839,17.22,51.33,21.81,25.02,0,66.3,1703.1,0
22.63,57.44,35.96,12.48,132,1848,12059,6.59,50.28,21.32,30.26,0,51.5,1841.9,0
48.65,88.23,10.38,3.85,300,3900,26553,9.82,68.71,28.01,55.02,0,96.7,1407.6,0
49.51,37.31,0.59,6.11,87,1566,13968,11.89,66.14,31.45,232.72,0,32.7,2456.2,0
54.47,77.53,0.8,11.56,153,2907,21024,8.33,63.12,33.58,43.02,0,51.8,2456.2,0
26.08,46.27,4.69,1.97,233,3728,21677,15.24,52.71,17.1,106.33,0,54.6,982.4,1
6.04,44.75,14.28,7.92,83,1494,7800,3.38,43.2,14.23,109.72,0,22.7,800.0,0
30.82,70.67,6.12,8.87,280,2240,16814,9.9,57.96,24.26,191.39,0,78.7,1568.2,1
47.79,44.53,2.73,20.02,78,1638,13366,9.87,61.3,28.08,147.37,0,72.3,1930.1,1
35.98,41.64,28.51,16.68,220,2420,16813,6.24,53.44,22.42,14.72,0,74.6,1700.3,0
30.99,64.13,62.99,11.7,112,2016,12935,6.5,58.57,23.44,11.24,0,42.3,1859.6,0
47.03,62.09,0.25,7.5,163,1630,13535,8.15,64.62,26.42,10.19,0,99.8,1653.0,0
44.64,47.06,1.41,10.18,242,1936,15562,9.51,60.17,22.09,64.18,0,93.0,1246.5,1
45.7,81.95,10.38,18.11,111,1221,12526,12.73,61.52,28.99,147.84,0,29.6,1977.5,1
27.42,47.48,6.18,14.39,290,4930,27422,7.2,49.92,21.0,232.02,0,96.7,1286.2,0
45.15,31.1,22.86,27.57,158,3160,20773,5.37,62.09,30.39,13.93,0,99.1,2283.1,0
12.7,37.4,15.93,11.83,279,3627,19713,9.68,41.12,17.21,93.82,0,58.6,1551.9,0
42.44,36.93,1.06,13.58,171,1368,13087,12.65,59.21,24.31,113.87,0,43.9,1930.7,1
26.24,49.37,11.81,6.01,126,2898,16524,8.17,52.57,21.01,39.09,0,90.4,942.2,1
21.46,76.46,6.15,10.24,301,4816,26678,7.15,57.77,20.98,27.43,0,84.4,1446.3,0
17.99,27.76,50.33,13.15,327,3924,22432,4.52,44.8,19.66,79.11,0,64.4,1294.2,1
8.5,80.5,9.67,11.33,182,1820,11324,4.49,54.3,23.03,29.88,0,89.9,1066.4,0
15.32,44.33,39.4,34.39,310,6820,33900,6.8,50.12,16.77,15.9,0,57.0,1515.0,0
39.95,46.16,0.46,5.48,349,5584,32618,6.96,58.32,29.42,81.29,0,64.0,2236.9,0
49.92,42.89,1.64,9.67,253,4301,27533,9.5,61.26,31.31,5.34,0,81.5,2244.0,0
17.16,46.92,7.32,31.29,80,1520,8946,5.37,50.24,17.41,70.93,0,25.6,1441.7,1
8.9,51.01,32.7,18.45,134,2412,12225,11.14,46.65,20.87,70.72,0,44.3,1119.3,1
35.01,52.72,11.8,13.49,92,736,8181,9.57,54.06,24.01,16.78,0,48.9,1935.9,0
26.7,59.01,26.07,5.62,72,1512,10041,9.05,52.31,21.21,82.31,0,46.9,1804.5,0
7.98,23.2,5.0,13.5,266,2394,15387,19.0,41.34,19.65,74.19,0,97.7,1307.3,1
20.07,52.58,1.77,10.56,327,6867,33632,14.67,48.8,20.13,68.47,0,73.1,1538.1,0
51.15,62.04,4.24,23.27,82,1640,14082,11.06,64.85,32.59,49.7,0,26.5,2332.2,0
15.96,53.73,15.55,12.9,295,4425,24117,9.2,49.91,19.69,7.06,0,49.1,1564.4,0
38.2,50.66,30.77,31.11,186,1860,15003,7.5,54.29,27.44,6.07,0,33.5,2365.4,0
17.38,47.11,9.1,39.84,280,4760,24786,5.91,46.1,20.86,191.75,0,93.9,1099.8,0
37.59,70.66,3.23,14.68,119,1904,14287,7.43,62.43,23.49,94.91,0,62.5,1376.6,0
48.74,61.92,15.23,15.47,172,2064,17651,14.28,64.05,34.03,175.22,0,65.8,2535.4,0
30.64,51.56,3.29,11.16,79,1264,9635,7.72,50.56,24.3,49.2,0,31.1,2211.2,0
6.93,62.61,12.67,4.66,161,3703,16803,14.52,46.12,15.72,7.77,0,26.2,1066.3,1
42.29,68.73,1.62,4.76,287,5453,30513,11.26,60.5,27.78,33.65,0,36.3,2424.9,0
30.39,34.3,25.0,21.15,281,2248,16227,10.93,51.14,23.93,8.72,0,69.5,1850.4,0
56.45,62.4,24.53,28.2,112,1344,13680,12.34,68.29,34.9,209.16,0,93.0,2141.2,1
10.28,42.23,11.69,8.74,325,6175,30382,7.47,42.64,16.79,8.51,0,37.4,1318.0,1
23.89,74.24,0.58,10.18,295,3245,19723,15.14,53.59,20.04,268.38,0,21.3,1651.5,0
70.56,40.54,4.93,10.28,253,3542,26437,13.5,68.73,43.35,38.13,0,39.8,2667.0,1
15.23,54.48,2.23,7.52,339,6102,31595,5.76,47.64,19.58,36.2,0,47.4,1441.5,1
9.06,59.0,11.12,46.49,129,1032,6778,6.22,41.86,16.48,69.98,0,26.4,917.6,0
33.41,27.03,1.61,9.75,283,6509,34687,10.69,56.15,19.26,4.53,0,27.7,1722.2,1
34.34,23.6,30.57,23.95,190,1900,15414,8.05,57.09,20.19,116.77,0,60.9,1583.0,1
16.83,48.59,28.47,3.15,179,2148,12625,2.58,49.84,21.06,10.1,0,69.7,1232.6,1
44.64,80.06,2.55,25.22,135,2025,15157,12.3,65.83,26.92,117.03,0,84.6,1826.6,1
28.61,52.13,17.81,42.61,341,7161,36490,12.92,56.74,19.53,155.63,0,32.1,1194.5,0
32.84,62.1,17.89,14.83,263,3945,24279,9.01,57.74,24.0,151.98,0,89.5,1613.5,1
35.51,10.0,7.58,18.84,221,2210,16372,18.27,57.99,22.21,4.84,0,96.1,1977.5,0
35.31,67.45,2.49,22.04,165,3795,22158,15.96,64.2,27.98,10.01,0,70.4,2159.9,0
45.81,62.33,2.13,17.06,260,4680,28240,13.15,60.14,26.67,23.21,0,25.6,2426.7,0
40.28,64.82,20.18,11.06,259,3108,21135,9.96,58.6,28.49,15.22,0,43.4,2165.9,0
6.4,55.59,3.73,7.57,337,6403,31692,7.5,44.77,18.9,6.87,0,93.5,1088.5,1
19.1,35.8,13.87,19.29,246,3936,22491,10.81,50.66,18.14,273.18,0,21.4,1682.5,0
36.04,43.63,30.14,5.91,260,4680,25934,22.89,55.1,27.32,24.8,0,70.4,1944.8,0
20.15,41.33,13.49,18.37,161,1449,10930,9.93,49.49,17.5,34.33,0,53.9,1116.7,0
22.08,63.14,54.72,6.63,263,4997,26343,9.87,53.01,19.49,121.85,0,58.9,1422.9,1
42.43,51.48,15.56,6.25,135,2430,17470,15.28,59.02,34.34,112.77,0,86.0,2420.4,0
21.09,67.4,5.67,3.55,105,1470,10027,9.16,50.01,17.92,36.95,0,36.5,1301.0,1
24.5,64.32,28.71,8.97,242,3388,20663,6.7,55.28,21.78,40.05,0,22.5,1920.4,0
25.95,81.32,5.59,23.12,205,1845,13831,4.68,53.88,26.06,113.62,0,91.8,1779.5,0
34.53,56.6,53.4,18.04,332,4316,26307,6.7,58.96,24.45,108.41,0,50.0,2070.2,0
65.31,51.6,9.74,9.27,224,3360,24624,16.69,64.01,37.91,40.55,0,83.8,2224.6,1
29.1,56.4,45.94,7.27,90,1800,12024,7.76,57.23,21.84,46.44,0,56.3,1439.2,1
23.38,14.95,3.04,32.97,324,3240,21652,8.78,47.3,18.98,167.68,0,83.5,1772.6,0
13.97,49.39,0.17,3.29,162,2592,13723,8.35,47.32,17.63,110.95,0,74.4,972.5,0
34.14,64.12,3.27,12.03,283,4245,25773,7.66,61.79,26.07,62.38,0,67.7,2016.3,0
17.09,50.5,1.55,6.25,78,1482,8750,8.89,51.21,19.17,29.01,0,48.5,1252.1,0
19.07,51.19,19.86,13.39,229,4809,24961,12.55,46.45,19.2,150.29,0,43.3,1186.9,1
47.48,50.38,4.61,13.22,318,3180,22759,7.38,63.29,25.7,0.24,0,27.6,2163.7,0
22.79,78.65,15.3,21.88,275,3850,22250,10.04,53.47,24.35,36.37,0,71.7,1958.3,0
73.36,58.96,16.57,25.19,95,2090,17759,13.23,73.39,52.44,48.85,0,83.6,2908.3,0
55.2,52.51,17.48,3.8,271,4065,27264,14.66,61.33,25.29,48.34,0,54.4,1531.2,0
17.67,91.2,26.81,7.73,96,2112,11560,2.73,51.91,20.38,12.2,0,25.1,1886.0,0
47.94,35.14,2.42,12.82,288,2304,19493,19.36,61.95,28.75,37.61,0,76.7,2307.2,0
21.84,44.59,0.78,23.46,134,1340,9859,2.84,50.66,20.84,90.68,0,65.3,1591.6,0
10.1,38.58,0.45,17.31,129,2193,13009,18.09,43.08,16.03,52.72,0,62.3,800.0,1
23.86,43.27,1.64,5.85,224,4256,23832,15.81,49.86,20.13,184.11,0,97.2,1603.7,1
47.7,73.51,7.15,13.85,286,4576,28103,12.0,65.46,30.19,32.8,0,69.4,1880.0,1
17.11,39.72,51.34,19.93,250,3500,19349,14.32,44.91,20.33,160.66,0,93.4,1512.9,0
22.17,55.24,6.54,7.13,295,2360,16692,4.24,49.05,21.38,64.32,0,98.8,1788.8,0
26.87,61.89,9.05,7.87,253,3036,20364,3.45,56.25,22.28,125.43,0,20.3,2142.7,0
37.67,65.15,25.26,8.69,173,3806,22931,7.25,59.09,24.67,99.68,0,33.2,1971.2,0
9.27,44.89,37.63,7.97,82,1558,8826,6.22,49.68,16.69,131.84,0,64.5,1273.9,0
45.9,63.19,53.34,10.69,200,4200,25797,9.43,63.49,32.87,100.99,0,91.6,2462.0,0
16.09,47.86,26.27,12.09,314,5652,29382,2.89,46.96,20.0,22.44,0,48.0,1765.5,0
52.62,54.93,10.47,12.09,343,7546,42213,10.19,64.26,35.83,25.13,0,95.9,2376.8,0
38.36,38.65,3.91,16.04,203,3451,21651,12.03,58.01,22.66,35.77,0,55.2,1836.7,1
51.93,35.11,13.68,9.94,72,720,9900,6.63,61.57,27.0,126.45,0,87.1,1746.2,0
17.97,60.07,3.29,6.52,211,1899,12212,5.52,48.47,19.23,65.24,0,45.6,864.3,0
21.51,90.59,0.86,6.92,155,3100,17938,12.05,56.03,24.06,9.95,0,90.1,1653.8,1
34.88,49.88,37.77,16.45,233,4893,27287,5.78,50.27,25.34,90.38,0,38.4,2139.8,0
44.85,54.36,9.95,7.71,85,680,9405,6.73,67.34,29.93,135.56,0,47.6,2497.6,0
25.59,64.05,10.65,15.37,138,1242,10049,9.58,56.62,25.55,154.89,0,86.1,1973.0,0
50.81,70.81,14.09,16.22,139,1112,13498,8.63,67.85,37.57,73.5,0,98.3,2562.8,0
13.0,71.57,9.01,22.78,60,780,5055,7.22,50.76,19.93,4.98,0,92.0,1632.5,0
22.74,63.0,8.82,7.02,87,1392,9234,9.07,50.43,21.25,97.94,0,59.7,1465.6,1
32.86,52.37,37.0,7.38,75,750,8303,7.41,61.23,24.24,231.74,0,47.6,2207.3,0
21.51,65.19,25.44,20.5,282,4794,26501,3.65,55.58,18.38,21.13,0,40.1,1449.6,0
4.98,60.87,3.59,4.02,169,2873,14042,11.47,45.73,18.1,78.24,0,58.1,1292.5,0
16.6,54.09,5.17,17.65,255,2040,14250,10.8,45.01,19.91,154.12,0,76.6,1250.1,1
18.22,68.69,16.21,22.96,102,2142,12420,5.97,55.35,21.02,0.6,0,83.0,914.5,0
27.3,61.41,12.7,4.08,83,1079,8853,11.92,50.79,26.11,13.16,0,98.1,1989.7,0
24.06,44.5,21.8,13.23,342,4446,26761,10.59,50.69,18.21,107.94,0,30.3,1759.2,0
26.38,39.02,19.51,9.04,222,1998,13495,11.39,50.37,21.24,82.47,0,71.8,1485.5,1
15.62,31.14,18.49,29.84,174,1914,11499,16.49,47.39,17.65,17.39,0,39.6,1679.1,0
36.05,40.87,31.83,33.92,349,7329,39511,4.89,51.37,24.39,55.75,0,69.0,1963.6,0
11.82,55.46,21.82,52.39,116,2320,12403,9.01,48.24,18.41,67.73,0,31.8,1778.3,0
39.19,70.37,4.17,29.78,144,3024,19750,8.82,66.66,27.71,19.07,0,30.7,2336.0,0
60.87,53.26,30.93,29.29,232,4408,29464,17.48,63.29,36.93,36.36,0,92.0,2276.1,1
47.93,59.43,6.13,59.78,328,5904,34653,7.95,65.75,27.12,30.93,0,25.7,2304.5,0
12.74,64.02,36.27,13.31,260,4680,24084,4.39,47.54,19.71,125.01,0,33.7,1207.8,1
27.38,36.76,26.08,17.79,258,5676,30553,12.5,53.21,21.82,64.96,0,94.6,1361.9,0
43.78,48.52,1.15,31.48,88,1672,13598,11.78,61.26,28.71,50.77,0,21.7,2512.4,0
26.32,37.55,22.13,11.55,210,2520,15667,5.22,50.98,24.18,320.04,0,49.2,2104.8,0
55.27,49.95,10.4,7.76,249,3237,23689,17.44,69.57,29.41,13.81,0,34.2,1994.6,1
25.53,58.98,56.66,8.46,141,1833,14013,21.5,50.68,22.78,12.61,0,69.3,1737.7,0
40.35,56.18,9.2,10.13,147,1323,12562,8.35,62.19,24.27,40.34,0,29.3,1998.9,1
21.02,42.65,1.04,11.9,249,5727,29069,4.09,50.79,21.54,15.98,0,89.5,1388.9,1
34.89,63.18,5.2,8.24,339,7119,37497,12.37,54.43,25.03,153.56,0,75.3,2211.5,0
21.06,58.94,8.44,4.44,312,3744,22013,8.62,51.66,19.48,53.07,0,41.0,1191.5,0
20.07,61.43,13.44,25.96,220,4840,24942,10.49,51.28,18.89,2.28,0,21.7,1541.3,1
46.51,57.33,2.47,48.35,325,3900,25969,9.35,62.12,34.26,82.69,0,90.8,2515.6,0
2.91,43.73,10.86,5.13,164,2788,13803,3.03,41.6,16.79,115.63,0,61.1,1332.9,0
5.86,36.8,9.91,5.86,186,3906,19669,4.83,44.22,18.44,21.81,0,88.8,1288.0,0
8.62,60.83,27.18,8.2,80,720,5337,4.14,44.94,19.97,52.28,0,93.7,1596.0,0
55.16,61.36,5.4,5.76,345,4830,31646,14.44,63.81,34.8,240.08,0,38.4,2617.9,0
13.38,56.15,8.95,9.38,159,2703,14326,3.96,44.34,20.56,14.89,0,66.4,1532.8,0
78.45,86.57,7.38,12.15,220,1980,20604,11.11,75.49,64.75,21.19,1,74.8,3428.9,0
6.68,48.12,15.0,16.66,239,1912,12066,10.78,43.79,17.98,193.72,0,44.7,1341.9,0
4.92,60.15,27.14,9.92,64,1216,6152,7.65,41.77,18.98,250.54,0,42.4,1632.6,0
17.53,56.68,16.89,29.74,123,1599,10213,13.0,52.75,20.79,34.2,0,80.8,1690.5,0
25.07,54.5,9.38,6.78,193,4246,22197,11.91,55.44,19.67,53.99,0,56.0,1460.1,1
36.16,39.03,15.23,8.62,224,1792,14390,6.05,56.57,27.02,55.86,0,93.6,1940.2,0
16.88,50.95,5.83,49.56,327,3597,21661,16.09,49.13,19.54,68.38,0,36.3,1355.3,1
55.68,69.45,2.33,14.12,328,3608,26377,6.45,66.84,38.66,52.93,0,70.2,2754.5,0
45.27,63.85,5.78,16.11,320,4160,26229,7.9,60.32,29.3,56.48,0,87.7,2103.4,0
20.73,67.79,8.8,7.43,153,2907,16261,7.42,53.57,19.58,4.88,0,49.1,1073.2,1
41.99,45.87,8.68,13.65,127,2794,17632,5.33,60.73,23.27,35.11,0,55.9,1790.4,1
21.81,68.88,20.07,12.65,223,2676,16258,6.15,55.18,22.06,23.77,0,90.9,1589.3,0
16.78,38.58,41.31,13.01,185,2035,11834,4.39,51.51,20.41,97.08,0,67.4,1412.1,0
40.65,52.06,7.39,15.05,172,2236,15826,14.82,54.06,29.75,174.85,0,79.6,2432.1,0
19.74,39.72,1.36,26.49,284,4828,25479,4.84,49.57,18.28,45.34,0,62.5,1485.8,1
36.67,81.61,0.51,5.72,260,3120,20894,16.05,56.9,24.91,14.41,0,31.5,1708.2,1
25.02,57.42,0.1,17.37,139,1946,12989,2.79,48.97,21.03,22.62,0,68.6,1387.4,0
45.79,69.2,41.73,14.17,120,1440,13005,7.94,63.15,25.81,11.31,0,47.8,1865.7,1
32.92,61.03,81.51,18.48,97,1552,12029,4.13,62.25,25.64,93.3,0,90.0,1748.6,1
39.25,63.0,0.79,21.83,300,3000,21636,5.68,60.71,22.5,8.52,0,31.5,1705.3,1
24.39,39.33,6.65,10.74,123,2706,15818,6.62,51.6,20.76,20.53,0,23.5,1509.0,1
50.55,54.04,16.6,10.76,169,3549,22938,13.38,66.8,31.68,71.22,0,82.4,2402.7,0
15.99,38.78,2.96,17.91,109,2180,11582,7.43,48.73,17.4,41.93,0,23.4,1348.7,0
40.46,47.99,13.54,7.49,321,2889,21574,12.49,59.69,21.61,68.73,0,35.8,1528.7,1
7.24,55.36,25.2,11.12,240,5280,25940,6.57,43.28,19.35,190.91,0,92.2,883.9,1
35.52,40.93,29.29,13.0,139,2780,17535,18.29,53.91,18.66,87.35,0,67.3,847.7,1
35.95,35.5,18.38,22.79,211,1688,14705,17.45,57.02,23.52,5.09,0,37.6,1737.8,0
59.87,36.63,1.28,13.18,211,2532,20080,19.68,63.99,35.33,53.87,0,27.7,2613.5,0
39.54,64.24,6.42,13.65,69,1242,10804,6.15,57.25,26.92,64.9,0,91.6,1834.7,1
11.69,49.99,51.33,10.65,136,2992,15352,9.57,46.18,19.43,2.17,0,37.6,1421.7,0
27.77,35.38,3.21,14.58,197,3743,22052,7.13,56.0,22.53,4.15,0,95.6,1973.6,0
17.65,53.78,9.08,13.58,117,2340,13053,3.41,43.9,18.61,4.37,0,20.3,1388.5,0
15.14,65.35,6.1,8.25,320,4800,25676,5.26,47.41,20.49,73.15,0,65.5,1708.6,0
24.89,52.79,3.45,17.75,236,3776,21723,18.75,52.93,20.32,75.03,0,72.3,1764.5,0
1.56,33.13,5.86,5.5,187,1870,10944,1.73,39.4,14.19,81.6,0,22.4,1354.7,0
60.24,51.75,3.15,12.92,206,2884,21172,15.66,68.21,34.69,32.38,0,93.3,2356.1,1
32.83,42.28,31.46,35.48,140,3220,19230,14.91,57.25,24.28,10.59,0,89.6,2014.1,0
11.96,58.04,2.88,5.12,155,1705,9976,5.97,44.27,18.91,54.26,0,98.3,1041.0,0
17.71,48.71,14.65,6.79,175,4025,20939,5.98,46.07,20.74,2.31,0,54.4,1360.4,1
25.75,57.46,42.79,25.03,182,2548,15256,13.28,52.23,18.39,55.11,0,26.6,1178.4,0
14.82,28.32,45.75,19.86,60,720,5317,8.95,48.76,17.05,46.71,0,22.5,1470.7,0
16.63,55.25,13.76,6.74,262,3406,19771,6.62,50.38,20.96,34.42,0,55.1,1499.4,0
28.04,50.15,4.74,5.94,209,4807,25481,5.46,49.16,21.66,33.44,0,86.3,1393.6,1
51.75,40.82,4.27,3.18,167,2505,19280,14.6,59.5,32.68,54.92,0,61.9,2483.8,0
46.98,55.04,20.64,4.15,338,5746,33986,16.44,58.03,31.76,4.3,0,84.7,2191.0,1
40.32,49.42,59.22,10.69,269,5380,30209,7.35,54.5,25.05,38.6,0,50.6,1865.1,1
11.62,53.05,1.21,24.76,86,1462,9092,19.9,44.64,18.73,31.9,0,60.0,1177.8,1
17.89,39.26,23.37,23.02,333,5328,28861,11.15,44.63,21.68,26.53,0,79.4,1336.9,1
37.1,56.29,1.97,19.57,241,3615,22973,9.26,56.73,21.03,188.77,0,53.1,1211.7,1
15.87,26.27,5.31,5.2,204,2652,15977,12.22,49.36,22.09,0.54,0,90.6,1366.3,0
32.51,51.03,12.54,28.08,217,4123,23105,6.94,57.01,26.53,29.89,0,86.6,2335.8,0
4.06,53.37,5.29,17.79,112,1344,7647,6.04,41.5,16.45,64.03,0,32.8,1068.6,1
34.36,79.05,15.76,5.05,140,3080,18784,10.95,57.59,23.98,188.06,0,70.2,1774.8,1
61.45,49.77,8.1,5.8,153,1683,17005,13.38,69.41,27.25,7.07,0,58.5,1603.5,0
50.79,77.62,3.71,19.8,217,4557,27061,16.26,63.32,29.07,86.75,0,58.8,1995.8,1
50.07,70.74,11.36,20.58,85,765,10997,10.95,63.25,32.18,152.01,0,32.8,2304.7,0
39.71,51.85,0.36,9.61,80,1200,10939,6.24,61.73,25.92,12.42,0,53.4,2071.3,0
31.44,53.9,20.27,9.05,323,3230,21163,4.4,55.7,23.67,80.53,0,60.5,1940.0,0
60.04,37.48,11.08,16.31,216,4968,30063,19.18,62.26,26.05,17.34,0,70.6,1761.2,1
16.82,44.86,43.98,13.57,219,2847,17677,10.67,51.54,19.93,11.58,0,82.5,1563.3,0
39.16,57.17,1.63,17.57,304,2432,18460,9.96,59.68,25.4,200.17,0,57.0,1907.2,1
44.49,48.9,19.77,5.16,127,1524,13208,8.26,58.39,19.23,7.66,0,58.5,1093.7,1
16.6,66.98,5.37,12.07,198,1980,12658,8.66,52.05,20.25,128.05,0,28.3,1879.5,0
25.97,63.56,7.01,15.1,151,3171,18312,10.92,52.56,21.45,2.46,0,79.4,1366.3,1
25.95,58.14,6.43,13.7,224,1792,13338,8.93,56.58,17.74,81.25,0,42.8,981.3,0
47.8,63.97,6.65,12.44,195,2730,20029,7.72,63.26,30.75,119.3,0,22.9,2397.3,0
25.25,60.11,8.45,7.8,189,2835,17935,4.98,52.52,20.93,66.95,0,75.3,1483.5,1
19.87,54.8,0.32,14.9,65,1105,6607,9.28,47.19,22.46,165.53,0,98.2,1355.5,1
47.67,43.4,28.14,4.22,219,3504,22197,10.17,60.19,29.07,87.99,0,36.9,2350.8,0
61.48,82.18,32.03,14.02,148,1628,16778,12.84,69.34,44.6,10.04,0,84.1,2695.2,0
56.67,64.32,0.61,29.43,119,1071,12905,11.19,67.23,33.86,23.07,0,95.6,2239.2,0
7.59,59.94,22.44,13.85,227,4767,24127,7.11,46.4,17.44,73.55,0,41.7,1280.2,0
43.65,42.94,1.13,7.02,125,1875,14903,11.43,56.41,29.96,49.23,0,78.7,2519.1,0
7.82,90.85,24.74,10.01,209,3344,17370,6.12,47.05,19.03,78.1,0,20.3,1439.4,0
49.38,44.04,14.24,7.45,96,1056,10736,10.99,65.28,28.31,82.88,0,21.8,2339.3,0
55.47,55.44,5.49,13.75,92,1196,12092,14.5,67.16,23.87,80.9,0,43.7,1299.0,0
28.16,56.01,14.27,12.36,335,6365,34377,14.78,53.65,21.62,24.05,0,33.5,1935.0,0
10.75,34.56,10.6,6.95,199,2388,14445,14.24,45.93,17.35,12.16,0,80.0,1245.0,1
44.08,61.54,15.15,23.28,108,2160,15584,6.3,61.16,25.48,36.38,0,47.5,1835.1,1
7.19,59.98,9.68,10.09,221,3536,17577,11.09,42.28,16.56,56.37,0,36.2,1084.6,1
8.89,38.86,22.23,15.79,119,2261,12760,7.42,43.4,15.35,62.86,0,30.3,1684.7,0
51.3,65.9,0.69,30.99,125,2250,18058,17.1,69.79,33.11,48.05,0,50.8,2295.4,0
10.52,40.39,6.33,5.83,343,3773,22093,10.58,40.78,20.36,0.4,0,66.7,804.9,0
65.03,50.11,12.29,31.21,243,3402,25378,10.24,68.72,39.62,103.09,0,57.4,2509.1,1
50.68,43.24,13.31,8.44,70,630,9950,6.5,63.12,33.56,34.53,0,73.8,2573.4,0
20.01,64.05,2.79,27.02,230,1840,12202,4.2,53.82,22.85,6.91,0,71.8,1533.8,0
7.38,62.46,1.16,24.96,311,2488,16342,6.04,45.4,17.12,1.17,0,28.7,1435.0,0
11.58,38.0,0.32,8.37,235,2820,17134,4.33,50.18,17.97,93.87,0,34.1,1605.9,0
48.25,46.03,7.99,11.39,245,3430,23865,6.3,61.81,31.08,154.72,0,42.5,2667.6,0
74.59,46.25,6.02,3.95,244,4636,30376,10.06,75.08,50.67,126.32,0,43.2,3024.8,0
18.56,64.69,12.58,9.93,201,2412,15492,15.07,53.28,18.57,8.79,0,46.2,994.8,0
55.99,44.28,8.95,6.72,241,5061,30416,7.59,68.65,37.87,120.17,0,97.0,2553.0,0
35.11,53.12,7.51,7.82,189,2079,15346,8.72,56.64,20.65,48.46,0,71.1,1037.0,1
30.16,51.48,27.8,12.66,101,2121,12881,11.48,53.68,25.72,146.93,0,87.5,1777.0,0
35.73,50.07,14.57,15.73,307,4912,27633,10.22,63.18,24.42,81.84,0,62.6,1953.3,0
34.54,80.81,15.58,8.34,194,1746,13126,14.71,58.99,27.78,11.56,0,93.2,1893.8,1
11.98,44.84,7.21,12.44,303,2727,16712,12.19,43.58,17.03,9.92,0,35.2,1767.5,0
37.67,51.58,22.5,9.1,161,2737,16900,10.73,57.41,23.85,2.86,0,49.6,1927.6,0
42.46,60.44,2.47,15.95,196,1568,13858,11.97,60.88,23.52,71.96,0,33.6,1378.3,0
13.8,48.63,7.71,10.59,92,1104,7403,3.53,50.06,16.23,9.95,0,67.8,850.3,1
54.52,46.18,0.72,6.31,309,7107,39526,9.85,63.31,33.95,151.68,0,24.5,2630.4,0
27.32,60.09,1.84,7.91,250,4750,25923,6.88,59.53,22.9,112.67,0,55.7,1879.6,0
5.26,66.75,1.28,10.35,196,2352,12823,6.04,43.2,16.59,69.18,0,44.4,1069.1,1
11.71,74.54,8.74,17.84,199,1592,10605,3.9,52.57,21.19,180.74,0,88.9,1502.5,0
10.66,52.03,17.93,30.23,117,1521,8796,6.13,47.15,19.8,313.83,0,42.0,900.7,0
19.21,43.45,5.62,8.3,198,2376,14700,3.74,47.66,18.58,44.93,0,84.4,850.3,0
46.55,43.34,0.4,4.25,203,2842,20182,7.36,63.48,28.52,50.11,0,27.9,2410.3,0
40.5,76.04,18.42,25.84,125,2250,15079,6.53,58.77,29.32,16.51,0,73.7,2270.8,0
6.55,59.88,3.49,17.09,170,3740,18852,4.83,50.41,17.15,197.13,0,36.1,1344.6,0
10.0,42.71,19.24,14.5,225,4275,21411,10.62,46.74,18.38,61.0,0,93.5,1139.6,0
72.66,44.81,0.11,5.5,230,1840,18773,11.14,77.68,45.82,48.42,0,58.0,2674.5,1
3.66,38.34,5.62,11.64,169,1690,9874,2.18,43.51,15.52,27.37,0,37.4,1587.1,0
31.69,53.81,14.56,18.59,254,5080,28555,12.1,46.34,21.61,30.33,0,31.8,1441.9,1
3.58,62.24,30.74,5.22,132,3036,13704,13.92,42.95,16.68,91.67,0,50.7,800.0,1
10.79,78.19,21.04,21.13,246,4182,20802,2.72,51.13,19.18,7.35,0,55.5,1482.8,0
58.6,71.27,8.96,15.62,287,5740,34987,20.96,62.48,35.77,174.69,0,94.2,2195.5,1
29.03,55.55,19.02,25.42,180,2880,17023,25.13,54.13,21.99,0.98,0,71.1,1551.7,1
4.45,44.62,11.57,19.66,211,2743,13969,4.69,41.71,18.65,4.25,0,98.7,1251.5,0
14.3,61.88,25.18,3.23,252,2268,14845,8.29,45.22,15.9,115.01,0,33.3,1175.8,1
9.29,28.45,22.18,6.68,122,2440,11915,11.19,37.91,15.95,7.56,0,68.9,1591.0,0
48.88,43.18,55.85,18.33,86,1376,12893,11.09,67.44,29.83,1.16,0,60.4,2122.8,1
18.91,64.53,1.66,5.85,97,970,7812,13.33,49.21,21.89,27.07,0,86.8,1646.2,0
27.46,68.14,6.25,7.64,106,1060,8243,6.13,59.3,22.19,13.75,0,28.7,1523.4,1
28.25,74.63,3.2,11.05,299,2691,17490,4.17,54.54,25.94,30.13,0,62.5,2111.0,0
52.54,53.3,14.94,9.02,278,3336,23172,19.32,64.49,34.22,63.32,0,31.6,2577.2,0
44.03,74.44,16.36,3.67,80,800,10394,5.35,63.3,26.42,31.03,0,30.9,2318.8,0
56.96,49.24,3.42,15.9,138,1794,15783,9.37,66.89,30.71,96.38,0,96.6,1664.8,0
12.24,48.05,8.21,10.65,184,2208,12578,8.17,49.1,14.12,82.49,0,35.1,962.6,0
7.51,59.61,13.83,14.09,340,6120,29917,17.81,44.87,17.02,53.36,0,39.0,953.2,1
23.74,72.14,16.14,10.79,255,4080,23234,5.98,52.75,23.19,59.49,0,78.0,1717.0,0
63.47,69.09,1.62,3.11,145,2465,19692,15.56,67.1,31.01,14.92,0,32.6,1760.5,1
47.35,70.5,38.09,8.26,181,3077,20371,7.49,64.42,28.37,9.05,0,91.6,1725.3,0
38.6,62.9,0.52,7.02,230,4830,26573,9.14,62.41,25.62,99.9,0,30.2,2133.3,0
30.23,69.39,54.15,12.4,238,4522,25454,4.26,63.92,21.73,75.01,0,44.1,1695.9,0
13.79,55.42,5.7,18.13,148,1480,9347,12.11,49.22,16.48,48.46,0,41.4,1112.5,0
35.69,59.74,5.7,9.62,83,830,8933,6.54,61.38,24.13,23.58,0,23.5,2149.0,0
2.47,96.81,8.86,17.77,68,748,3480,1.21,40.78,18.91,3.44,0,53.3,1088.0,0
48.66,68.18,17.81,27.78,337,4044,27784,9.93,59.41,26.18,31.49,0,61.8,1239.7,1
38.76,55.3,2.61,17.32,342,5814,32830,8.56,60.76,29.43,130.75,0,90.8,1980.8,1
22.03,67.05,4.42,37.45,201,3015,17979,12.36,49.41,22.92,40.55,0,50.0,1944.1,0
35.81,39.17,48.88,6.01,299,2691,19910,18.86,63.59,19.17,42.78,0,36.0,1351.5,0
17.2,50.18,31.41,23.12,152,2584,13579,14.77,49.63,19.85,80.13,0,67.2,1542.2,0
17.88,51.96,3.58,9.14,79,632,5216,5.24,47.68,21.94,3.58,0,89.6,1633.4,0
43.13,44.24,12.76,14.72,232,3248,21671,8.23,64.73,27.63,171.76,0,97.5,2132.5,0
43.07,81.55,3.41,4.91,226,3390,20798,5.97,65.43,26.15,16.08,0,60.9,1885.6,0
9.78,62.11,11.98,38.37,300,3600,19306,1.42,45.1,20.58,9.74,0,96.3,1280.8,0
20.06,63.78,6.83,7.91,217,3255,19200,5.38,49.06,22.22,41.1,0,54.1,1984.6,0
26.15,53.44,6.75,20.2,161,3381,19301,12.09,55.6,20.36,82.35,0,23.3,1851.6,0
39.25,37.71,15.12,35.97,132,1980,14737,8.06,61.2,23.07,2.08,0,64.9,1963.6,0
18.62,54.05,4.35,11.89,82,902,7637,5.95,51.66,19.64,113.56,0,89.5,1634.5,0
39.5,48.66,7.77,26.01,347,5899,34222,6.84,54.89,23.59,144.27,0,20.9,2215.9,0
60.85,39.76,38.91,5.77,225,4050,27514,24.32,68.27,35.13,4.97,0,96.8,2203.6,1
10.28,66.39,21.12,20.79,121,1210,7807,6.09,45.99,19.41,66.23,0,99.2,1306.9,1
40.41,51.01,7.25,13.32,102,2040,13633,12.25,56.51,27.18,27.99,0,46.7,2082.2,0
10.34,28.3,3.93,10.69,144,2304,12086,12.82,43.4,16.01,51.92,0,33.8,1299.2,1
39.82,55.01,16.14,8.34,113,2486,16171,9.14,62.3,30.69,15.75,0,93.5,2383.4,0
15.31,55.29,24.73,5.17,100,1100,8049,4.99,53.53,20.06,141.27,0,75.2,1219.6,1
40.93,66.31,29.57,13.23,111,1443,11446,14.53,55.39,29.35,73.02,0,94.2,2189.0,0
17.25,56.8,12.46,9.5,242,2178,14700,9.71,50.32,20.16,1.52,0,58.6,1720.5,0
15.77,45.81,10.91,17.77,274,3836,21327,6.57,44.71,19.54,69.96,0,81.5,1146.4,1
28.91,62.47,19.08,14.53,127,2413,14875,4.17,56.83,21.27,138.72,0,36.9,1896.7,0
14.57,45.27,2.9,14.83,108,1512,10895,4.89,45.74,18.26,10.94,0,51.2,1338.3,1
7.58,65.58,28.67,17.72,82,1066,5856,4.55,49.75,18.88,5.86,0,80.0,973.5,0
9.63,72.34,1.15,6.48,348,6612,33196,10.16,48.66,17.33,79.66,0,27.2,988.3,0
8.95,17.8,13.86,4.98,135,2835,14090,2.64,42.76,14.11,11.09,0,26.7,1261.5,1
49.31,43.76,13.36,6.87,287,6027,34764,11.19,62.18,33.17,232.26,0,92.6,2358.3,0
29.69,61.97,5.58,10.14,312,5616,29787,7.05,55.42,22.54,96.44,0,39.3,2187.4,0
51.87,56.39,0.54,6.87,118,944,11548,13.46,61.15,30.57,3.07,0,28.4,2447.0,0
15.11,74.46,18.98,5.77,111,999,7357,5.11,47.68,21.12,149.26,0,87.2,1793.9,0
17.5,73.76,0.37,4.88,152,1520,10817,10.17,53.3,21.29,65.07,0,82.8,1532.4,0
58.02,68.89,2.97,11.02,265,2650,21263,11.97,69.93,40.32,5.49,0,97.5,2567.4,0
10.47,29.7,11.79,10.47,66,858,5985,4.11,42.56,17.5,26.23,0,72.7,1145.4,0
25.7,52.55,42.2,12.05,102,1836,10956,17.54,56.56,18.21,47.47,0,30.2,1580.4,0
43.45,64.61,1.02,19.5,107,1605,13246,7.63,61.63,28.04,4.71,0,41.5,2123.7,0
49.12,54.6,12.97,12.19,177,1770,15470,6.3,63.31,22.87,276.5,0,60.3,1505.1,0
11.61,53.11,5.98,16.76,309,3399,19918,3.75,48.34,19.26,148.76,0,62.1,1206.9,1
35.69,73.56,16.6,17.65,335,7705,40934,8.49,61.57,24.15,2.96,0,26.2,2055.5,0
13.88,60.37,45.84,5.84,298,4768,25090,12.23,47.08,21.04,32.25,0,20.5,1405.8,0
71.91,51.21,4.69,41.08,96,1824,17523,10.02,71.64,54.99,5.76,0,80.7,3147.4,0
15.31,37.22,46.83,7.33,228,3420,18400,7.69,46.52,17.2,94.28,0,55.5,800.0,0
25.89,80.81,30.68,11.4,291,4365,24333,8.7,50.19,20.87,50.48,0,52.4,1209.5,0
14.87,59.54,14.01,8.5,220,1760,12299,18.5,49.4,18.51,24.75,0,80.1,1358.7,1
47.95,48.0,21.3,11.32,325,5200,31630,13.46,61.95,33.57,44.0,0,55.7,2544.3,0
47.98,68.97,30.02,25.96,326,4564,28273,19.62,67.84,30.36,1.04,0,25.8,2530.0,0
41.71,30.95,24.4,23.88,270,6210,33610,7.81,58.52,26.36,111.61,0,70.3,2059.2,0
12.33,81.28,5.93,9.22,238,4998,24863,4.07,52.62,19.87,69.7,0,81.1,801.4,1
42.36,64.17,25.12,5.21,312,5304,31080,12.78,56.79,25.34,20.52,0,29.9,2165.3,0
8.72,87.91,5.64,37.95,286,6578,32105,4.9,51.96,21.7,162.17,0,86.4,1072.1,1
6.1,64.5,30.27,28.98,202,2222,12311,3.49,44.95,18.35,21.23,0,67.2,1231.6,0
27.43,58.58,4.42,3.12,64,1280,8920,7.19,54.01,20.94,82.58,0,23.1,1845.7,0
36.21,45.93,12.74,13.62,120,1560,12587,14.6,51.64,23.24,15.75,0,42.1,2225.5,0
58.01,48.43,17.71,5.21,200,4400,26918,8.84,69.35,29.54,86.1,0,26.3,1948.0,0
4.21,36.39,8.32,10.85,338,2704,16529,7.29,42.62,16.62,34.25,0,69.6,1247.7,0
9.19,84.66,22.92,13.53,331,6620,32292,8.78,47.53,20.08,111.35,0,58.5,1577.7,0
17.8,56.99,38.93,16.91,307,5526,30794,4.69,50.76,19.16,115.06,0,67.2,1048.8,0
19.76,68.05,3.09,4.32,155,3410,18201,9.29,52.53,21.27,107.28,0,77.3,1865.7,0
56.48,70.44,0.51,31.48,104,1560,14517,15.99,69.6,27.57,4.2,0,80.6,1265.5,1
28.84,51.64,14.77,6.69,190,4370,23727,7.17,55.53,24.89,1.48,0,86.6,1975.9,0
32.37,42.97,13.83,8.85,165,2640,17656,10.15,56.84,24.29,16.55,0,53.9,1994.9,0
48.88,44.25,6.26,13.48,323,7429,40818,9.27,59.43,32.1,68.75,0,93.7,2323.9,0
44.14,31.79,23.09,8.74,60,960,10225,14.16,58.92,26.56,102.07,0,71.4,1803.6,0
31.44,38.22,26.24,16.35,131,2751,16991,3.42,55.86,22.45,148.49,0,27.9,1989.7,0
37.13,63.03,6.05,15.33,89,1691,11777,7.23,58.25,22.34,166.63,0,69.7,1651.4,0
37.94,70.35,17.2,16.73,167,2672,17854,9.37,62.67,29.0,47.18,0,90.5,2156.3,0
1.0,55.08,15.41,14.57,144,3168,15277,11.13,41.56,14.55,29.41,0,42.8,1317.8,0
32.7,68.85,6.29,5.27,143,2860,17414,7.71,60.82,24.02,72.89,0,56.7,1974.2,0
37.18,69.21,52.18,16.12,87,696,9059,18.34,59.11,24.13,79.09,0,41.4,1825.6,0
47.22,50.29,6.38,28.79,148,2516,18091,7.76,67.73,33.81,54.48,0,82.0,2530.2,0
43.4,71.31,14.52,8.35,156,2652,18562,7.11,61.9,31.81,9.51,0,98.9,2177.4,1
16.46,52.56,7.17,11.77,242,4598,24173,3.4,52.08,19.32,13.94,0,70.6,1848.3,0
16.96,48.57,0.18,22.04,74,1258,8851,13.37,45.44,17.39,119.31,0,72.9,800.0,1
6.79,56.29,1.44,21.86,156,2496,13423,12.14,46.86,17.21,24.31,0,32.6,836.1,0
9.65,33.86,3.97,7.9,254,5588,26436,9.03,43.35,17.56,188.35,0,46.8,1677.3,0
37.27,54.45,25.08,7.23,203,4466,25831,15.21,56.16,25.92,105.33,0,51.9,2121.3,0
21.88,20.37,8.75,12.24,149,2533,15599,9.98,49.41,16.57,88.01,0,55.3,986.9,0
44.26,65.13,13.32,14.72,155,2015,15494,9.21,58.79,32.42,27.45,0,82.1,2439.6,0
10.22,35.59,43.2,19.52,131,2358,12609,5.27,51.63,17.55,43.13,0,84.9,1651.3,0
6.11,54.9,2.39,3.48,102,1938,10388,8.81,45.23,19.1,105.02,0,74.3,1460.3,0
52.29,77.27,29.69,10.57,322,4186,27918,12.41,64.12,39.92,6.05,0,67.3,2555.3,0
20.74,56.07,7.15,12.52,194,1552,11701,7.13,50.73,22.75,60.69,0,86.3,1479.4,0
21.29,26.6,6.18,4.5,245,2205,16241,15.74,49.96,18.8,41.92,0,53.9,1319.8,1
2.22,56.94,14.73,13.78,178,3204,15748,1.5,44.4,20.45,6.01,0,66.7,1274.1,0
31.59,51.17,34.34,7.86,279,4743,26934,8.6,52.94,19.97,6.63,0,60.1,1628.3,1
22.27,68.98,6.43,22.26,293,4395,24556,10.14,50.45,22.28,387.49,0,73.3,1814.7,0
9.99,53.3,21.5,9.97,86,774,5677,7.03,50.78,19.83,22.73,0,72.2,800.0,1
32.84,71.73,0.29,11.48,207,3519,20813,6.46,58.39,18.21,191.98,0,38.9,1200.5,0
44.76,61.53,14.64,5.71,169,2704,19136,10.8,63.71,29.8,120.16,0,22.6,2174.2,0
17.17,68.12,14.94,26.16,218,2398,14021,7.47,47.91,19.95,67.24,0,65.2,1641.4,0
39.91,53.6,12.18,21.41,61,1098,10300,12.51,56.0,21.63,49.37,0,98.4,1011.0,1
39.26,74.25,41.67,12.57,272,2992,21076,5.36,60.92,22.74,9.48,0,28.2,1210.7,1
3.6,47.33,41.85,10.48,248,5208,24791,13.96,41.67,18.15,73.57,0,52.3,1216.0,1
8.75,27.51,6.28,20.77,300,5700,27840,13.12,41.26,17.18,72.86,0,48.8,1372.4,0
13.26,38.57,9.14,18.48,256,5888,29326,6.56,48.02,15.7,1.58,0,44.9,822.9,1
14.83,56.81,23.58,7.77,223,2676,16679,8.56,47.6,18.99,99.85,0,79.2,1106.1,0
24.97,59.06,27.86,7.48,174,2436,13850,15.78,48.87,23.74,0.7,0,97.6,1659.5,0
45.18,57.33,8.12,7.14,82,1476,13009,8.34,59.18,31.03,7.71,0,78.6,2203.7,0
25.59,73.28,6.44,11.62,98,784,8254,17.98,56.78,21.02,84.47,0,44.1,1502.8,1
32.48,57.84,25.77,9.7,132,2112,13799,8.92,53.8,21.55,0.63,0,23.8,2042.3,0
39.16,59.94,7.09,24.63,143,3146,20194,5.92,60.1,30.76,83.46,0,67.9,2404.9,0
27.76,69.7,7.79,23.41,224,2912,18346,4.33,55.18,22.86,6.57,0,32.4,1799.5,0
15.96,29.85,2.18,11.32,168,3360,17086,8.74,42.0,16.46,55.8,0,73.8,1451.8,0
12.19,65.84,11.74,17.88,168,2016,12246,5.35,51.33,22.65,22.72,0,97.2,1430.5,0
18.86,74.74,5.93,22.07,253,5060,26426,12.32,55.04,23.06,93.17,0,82.8,881.6,1
46.09,65.76,13.4,48.54,118,1416,12629,12.8,58.85,29.75,2.06,0,70.0,2384.3,0
17.04,59.73,8.92,19.47,256,2048,14822,16.7,50.46,21.85,2.69,0,99.4,1330.9,1
5.12,67.04,20.68,17.74,329,2632,15939,5.09,42.21,17.8,281.89,0,41.7,1216.7,1
33.63,22.81,4.88,2.93,142,1988,14375,8.69,54.77,21.36,202.77,0,71.7,1672.5,1
5.15,53.06,2.83,23.65,197,1773,10438,3.69,45.57,15.31,97.55,0,45.9,1194.0,0
19.54,35.53,18.21,13.09,307,6447,32473,11.72,51.34,16.51,61.77,0,21.9,800.0,1
14.87,60.75,7.27,7.98,236,4484,22699,16.97,45.88,19.86,51.86,0,59.2,1371.8,0
26.72,39.94,12.44,7.61,240,2640,18209,8.26,49.21,20.34,122.46,0,87.1,1148.5,0
11.69,67.75,42.47,15.28,112,1680,10049,11.89,48.59,18.09,46.6,0,50.6,1156.0,1
23.73,48.76,9.93,5.32,155,2015,12895,11.29,51.3,19.56,32.96,0,45.6,1774.8,0
27.44,35.69,2.48,6.5,148,2812,16827,7.7,50.76,22.9,30.57,0,79.4,1868.3,0
3.33,40.83,8.35,19.47,233,2563,14716,9.86,45.51,17.6,143.21,0,43.1,1434.1,0
8.28,35.3,9.77,23.11,124,1736,9747,6.57,42.99,18.89,74.45,0,76.5,1447.7,0
41.42,54.47,21.79,29.5,158,3476,21513,7.09,58.78,21.32,108.72,0,99.2,1090.7,1
28.19,64.25,3.26,6.3,180,2520,15805,4.73,59.85,22.41,12.12,0,38.2,1910.1,0
35.99,45.33,6.39,7.87,117,936,9812,12.42,57.88,25.54,27.95,0,96.1,1825.8,0
22.34,33.12,0.77,13.58,226,1808,12398,7.32,47.04,21.45,62.94,0,93.9,1659.6,0
69.5,54.79,18.16,22.07,116,1392,15600,12.78,67.79,45.83,8.46,0,41.6,2932.4,0
14.15,54.46,20.43,15.82,156,2184,12427,2.94,50.61,19.52,5.8,0,59.3,1921.4,0
72.45,47.52,9.16,13.81,238,3094,25287,12.33,71.8,29.92,11.68,0,33.3,1621.1,1
9.12,43.23,11.59,8.59,146,1168,7624,10.1,45.83,16.52,73.25,0,57.4,1091.4,0
39.44,74.2,20.78,6.12,185,2590,17433,14.6,64.07,26.1,328.93,0,65.0,2071.2,0
39.0,46.11,4.69,4.95,316,2528,19933,8.39,57.5,27.98,136.67,0,68.3,2185.5,0
31.84,33.38,14.01,9.77,279,5859,31053,11.47,53.21,21.82,85.17,0,86.3,1689.3,1
33.25,53.68,49.83,7.98,289,2601,18751,11.04,55.8,25.47,33.41,0,74.7,1929.3,0
8.17,62.91,16.09,8.53,296,6808,32579,1.73,42.62,18.62,11.26,0,65.5,1064.3,0
33.5,61.91,1.22,13.19,326,5868,32280,10.22,59.27,25.8,75.66,0,69.9,2124.4,0
12.2,31.01,5.14,16.16,130,2600,13319,7.18,43.97,14.83,47.67,0,41.2,1387.8,0
17.77,73.27,10.98,8.58,150,3450,18698,7.27,47.51,19.71,144.34,0,55.8,1237.8,1
24.55,58.16,1.13,14.78,166,3320,18365,19.89,55.22,20.44,107.37,0,79.7,1349.8,1
34.71,63.56,16.93,16.73,246,4182,24810,14.56,57.92,21.04,53.82,0,71.7,1609.3,0
13.0,94.77,15.93,8.91,71,1278,7926,2.79,53.99,22.91,51.65,0,82.3,1626.9,0
4.08,66.38,31.35,8.64,150,2100,11463,9.92,41.51,19.08,1.82,0,74.4,1088.7,1
37.02,63.58,10.4,12.82,239,1912,15425,16.06,61.67,27.85,4.66,0,72.0,1900.5,1
54.08,51.61,17.67,6.75,124,2480,18033,12.14,66.97,27.88,14.63,0,22.9,2031.5,1
49.56,54.92,3.01,58.84,113,2034,16064,15.91,62.26,31.05,70.33,0,43.7,2433.9,0
33.54,36.94,0.1,14.58,160,3360,19537,15.25,55.08,21.79,38.29,0,30.4,1950.1,1
43.81,56.27,2.84,6.24,253,4807,28034,9.94,61.03,26.7,156.54,0,23.3,2088.0,0
39.48,79.39,0.96,15.9,305,3660,23730,11.41,63.26,28.71,259.2,0,96.6,2075.2,0
41.01,61.4,8.37,9.22,98,2156,14960,12.62,61.1,28.55,98.93,0,77.0,2200.3,0
45.81,88.45,9.48,21.55,64,1408,11912,7.01,62.63,33.9,73.4,0,79.5,2353.5,0
13.68,62.95,15.51,14.62,67,670,5260,6.76,49.37,20.8,46.0,0,51.6,1657.4,0
28.1,59.2,2.28,15.76,121,1331,10006,5.97,55.23,21.57,17.13,0,51.1,1856.2,0
72.29,52.93,3.63,2.4,110,2420,20020,9.46,69.18,46.84,170.05,0,23.2,2895.8,0
25.55,84.57,24.02,14.4,93,1767,11967,13.9,55.59,19.67,14.33,0,24.1,1402.5,0
30.56,48.03,12.89,31.26,100,2200,13589,7.71,57.78,18.38,164.95,0,31.5,1313.8,0
20.22,44.09,0.45,31.09,335,7035,35844,5.91,51.78,20.87,151.81,0,96.2,1552.3,0
52.84,41.77,28.3,43.13,141,2115,17911,9.07,68.57,28.29,8.8,0,43.2,1975.0,1
17.37,88.93,14.91,28.25,162,2592,14274,9.66,52.64,16.63,48.44,0,20.7,800.0,1
30.33,57.21,3.1,11.89,214,2782,17914,5.77,54.0,21.86,60.79,0,93.5,1142.4,0
3.67,56.26,4.36,21.39,132,2376,12012,7.61,42.5,19.05,44.22,0,78.0,1474.2,0
9.5,62.81,12.1,11.93,143,2860,14615,5.98,44.39,18.12,6.82,0,65.3,800.0,0
77.37,51.23,12.34,17.43,258,5934,36291,11.36,73.77,37.14,41.46,0,35.6,2180.4,0
41.08,43.54,24.54,21.64,75,1500,12089,11.36,58.15,28.67,52.2,0,71.7,2179.2,0
19.7,42.82,6.66,12.84,137,2466,13950,7.17,52.42,17.85,6.69,0,41.5,1563.5,1
14.68,42.32,11.95,21.4,260,2340,15301,11.59,40.24,19.22,63.68,0,73.6,1396.7,0
32.75,24.97,13.1,8.77,322,2898,21377,12.98,50.35,20.73,62.29,0,76.4,1102.8,0
45.59,55.88,12.27,18.36,208,3328,21977,13.11,63.6,25.57,117.69,0,42.2,1854.6,1
5.1,31.62,1.14,13.84,104,1664,9627,6.8,44.93,15.37,76.3,0,39.7,1124.9,1
22.6,63.24,7.95,9.07,153,3366,17959,6.43,52.77,20.35,113.72,0,74.2,987.5,0
15.22,67.54,6.21,21.71,265,5565,28180,11.79,50.69,22.41,73.32,0,80.9,1693.9,0
47.7,45.96,73.96,5.2,214,3638,23710,14.12,63.12,28.62,167.56,0,32.4,2117.2,0
9.58,60.05,9.4,10.34,189,2646,14005,5.88,47.73,19.43,55.93,0,99.0,1379.7,0
19.27,65.9,8.57,12.24,315,6615,32821,14.55,49.7,18.92,86.07,0,23.6,1617.3,0
12.09,77.57,9.92,29.39,72,792,5574,6.47,53.23,18.27,51.37,0,27.3,1412.0,0
23.46,49.15,37.75,11.33,176,3696,19198,10.07,51.12,20.07,181.01,0,45.3,1515.7,0
4.51,33.81,14.18,11.36,314,6908,33354,15.11,45.99,13.5,91.22,0,37.3,1431.4,0
29.49,41.42,7.39,23.64,296,3256,20719,4.69,53.77,18.8,33.78,0,24.9,1502.0,1
20.56,30.08,36.56,13.11,260,2340,15919,11.43,50.13,21.98,6.37,0,92.1,1810.2,0
16.43,62.15,39.86,7.61,297,5940,30471,9.04,52.33,19.24,0.26,0,33.1,1078.9,0
15.7,10.0,4.6,51.67,245,4165,22204,13.67,44.64,17.03,70.93,0,43.6,1256.8,0
17.43,39.96,7.5,21.17,197,3940,20128,4.51,48.94,18.67,26.44,0,50.5,1715.3,0
16.93,55.18,50.92,10.06,110,1430,8706,13.74,48.74,15.53,78.76,0,20.9,800.0,1
24.1,38.83,11.68,11.27,60,840,7168,9.96,49.04,20.38,28.45,0,27.8,1467.5,1
22.61,42.1,8.48,6.19,79,1106,7613,9.74,48.56,19.27,15.19,0,58.5,1459.8,0
5.22,67.44,3.26,14.24,250,5000,23916,10.73,43.37,17.38,288.21,0,40.5,1142.0,0
10.0,38.2,7.28,21.34,267,5073,25213,5.21,49.75,18.31,15.01,0,57.5,1152.0,1
7.98,48.14,14.96,4.14,158,2054,10796,6.88,44.2,17.83,36.75,0,74.6,1286.4,1
11.31,68.93,0.59,13.82,105,1995,11157,5.8,47.31,20.72,44.16,0,65.9,1698.8,0
40.84,49.41,1.3,5.14,135,1755,13841,10.83,60.95,24.87,101.86,0,79.4,1364.3,0
17.55,91.06,0.1,10.06,241,4579,24612,4.43,53.1,23.29,103.76,0,98.6,1756.8,0
30.12,71.43,3.71,13.39,191,2292,16570,5.19,58.73,22.27,9.57,0,51.1,2024.6,0
23.39,72.23,3.03,13.64,336,7728,38135,9.35,54.16,18.43,34.66,0,80.4,800.0,1
2.3,34.18,28.54,50.89,119,1785,8068,6.37,40.37,13.63,146.12,0,35.2,1262.5,0
9.94,53.53,3.07,14.49,82,984,6185,1.87,51.19,16.46,57.76,0,21.5,1465.2,0
20.08,50.74,16.23,8.69,75,1200,8316,4.85,50.17,22.94,6.01,0,93.8,1709.5,0
8.93,48.89,1.89,6.91,73,1022,5476,8.06,43.7,18.03,80.68,0,54.6,1110.7,0
11.25,46.96,13.5,8.7,164,3772,19038,11.13,50.99,16.87,24.95,0,61.3,1557.1,0
29.88,52.98,8.58,15.25,177,1593,12412,15.15,51.74,21.48,289.43,0,23.0,1319.8,0
45.3,18.97,7.88,4.24,136,2584,18573,10.75,56.57,21.76,33.16,0,56.4,1447.8,0
25.96,41.1,29.13,5.9,136,2448,14553,7.66,51.9,19.07,29.53,0,29.6,1465.7,1
36.69,80.24,2.75,14.52,194,1940,14234,15.65,62.66,29.0,37.29,0,98.0,2095.5,0
19.18,46.96,13.57,10.9,137,2055,11589,17.45,51.14,21.71,8.88,0,47.0,1913.3,0
33.76,45.19,25.88,16.17,129,2580,15727,8.98,52.89,23.41,207.13,0,76.5,1671.0,0
19.49,54.02,18.77,7.53,137,2192,13606,5.29,50.5,22.69,3.58,0,94.8,1139.1,0
58.36,55.48,61.43,8.53,199,4378,27672,9.86,65.63,41.74,107.82,0,84.0,2693.4,0
12.58,21.21,0.1,23.25,209,3135,17154,11.44,49.78,19.55,99.0,0,82.6,1397.7,0
27.56,57.11,32.36,18.05,293,2637,18025,4.01,58.06,23.05,204.61,0,81.2,1793.6,1
41.14,63.22,14.26,4.9,298,5960,33386,14.35,58.01,27.51,24.96,0,62.3,2277.1,0
15.3,63.82,0.1,4.26,63,1071,6656,7.11,49.55,19.95,13.02,0,47.3,1402.0,0
29.73,40.92,9.4,6.54,280,3360,21841,14.24,54.49,20.48,15.74,0,92.2,1260.7,0
43.71,78.12,21.88,8.56,291,6693,35661,12.33,63.22,24.97,1.15,0,36.5,1751.9,0
30.64,76.41,3.02,21.39,262,4978,27791,11.97,57.91,22.77,1.53,0,49.3,1358.5,0
12.44,75.1,17.02,5.77,103,1648,9430,14.47,50.47,20.22,98.64,0,77.5,1227.1,1
15.92,66.82,2.26,18.96,340,5100,28182,12.38,49.14,19.85,82.72,0,60.5,1625.9,0
31.25,49.78,24.4,9.73,133,1463,11160,12.82,53.79,26.49,41.57,0,64.4,1940.0,0
32.22,55.06,12.61,11.19,157,3297,19246,15.4,56.71,22.14,186.9,0,61.2,1800.2,0
33.0,76.36,0.52,9.36,139,2641,15964,10.48,57.14,22.51,54.99,0,20.3,1715.5,1
63.9,20.78,1.43,14.88,115,1610,15781,7.94,67.33,32.07,3.05,0,32.5,2302.5,1
48.0,44.04,29.91,22.07,319,5742,33991,11.63,67.93,31.9,215.48,0,93.0,2329.6,0
4.77,61.89,0.5,7.91,251,2510,14279,5.4,46.49,18.72,92.03,0,80.2,800.0,0
16.4,51.59,5.32,23.67,269,2690,17059,9.49,52.44,18.33,0.52,0,49.7,1185.1,1
31.21,48.99,12.55,20.24,142,1420,10914,12.95,59.44,23.2,42.11,0,34.6,1772.0,0
27.51,79.39,3.6,10.27,155,2015,14732,8.19,54.7,23.99,46.46,0,66.9,1797.8,0
6.64,67.53,3.81,8.25,72,1440,7606,5.37,48.45,16.32,48.01,0,47.5,1433.3,0
17.29,69.42,22.44,28.26,334,6680,33259,5.39,55.64,18.34,38.2,0,33.5,815.1,0
43.4,43.41,5.16,10.33,324,5184,30227,14.95,60.56,24.44,173.28,0,61.2,1950.5,1
5.31,46.68,0.59,10.81,277,2770,15606,13.83,44.89,14.36,22.81,0,21.5,1211.2,1
3.93,61.01,19.15,15.68,255,2550,13664,7.25,47.19,17.99,37.6,0,54.8,1576.1,0
38.42,61.49,46.31,19.35,249,3735,22991,10.98,55.57,24.58,12.16,0,20.6,2182.6,0
4.38,82.75,26.75,27.34,281,5620,27534,7.04,44.67,20.66,37.96,0,74.6,800.0,0
50.07,60.57,11.93,16.67,220,3300,22296,14.72,64.64,30.74,31.86,0,73.4,2362.3,0
30.21,79.88,8.3,13.31,312,5304,29890,11.04,59.41,24.96,66.03,0,64.0,2125.9,0
18.64,64.76,38.89,14.02,346,7266,37047,12.24,50.89,22.42,41.95,0,52.5,1705.2,0
20.22,51.56,21.8,5.8,266,3724,20676,5.49,50.48,20.04,15.49,0,25.5,1597.0,1
37.94,43.34,12.68,10.15,263,2893,19748,12.41,62.25,26.24,217.67,0,80.8,2123.3,0
23.04,67.06,31.78,6.77,262,2096,14377,13.63,48.48,19.45,35.12,0,39.3,1621.7,0
25.46,49.48,13.81,20.01,237,2844,18401,12.66,54.25,18.8,55.23,0,54.9,1539.9,1
41.09,53.3,54.46,8.25,274,5480,30900,7.0,61.48,25.53,276.97,0,31.1,2262.5,0
55.96,42.62,29.31,24.12,328,6232,37392,12.72,62.4,28.84,19.74,0,67.6,1791.7,1
17.63,55.06,11.99,9.14,285,6270,31765,7.75,51.16,18.42,15.62,0,70.7,1719.9,0
13.29,63.9,38.43,8.15,197,3152,17121,17.48,49.69,16.53,38.18,0,67.5,1231.2,1
65.35,48.93,6.29,7.82,109,1526,16116,12.38,71.89,43.86,109.85,0,25.9,2830.2,0
6.47,44.31,18.11,5.19,105,2100,11570,1.11,44.17,18.37,244.66,0,96.3,800.0,0
14.61,56.0,2.82,7.38,171,1710,11033,15.0,41.78,20.23,37.85,0,61.8,1078.9,1
6.87,62.01,33.86,7.82,302,4530,23253,6.28,47.24,18.83,67.95,0,60.7,1096.3,0
30.48,54.86,4.28,22.03,81,1458,10602,14.69,53.67,22.82,196.57,0,69.7,1517.2,1
30.47,83.39,44.65,10.23,260,3120,19419,6.4,59.58,24.51,102.38,0,67.6,1565.3,1
17.55,56.51,0.26,10.85,189,3213,17926,3.24,50.3,19.77,112.76,0,40.0,1716.9,0
56.36,62.75,17.18,9.55,143,1287,14066,8.97,69.84,40.13,129.14,0,55.6,2816.8,0
23.8,68.25,2.44,22.67,259,2331,15605,9.03,52.56,19.56,262.96,0,47.1,1404.9,1
39.21,60.95,22.1,13.51,87,1131,11253,6.87,57.29,23.93,59.65,0,70.9,1608.7,1
30.74,40.49,10.16,7.02,194,1940,14313,7.19,53.57,19.37,109.02,0,34.2,1494.4,1
17.78,42.61,36.06,5.55,260,3380,20281,3.09,43.83,16.37,52.1,0,23.0,1027.2,0
38.96,38.43,18.83,8.93,283,6509,35014,10.71,54.96,27.38,12.48,0,71.1,2080.3,0
49.31,35.2,21.93,25.19,347,3470,24805,7.84,60.01,24.37,35.6,0,68.5,1319.8,1
13.96,59.1,1.93,11.15,248,5704,28065,7.51,43.4,19.86,54.66,0,87.6,1343.9,1
29.39,73.6,1.52,24.49,296,3256,20662,23.1,56.31,22.76,0.68,0,29.6,1894.0,0
16.03,65.77,28.51,34.19,183,4026,21209,6.96,49.83,18.74,98.35,0,74.2,826.1,0
11.49,65.57,3.84,39.3,88,1496,9346,10.07,47.05,16.25,11.21,0,29.3,1024.0,0
18.81,39.62,30.25,10.04,342,6498,32691,8.84,47.26,15.45,39.15,0,28.6,1726.3,0
44.78,62.4,2.31,7.33,342,6840,37899,6.71,55.4,22.72,79.57,0,22.2,1935.5,1
54.7,62.94,5.53,19.47,330,6930,39386,13.78,66.24,28.63,0.65,0,22.0,1929.3,1
64.43,80.13,39.62,6.28,61,1342,13754,14.38,68.13,27.31,187.06,0,22.2,1771.3,0
28.59,60.06,27.46,12.29,330,4290,25319,13.09,57.5,23.89,185.23,0,89.3,1885.2,0
46.77,81.08,0.84,7.11,231,3234,22424,16.68,65.23,26.93,78.19,0,75.4,1343.9,0
19.7,56.87,8.92,9.45,231,5313,26556,12.89,54.31,18.85,71.08,0,36.0,1235.0,0
19.32,61.72,36.1,11.48,326,6520,32331,12.01,52.21,22.46,101.17,0,71.1,1352.6,1
48.77,72.47,0.22,9.23,221,1768,16585,12.02,60.22,31.16,33.62,0,50.1,2526.2,0
30.71,58.76,1.7,18.98,216,3456,20467,8.19,56.93,24.4,62.8,0,88.1,2078.0,0
57.74,32.28,15.54,14.06,202,2828,21897,14.83,63.38,34.56,127.28,0,33.7,2543.3,0
5.7,40.11,1.66,6.79,198,3168,16209,11.04,42.56,16.68,161.1,0,95.5,800.0,0
50.18,94.97,8.94,7.16,236,1888,17392,13.15,69.17,37.56,9.4,0,43.3,2604.7,0
23.57,56.5,10.63,8.25,298,3874,23116,16.26,50.19,19.41,42.82,0,26.1,1646.9,0
36.97,65.42,29.52,26.51,133,2793,17527,5.17,57.75,26.31,159.97,0,42.1,2310.9,0
27.37,39.02,47.34,18.89,330,7590,38352,12.67,48.63,22.26,2.25,0,96.9,1497.0,0
32.12,60.1,10.77,3.7,70,700,7236,8.26,58.61,23.33,35.9,0,46.4,1455.5,0
33.58,74.95,10.71,14.6,108,1188,10709,12.52,54.53,21.95,69.52,0,44.2,1432.3,0
39.81,26.97,19.46,55.04,313,6573,36898,10.42,60.14,19.27,56.32,0,37.8,1234.3,1
16.42,58.13,3.21,14.72,184,1840,12376,7.22,49.49,19.01,222.2,0,53.8,1419.6,1
8.86,58.01,42.42,11.62,197,2364,13727,6.38,44.56,17.54,131.0,0,43.0,1457.3,0
44.33,59.85,0.1,8.33,274,5754,31988,11.61,63.34,18.87,76.69,0,41.3,987.0,1
21.39,86.75,0.1,6.7,70,630,6535,5.3,52.92,23.29,15.43,0,84.6,1193.0,0
8.6,51.07,14.74,14.28,137,1233,8652,19.18,52.28,19.85,38.64,0,45.9,1117.4,1
10.99,47.93,6.27,3.63,293,4102,22008,8.92,48.53,16.99,28.39,0,36.6,1470.7,0
26.28,52.38,7.62,8.13,315,7245,36609,10.51,57.46,22.73,50.31,0,74.9,1821.4,0
23.79,90.52,3.75,11.95,236,2596,16628,5.12,57.18,21.0,40.03,0,27.3,1451.4,0
6.43,57.38,7.86,23.66,200,2200,12216,6.35,46.21,17.93,88.69,0,38.8,1265.7,0
33.82,63.68,26.4,4.88,83,1660,12829,15.47,53.41,25.51,121.66,0,74.3,1771.5,1
11.75,20.58,18.02,9.36,142,2130,13082,6.48,44.18,17.34,56.91,0,37.9,1012.6,1
1.69,56.69,1.49,17.72,237,4266,21153,5.44,46.71,16.28,100.59,0,21.9,1106.3,0
10.9,52.41,0.88,10.84,109,1526,9315,2.29,53.21,19.58,96.76,0,82.6,1206.4,0
9.88,56.39,10.58,26.5,77,1771,9040,2.7,46.31,17.48,39.85,0,48.6,988.0,1
15.15,50.17,19.65,16.91,113,1017,7708,4.76,49.09,18.72,6.28,0,57.4,1664.7,0
14.13,35.61,16.38,7.49,290,5220,26585,8.32,43.74,18.55,64.55,0,64.5,1780.2,0
15.97,50.91,29.94,12.38,148,1776,11304,7.04,47.8,19.93,66.3,0,66.3,1625.8,0
43.39,77.63,2.15,7.5,204,2040,17381,11.13,61.48,28.18,4.27,0,21.5,2280.8,0
42.43,56.86,13.96,11.61,323,2907,21322,7.79,56.0,25.35,52.34,0,85.8,1640.0,0
23.93,28.05,21.79,13.54,318,6678,34362,7.62,52.67,19.39,1.6,0,39.6,1668.9,0
39.87,37.38,41.67,18.23,289,3468,22630,8.81,59.79,22.69,20.57,0,73.0,1300.4,0
32.13,59.21,1.6,13.81,311,3110,20817,9.06,56.81,23.77,11.72,0,72.2,1865.1,0
27.43,39.07,4.11,5.99,158,1580,12042,5.96,54.44,18.44,76.4,0,72.4,1447.8,1
28.98,58.51,6.57,3.75,301,4515,25877,6.45,55.06,23.28,9.47,0,94.2,1843.7,0
18.89,73.75,11.67,16.66,155,3410,18676,11.81,55.43,21.78,71.07,0,56.5,1781.4,0
42.61,62.09,7.88,3.44,146,1460,12771,5.23,58.55,21.25,29.94,0,61.2,1238.4,1
15.0,40.28,29.61,13.45,62,868,6020,7.18,45.72,13.12,120.15,0,29.5,868.2,0
22.64,57.56,45.09,6.91,264,3960,22538,11.12,53.14,19.79,62.02,0,47.7,1497.5,0
48.67,66.13,1.09,11.91,82,1886,14742,10.38,61.29,33.7,118.71,0,21.4,2616.2,0
21.63,44.1,18.04,11.03,218,3924,22466,11.71,54.08,21.0,161.78,0,46.0,1887.4,0
10.43,38.8,1.82,14.49,131,2489,13857,6.49,46.87,16.41,4.28,0,60.2,1301.1,1
40.82,53.66,34.24,12.11,336,4032,25153,17.85,60.18,22.43,239.47,0,25.0,1705.0,1
28.31,78.25,2.3,18.09,243,2916,18061,8.73,56.9,22.64,8.85,0,74.0,1663.3,1
19.54,40.23,71.54,14.05,190,1900,12176,11.87,48.61,20.46,61.49,0,55.6,1682.8,0
36.61,48.45,8.37,23.52,66,1188,10225,15.86,55.12,24.82,52.0,0,25.2,1908.5,0
49.68,37.14,7.22,8.96,242,3388,23111,10.35,60.46,23.6,73.23,0,54.8,1821.8,1
31.66,43.7,13.24,6.29,324,4212,26821,10.85,58.42,19.14,51.59,0,31.7,1094.2,0
35.03,53.04,7.52,14.11,268,5092,28794,12.4,57.54,22.24,2.78,0,87.4,1104.8,1
51.38,52.78,4.01,11.39,69,1449,12741,12.59,62.24,36.8,13.92,0,61.3,2625.8,0
54.44,13.71,14.88,15.08,82,1886,15271,11.64,62.15,28.07,166.8,0,66.0,2099.5,1
15.9,51.54,19.55,11.62,77,1078,7317,4.77,51.05,17.57,119.22,0,48.4,1682.1,0
4.64,81.47,43.59,22.33,192,3264,16412,5.47,44.85,17.1,64.07,0,49.6,1208.1,0
24.05,57.14,7.89,16.0,299,3289,19896,9.12,51.76,17.94,23.35,0,38.5,1596.1,0
19.12,51.33,18.35,5.82,268,6164,30471,4.08,48.41,21.39,58.09,0,82.2,1973.8,0
24.48,46.47,26.9,9.46,267,2670,18025,6.7,53.77,15.41,46.16,0,21.1,800.0,1
32.72,41.14,26.7,13.3,255,3570,22140,9.99,55.98,21.74,170.1,0,64.2,1953.0,0
39.88,56.6,0.52,9.47,142,2556,16564,25.39,56.11,22.82,8.27,0,34.0,1858.9,1
9.96,61.77,6.59,8.35,139,1390,9028,6.25,45.86,20.17,4.45,0,87.7,1577.2,0
44.08,81.08,0.2,26.01,95,950,10583,17.7,62.7,27.66,6.88,0,74.1,1744.8,1
36.77,43.88,12.28,19.01,189,4347,25257,10.94,58.27,21.81,110.97,0,30.3,1858.6,1
26.78,74.45,30.05,7.76,344,7912,41010,6.39,51.59,23.96,41.3,0,54.0,1958.7,0
10.44,73.87,25.3,20.7,134,1474,8265,10.37,45.41,18.06,77.34,0,58.6,1663.3,0
21.35,48.93,25.01,19.52,212,3816,20894,7.84,51.47,21.54,5.81,0,98.5,1801.0,0
29.58,44.04,6.5,17.27,82,1394,10383,3.94,54.93,24.33,12.43,0,69.2,2019.4,0
6.78,33.47,0.71,4.85,251,2008,12669,11.65,45.15,16.39,65.22,0,79.8,860.5,0
39.61,55.49,2.84,13.33,137,3014,20085,10.64,57.84,25.59,105.1,0,78.1,1780.6,1
47.87,50.69,16.66,6.72,134,1206,11580,7.17,60.03,24.96,39.81,0,55.1,1618.4,0
29.8,71.07,2.16,10.78,191,4011,22475,7.3,54.4,22.8,32.11,0,69.1,1529.0,1
23.26,60.29,2.01,23.91,72,720,7046,7.97,50.59,18.38,28.29,0,36.9,1558.3,1
34.66,25.27,6.55,9.58,208,3952,23095,10.64,54.12,20.23,139.88,0,78.8,1617.4,1
37.96,54.04,1.49,11.06,157,3297,20151,10.9,52.51,23.74,74.79,0,48.5,2103.3,0
66.54,59.6,6.0,5.21,195,3510,25060,13.83,70.62,30.12,21.1,0,45.3,1746.3,0
23.48,51.54,52.45,13.21,271,6233,32020,3.94,53.7,22.04,208.45,0,87.2,1712.1,0
19.95,68.36,0.3,28.19,98,1274,9087,4.47,53.53,19.06,4.4,0,42.8,1405.0,1
24.47,46.53,26.63,42.27,140,1540,10763,10.19,51.64,20.34,48.28,0,23.7,1991.0,0
23.71,70.56,75.82,21.08,258,5934,30386,6.27,53.75,20.16,21.81,0,84.7,1091.1,0
10.44,46.68,8.6,9.45,178,3738,19051,7.65,43.24,14.66,90.78,0,25.7,800.0,1
21.45,50.05,42.99,16.13,328,7216,35940,7.4,52.85,20.0,139.47,0,35.6,1893.3,0
24.32,84.22,4.54,9.2,262,4192,23461,11.21,54.3,19.38,23.47,0,27.0,1339.1,1
41.9,35.23,60.51,13.41,62,868,8478,11.89,62.14,18.24,14.1,0,22.3,1205.7,1
7.58,56.41,29.66,16.62,132,1584,9279,7.64,45.38,19.08,40.31,0,82.9,1015.1,1
38.31,60.22,32.4,5.33,93,1581,11969,13.06,59.3,31.81,119.6,0,77.4,2388.6,0
60.23,45.76,2.1,19.28,69,1104,12999,14.37,63.68,43.35,57.77,0,72.1,3007.0,0
25.66,62.03,30.61,15.74,172,3096,17750,11.46,53.47,24.07,6.05,0,80.4,2058.2,0
13.85,66.05,42.66,7.78,70,1330,8800,11.31,50.56,20.3,138.73,0,63.4,885.9,0
47.58,59.19,25.64,3.68,88,1232,12014,6.69,63.47,30.55,12.95,0,56.4,2086.9,1
28.53,57.93,1.44,13.78,217,2821,18299,11.78,55.94,19.42,32.66,0,28.7,1291.2,0
42.4,62.85,1.33,18.56,138,1518,13069,10.63,61.11,27.67,85.97,0,95.9,1972.8,1
20.81,43.71,6.64,9.99,317,3804,22724,6.14,49.6,17.64,8.94,0,31.7,1281.7,1
48.22,45.54,18.31,10.03,274,6028,34301,13.76,65.14,24.95,17.47,0,44.6,1246.9,1
31.09,61.94,0.19,17.06,200,2600,16574,7.21,58.61,24.04,130.77,0,99.8,1876.6,0
39.44,49.47,45.13,8.31,295,2360,17962,10.04,52.26,24.65,106.93,0,48.4,2174.8,0
26.24,54.24,11.18,18.39,224,2016,13728,12.33,49.77,22.84,89.14,0,47.5,1948.5,0
36.88,17.14,6.66,10.32,208,4576,26275,4.47,57.32,23.7,57.41,0,61.1,2007.0,0
0.69,65.07,12.36,13.96,336,7056,32965,15.82,41.48,18.07,84.98,0,96.3,1151.0,1
11.37,74.88,18.87,14.91,130,2470,13397,5.18,46.22,18.44,5.69,0,60.2,1282.0,1
42.49,64.18,4.79,31.1,182,1638,14418,8.31,61.6,27.2,43.19,0,71.0,1801.6,1
48.68,66.49,5.16,14.36,147,2058,15970,8.98,62.53,27.77,8.95,0,31.5,2253.0,1
15.01,68.88,9.47,7.07,127,1270,8271,4.36,46.21,18.4,12.32,0,44.9,1315.3,1
23.17,52.23,16.63,8.86,82,1558,10415,8.99,51.65,19.41,119.62,0,34.2,1152.7,0
31.73,41.64,18.38,8.84,235,4935,26899,14.0,51.66,23.75,26.87,0,58.4,1780.7,0
15.52,62.81,5.87,16.61,74,814,5704,11.58,45.54,20.64,12.39,0,69.6,800.0,0
37.86,71.0,5.84,11.76,317,5072,29294,4.17,57.53,19.57,29.31,0,44.8,958.0,1
38.74,38.74,10.02,12.12,161,1932,13921,6.33,60.37,28.26,71.91,0,30.9,2508.2,0
54.25,65.78,11.71,24.86,324,3240,24983,8.36,65.43,35.5,215.65,0,38.2,2598.9,0
25.68,59.32,15.72,20.64,210,4410,24161,3.52,52.24,24.48,60.03,0,98.0,1597.0,1
43.5,53.34,14.42,10.26,200,2800,19763,12.45,61.87,28.72,18.58,0,37.0,2288.0,0
25.5,51.05,6.99,34.26,76,912,8051,4.4,50.83,21.4,9.79,0,32.0,1895.9,0
28.62,59.09,5.28,47.17,337,7414,38834,3.24,51.22,24.06,30.1,0,65.0,2026.9,0
21.9,45.36,5.52,7.34,219,4599,24294,9.1,49.88,21.12,12.34,0,99.8,1579.4,0
32.37,98.0,15.55,8.85,187,2618,16779,6.41,61.12,23.84,13.2,0,36.7,1856.3,0
32.23,35.07,8.51,6.37,246,3936,22949,5.49,56.42,24.13,0.51,0,58.6,2122.3,0
12.71,16.8,2.16,28.38,81,1377,8657,5.06,43.8,17.49,142.41,0,70.5,1589.3,0
15.37,59.37,0.1,7.29,160,1280,8706,13.11,50.27,18.43,13.82,0,29.9,1514.4,0
2.92,56.34,0.45,9.02,331,4303,23074,1.65,40.58,17.95,80.24,0,63.8,946.6,1
27.17,63.01,30.32,51.25,92,1472,10350,6.03,54.2,21.08,18.92,0,29.0,1414.4,1
41.01,12.16,9.18,21.58,94,752,9812,14.63,57.69,20.41,12.75,0,55.3,1431.7,1
6.3,27.5,16.07,10.4,268,3484,18762,17.17,40.98,19.63,125.65,0,98.9,971.2,0
23.53,48.32,39.68,11.96,134,2546,14740,24.17,45.35,21.7,20.84,0,41.7,1685.4,0
47.97,68.18,2.02,4.21,291,2910,22491,10.06,62.75,24.84,220.33,0,78.8,1381.4,0
21.09,27.75,8.9,11.72,274,4658,25276,4.75,47.86,19.05,3.57,0,66.1,1944.1,0
3.87,61.73,11.62,13.99,189,2835,14055,13.27,45.49,17.99,84.78,0,57.5,1206.1,0
25.18,51.31,27.63,6.39,340,6800,34822,9.58,52.87,21.86,16.95,0,92.7,1462.7,1
18.24,57.38,76.05,13.94,146,3066,16746,15.78,52.72,20.22,39.16,0,72.9,890.6,0
11.54,54.6,18.66,41.74,81,1377,7636,9.44,46.22,18.6,57.89,0,35.6,1258.4,1
32.27,54.73,15.4,29.44,240,3360,20787,15.0,54.23,24.38,60.33,0,71.9,1730.4,1
13.34,54.66,37.94,31.39,320,3520,20489,8.73,44.45,17.72,55.8,0,45.8,1632.7,0
46.01,71.57,27.25,10.21,142,1562,13719,5.77,61.36,28.97,25.04,0,37.4,2362.8,0
24.44,55.52,30.04,9.65,249,4980,27510,21.87,50.32,24.18,122.43,0,71.8,2173.5,0
36.0,70.26,0.1,17.3,176,2640,18028,15.43,60.06,28.25,139.63,0,72.5,2297.9,0
31.91,48.39,10.84,8.83,151,2869,17061,17.9,58.38,21.16,17.31,0,96.5,1247.8,1
4.87,71.77,22.9,18.64,323,4199,22419,4.29,44.63,21.49,70.1,0,89.5,1427.0,0
13.55,51.46,3.0,21.84,269,5918,29956,12.15,50.76,18.0,155.72,0,32.5,1830.8,0
19.3,51.63,20.88,45.38,170,2380,14005,5.73,49.96,20.11,65.99,0,65.0,951.2,0
15.26,28.35,0.14,5.54,124,1488,8953,7.81,43.77,13.54,9.09,0,35.5,1202.4,0
28.01,41.46,12.84,22.92,218,2398,16604,14.05,58.41,19.89,5.91,0,52.0,1508.7,1
21.42,44.48,28.59,9.14,284,2272,15780,7.89,52.83,19.89,83.85,0,35.0,1665.7,0
15.57,27.86,8.47,30.3,199,2786,15701,7.76,50.54,19.3,42.49,0,58.5,1407.7,0
30.96,42.05,20.17,15.2,209,2299,16339,8.81,51.41,23.64,126.8,0,45.3,2098.3,0
15.36,65.3,11.34,13.32,175,3500,18401,10.71,49.97,19.73,352.81,0,77.5,1649.3,0
40.77,66.95,15.63,21.67,191,4393,25547,5.79,61.09,27.01,41.42,0,35.2,2164.3,0
46.6,29.72,10.91,21.98,155,1860,16303,23.38,60.31,33.23,156.82,0,76.7,2597.9,0
20.53,79.94,9.69,9.78,337,4044,24452,4.81,55.5,21.69,60.74,0,60.2,1353.9,1
29.22,67.59,27.64,13.0,309,5562,30988,11.71,54.6,23.72,125.43,0,23.0,2057.9,0
30.56,86.2,1.46,8.54,166,1494,12879,11.94,58.13,21.89,9.02,0,70.9,1415.7,0
25.93,71.6,13.18,13.37,165,1485,12084,8.52,53.41,22.89,152.54,0,55.6,1966.6,0
26.9,83.38,1.83,21.48,259,4144,24116,7.39,57.25,23.91,66.24,0,54.4,1608.5,0
10.64,61.28,12.41,30.88,306,6732,32833,6.0,47.71,17.6,40.05,0,53.8,881.0,0
6.66,43.35,49.7,4.07,197,3940,19370,2.65,44.89,16.25,186.42,0,24.8,1330.5,0
77.88,58.92,0.88,24.33,94,1222,16021,15.34,75.84,57.99,47.88,0,35.3,3197.3,0
25.07,21.43,8.22,19.26,198,2970,17165,6.27,52.65,21.26,75.58,0,85.9,1759.9,0
21.45,52.59,24.29,6.03,332,7304,36545,13.35,58.83,19.5,21.21,0,88.6,1204.0,0
22.87,54.32,6.92,4.72,239,5019,26274,7.15,52.29,20.22,175.16,0,73.3,1076.3,0
26.41,69.48,11.02,12.35,140,2940,17439,11.4,58.95,21.33,17.84,0,36.3,1655.4,0
9.15,58.11,1.83,11.67,243,3159,17319,3.35,45.28,19.38,26.02,0,74.8,1322.7,0
23.2,48.38,3.79,12.63,249,2490,16954,4.02,53.04,22.33,135.95,0,49.2,2143.8,0
14.07,34.03,17.4,30.62,288,2880,17509,6.44,46.23,16.82,34.09,0,75.1,1340.6,0
6.81,43.71,26.46,4.93,110,2310,10744,5.51,48.47,18.65,9.73,0,82.3,1064.8,0
42.0,51.64,15.6,6.24,304,5472,31924,8.27,63.37,27.35,75.19,0,74.0,1661.0,1
44.89,44.45,27.2,5.37,344,4128,26764,27.29,60.49,32.41,6.58,0,59.3,2562.8,0
31.17,15.67,13.96,24.58,86,860,7834,12.37,51.43,22.2,147.42,0,88.3,1444.2,0
22.88,54.82,24.93,18.62,231,4158,23216,5.24,50.64,21.05,292.98,0,50.7,1679.7,0
8.85,48.01,61.02,13.44,240,2160,12307,2.43,43.47,18.86,5.99,0,49.0,1524.4,0
51.1,47.73,1.3,8.97,313,7199,39626,6.48,58.17,31.39,77.28,0,36.8,2398.7,0
5.45,57.46,9.8,10.8,246,5658,27052,4.3,39.89,17.9,42.38,0,84.2,1015.9,0
17.92,48.16,3.16,9.7,328,3608,21968,4.5,50.15,17.73,128.69,0,49.1,1502.1,0
48.45,71.16,9.39,17.74,331,6289,35160,14.51,61.41,28.23,126.23,0,21.6,2377.5,0
22.08,43.94,10.38,38.53,322,3542,21863,6.6,53.64,18.83,22.35,0,79.4,1531.0,0
12.08,42.67,14.59,6.32,64,1280,8117,12.17,51.25,18.25,52.4,0,91.8,1204.7,0
41.21,43.63,8.68,9.43,315,5040,29511,7.63,57.63,27.82,155.85,0,85.1,2149.1,0
72.47,57.66,5.89,10.62,322,4508,31268,8.14,70.72,49.73,72.57,0,40.2,3031.3,0
28.05,57.43,0.66,2.61,77,1771,11980,10.39,59.12,22.89,174.18,0,96.0,1846.5,0
45.2,46.6,0.53,20.64,254,3810,24708,8.91,61.42,33.71,26.14,0,95.8,2556.1,0
27.1,54.8,2.89,12.8,236,1888,14061,7.05,54.17,20.83,61.0,0,69.0,1340.6,1
40.44,60.71,8.94,15.45,215,3010,20256,15.0,57.92,24.86,18.79,0,95.8,1558.0,1
27.96,63.99,8.11,8.56,331,5627,31417,3.16,57.82,21.7,91.07,0,78.9,1631.8,0
72.76,53.26,3.17,15.48,339,5424,34947,9.93,77.35,51.37,161.12,0,81.2,2887.4,0
2.33,43.17,25.92,11.19,228,3648,18137,3.14,39.83,17.01,85.03,0,71.2,933.3,1
35.04,43.19,17.26,12.72,332,6308,35324,11.15,55.51,23.78,4.08,0,82.3,1691.6,0
2.9,58.94,6.3,23.59,176,3344,16088,13.77,44.68,16.85,35.65,0,27.5,1296.0,0
21.44,65.87,23.92,15.19,246,2952,17935,12.84,54.68,20.58,72.92,0,33.5,1644.9,0
24.45,57.26,67.99,4.97,67,536,6624,8.72,50.42,21.81,74.51,0,72.9,1584.6,1
28.09,49.2,4.22,11.55,93,1860,11405,7.57,53.3,20.67,95.54,0,21.8,1205.4,0
13.13,46.45,6.76,25.01,235,5405,26491,7.81,48.95,19.19,29.11,0,96.0,1534.4,0
42.13,67.1,74.21,10.82,257,3341,22594,11.43,62.9,29.28,43.85,0,73.9,2234.0,0
11.78,36.59,2.23,19.2,77,770,5141,11.7,47.34,20.33,49.25,0,85.7,1705.4,0
16.49,47.87,1.2,30.73,303,4242,23657,12.5,47.8,19.56,9.16,0,85.2,961.0,0
14.56,76.6,11.04,20.64,315,4725,25122,4.93,53.51,24.21,259.55,0,80.6,1540.7,0
44.81,72.54,9.48,16.54,88,1144,10509,13.67,59.68,25.87,10.62,0,36.1,1890.1,1
11.73,58.0,1.22,13.89,158,1422,8626,9.23,46.95,18.77,122.63,0,45.8,1041.7,1
74.52,47.71,5.14,10.66,86,1462,15108,16.85,73.93,48.77,72.55,0,64.5,2906.1,0
18.34,51.2,8.14,11.46,163,2934,16538,6.28,54.84,16.68,116.08,0,39.8,922.6,0
21.9,56.29,25.91,28.07,123,2091,12826,9.19,53.61,19.23,4.17,0,50.7,1265.6,1
33.78,86.62,18.46,18.29,322,5152,28993,6.0,60.43,26.73,2.3,0,85.4,2024.2,0
32.04,70.36,36.89,11.12,237,5214,28488,10.15,56.06,24.49,52.6,0,83.0,1456.3,1
53.4,68.38,6.06,10.3,213,4473,27530,9.47,66.43,23.74,0.48,0,73.3,1197.3,1
44.75,52.67,5.55,12.82,170,3400,21881,17.02,60.08,23.46,14.06,0,25.5,1709.2,1
12.67,47.56,9.33,14.84,170,2380,13843,7.0,48.32,18.24,123.01,0,73.0,1471.2,0
29.65,52.05,0.11,9.85,323,5168,29334,9.51,54.93,22.2,24.57,0,31.1,1853.4,0
32.34,69.93,3.49,6.07,304,2736,20042,10.7,53.84,24.32,95.81,0,23.7,2082.1,0
4.76,79.39,3.56,16.79,305,7015,33315,5.52,51.0,20.46,16.81,0,85.8,841.1,0
19.97,42.2,0.95,9.56,302,3926,22688,10.49,43.3,20.15,357.69,0,29.8,1676.4,0
11.27,20.55,9.11,8.45,205,3280,17618,4.49,43.31,13.48,70.64,0,31.9,1046.8,0
30.2,51.24,35.39,9.38,174,2610,17271,14.67,56.99,18.0,42.89,0,36.4,896.9,1
5.44,70.92,0.1,8.23,240,4080,21465,1.06,48.52,17.59,6.24,0,45.9,1574.5,0
10.47,46.44,14.85,18.97,88,1056,6385,8.11,44.23,14.82,42.22,0,21.2,1137.2,1
28.65,61.79,31.72,21.52,75,1275,9627,6.3,53.3,19.66,52.99,0,45.6,1119.4,0
14.06,38.13,1.71,18.84,62,1116,8220,9.91,45.86,13.71,45.56,0,24.3,800.0,0
6.58,50.59,37.38,13.99,303,2727,16045,11.42,46.26,16.9,21.69,0,21.5,1112.8,1
33.71,43.17,25.6,5.7,338,4732,26928,5.28,58.93,24.61,19.0,0,52.7,2266.4,0
36.52,52.71,3.62,16.6,327,7521,38720,7.24,60.23,22.08,124.93,0,75.1,1298.5,0
25.09,58.05,35.36,39.94,92,1380,9582,12.54,48.78,20.73,190.47,0,55.3,1267.5,0
19.14,65.36,24.45,10.9,100,1500,9151,5.23,52.82,21.97,135.08,0,98.5,1279.8,1
26.75,48.71,1.77,4.66,108,1944,13080,4.89,56.09,22.67,15.9,0,83.7,1775.0,0
6.99,37.95,26.63,18.86,171,3420,17617,4.94,44.92,18.91,21.54,0,66.6,1101.0,0
40.41,32.19,11.72,4.2,341,3069,21826,18.26,56.16,22.59,38.02,0,25.8,1745.8,0
46.53,71.24,25.39,6.89,261,5220,30395,6.87,61.52,32.42,62.53,0,86.3,2331.1,0
19.4,42.78,14.42,10.47,256,2816,16694,21.55,49.11,21.86,8.48,0,95.8,1808.1,0
40.62,62.73,7.46,23.73,174,2610,18312,10.97,57.49,24.28,26.2,0,55.6,1732.4,1
7.17,31.12,13.79,13.43,210,2310,13611,8.78,45.06,18.01,72.67,0,81.1,1397.4,0
81.22,78.55,15.17,8.51,198,3366,25610,20.14,79.59,59.86,10.0,0,52.4,3204.4,0
23.12,96.76,21.8,8.61,284,3976,23464,6.86,55.0,23.47,31.23,0,39.7,1531.8,0
17.02,59.94,26.64,6.36,122,1342,8995,11.12,45.73,18.02,53.12,0,28.8,1070.6,0
23.49,50.66,16.32,8.87,193,4053,21707,12.33,50.91,22.09,27.44,0,98.1,1445.3,1
53.92,76.58,68.56,10.72,232,3712,24392,12.81,67.6,27.94,86.89,0,32.3,1929.2,0
49.6,47.56,22.61,12.67,330,5280,31776,7.93,67.66,34.23,0.1,0,92.5,2507.5,0
26.89,55.76,36.25,17.7,200,3600,19979,14.4,54.03,23.7,137.38,0,94.6,1797.0,0
16.49,13.51,5.77,13.67,332,7636,36664,8.7,46.9,18.42,77.61,0,90.6,1650.5,0
10.96,53.84,5.7,5.98,149,1639,10355,8.54,45.0,18.02,152.62,0,77.3,1272.1,0
44.0,72.35,6.75,3.62,172,3956,24255,12.43,63.71,30.17,102.42,0,52.6,2337.8,0
44.05,48.1,8.69,8.34,262,2620,19382,10.23,58.65,28.21,1.26,0,55.4,2108.3,0
33.42,48.34,48.82,41.44,158,1738,13406,12.21,55.2,22.49,180.96,0,49.4,1717.0,1
32.71,48.45,1.15,9.99,129,2064,13483,9.14,55.38,25.51,191.37,0,48.9,2337.9,0
14.95,84.44,10.35,13.55,239,3346,18221,10.1,49.75,23.83,8.79,0,91.2,1205.9,1
23.22,58.41,2.64,5.24,346,7612,38547,12.82,50.37,19.33,22.32,0,37.8,1975.5,0
46.89,55.58,24.98,8.7,78,858,9757,13.04,61.06,31.09,81.05,0,48.1,2537.9,0
32.27,48.93,0.47,17.8,328,5248,30102,9.46,61.21,22.82,49.39,0,78.6,1740.3,1
37.78,70.42,9.11,16.75,63,1008,9100,9.71,60.82,21.01,32.26,0,28.6,1434.4,0
30.82,42.91,7.53,12.31,65,1300,10676,10.07,56.62,22.71,51.27,0,78.8,2000.5,0
35.4,73.87,1.45,15.51,310,7130,38089,5.13,60.91,24.86,43.44,0,78.3,1898.2,0
57.72,53.24,7.09,26.58,261,2088,20102,16.34,61.7,36.8,170.24,0,48.2,2416.4,0
14.05,72.57,24.83,13.49,306,4896,26181,8.79,47.83,23.78,26.39,0,88.9,1262.0,1
30.07,49.47,2.22,32.87,242,3630,20963,15.85,56.18,20.79,106.59,0,52.2,1532.6,1
37.53,67.27,61.57,15.3,128,1280,11751,8.88,59.95,29.17,114.72,0,86.1,1991.4,1
27.92,63.1,0.9,8.29,242,3630,21635,8.42,57.36,22.45,1.7,0,92.8,1815.9,0
9.4,54.1,5.12,7.61,231,2541,14614,2.66,43.22,16.04,6.12,0,39.0,1251.1,1
19.92,75.53,22.37,9.93,243,2187,14524,6.69,50.5,20.79,24.73,0,73.0,1553.3,0
35.43,74.44,6.64,11.37,187,2431,16604,13.08,61.23,29.4,89.41,0,93.8,1993.8,0
29.28,45.33,9.82,21.87,120,1080,9092,5.72,57.81,19.09,11.21,0,68.6,1375.9,1
6.5,44.25,3.1,26.17,286,4004,21018,9.88,47.52,16.88,30.36,0,35.9,1022.2,1
18.94,51.37,18.86,10.64,180,1440,10254,6.8,54.78,21.38,87.86,0,85.6,1111.0,1
17.81,50.53,2.97,16.32,165,1815,11216,7.15,45.11,16.9,82.11,0,63.2,848.5,0
22.21,70.59,28.33,13.95,89,1335,8968,8.79,51.78,24.71,70.6,0,98.7,2021.6,0
13.91,60.38,11.63,11.0,243,3402,18642,11.06,48.43,17.93,8.79,0,47.5,1098.7,1
14.49,41.51,11.92,15.5,327,7521,36703,5.5,47.11,17.23,34.95,0,36.2,1127.1,1
28.46,42.2,40.66,17.34,207,4140,23385,8.88,54.5,22.39,100.65,0,94.0,1194.4,0
58.65,56.69,22.24,42.65,332,4648,29526,14.17,65.67,41.5,53.17,0,67.1,2876.4,0
24.66,67.99,20.39,33.92,296,6512,33936,3.35,53.47,22.07,13.0,0,74.6,1181.4,1
42.1,78.47,29.28,26.65,67,938,10906,16.01,62.5,23.17,75.33,0,25.7,1206.1,0
26.04,57.58,1.44,10.62,186,3162,19692,5.15,60.78,22.78,58.32,0,75.4,1476.2,1
15.14,53.14,19.42,6.35,207,3726,19213,5.33,46.23,16.95,10.57,0,40.6,1139.7,0
30.77,51.64,3.98,16.06,91,1638,11476,3.76,56.82,20.13,80.5,0,46.0,1485.0,1
23.09,44.07,4.95,4.19,291,4074,23146,8.87,49.27,19.57,62.56,0,82.1,1489.3,1
32.48,53.83,0.23,11.52,103,1854,12852,5.24,54.63,24.23,16.99,0,70.8,1783.5,1
12.81,47.7,33.63,16.36,133,1862,12140,7.19,43.33,19.08,52.4,0,91.7,1416.3,0
34.3,48.87,20.16,6.53,264,3696,22535,6.6,56.44,22.66,13.28,0,77.6,1315.3,0
43.33,63.92,2.25,14.57,294,3528,23095,6.88,57.67,28.54,19.52,0,52.8,2190.4,0
35.51,33.4,5.96,20.24,199,2786,18941,8.42,58.79,25.02,24.09,0,54.6,2208.6,0
21.27,26.25,9.81,11.64,245,2940,18246,4.16,47.52,18.49,39.92,0,70.7,1717.1,0
24.21,40.73,10.22,12.78,132,2640,15327,7.35,48.83,21.63,27.73,0,36.7,1844.1,0
6.49,66.87,13.58,19.02,179,2506,13593,9.77,49.25,19.74,89.03,0,58.9,1220.2,0
21.44,60.25,9.59,34.28,186,2046,14467,4.99,50.92,18.67,28.02,0,26.2,1569.4,1
22.53,69.11,15.69,14.02,161,3059,17376,4.49,46.94,23.38,35.32,0,57.1,1771.4,0
40.19,30.25,32.3,18.35,289,4335,26442,19.83,57.07,28.21,1.28,0,39.3,2316.5,0
17.09,62.68,7.61,10.24,275,6325,30941,3.51,52.7,23.78,28.17,0,93.0,2035.0,0
42.02,33.43,31.4,18.51,150,2100,15757,12.02,61.28,25.64,80.53,0,81.6,1775.1,1
29.05,38.78,3.72,18.8,197,2561,16295,6.25,57.2,22.41,25.08,0,27.6,2058.0,0
31.09,35.54,1.94,16.44,205,3895,22131,6.31,57.96,23.37,9.22,0,83.5,1935.7,0
67.01,38.06,4.1,34.39,234,5382,33189,10.28,72.48,47.12,47.33,0,68.1,2919.5,0
42.37,94.63,3.47,10.43,110,1430,12686,8.64,68.01,29.26,69.88,0,62.2,1829.0,1
30.72,62.96,63.07,12.49,95,1140,9687,10.81,58.51,21.16,2.8,0,34.9,1151.6,0
3.41,27.28,7.2,28.84,256,2304,14356,5.01,41.84,20.24,30.07,0,81.1,1260.7,0
15.23,31.42,15.81,10.23,263,3419,19642,4.3,51.66,16.47,107.09,0,63.1,1511.9,0
15.45,56.21,17.86,19.94,267,4005,21604,6.89,49.68,18.19,113.76,0,44.3,1508.9,0
20.48,57.52,8.84,37.06,192,1728,12689,23.93,51.66,19.49,36.67,0,38.3,1848.7,0
31.6,45.46,3.8,19.85,267,3471,22235,8.73,61.06,21.59,8.02,0,80.2,1226.2,1
9.93,80.34,8.65,16.01,190,1710,10565,11.85,48.19,17.92,156.13,0,24.6,1317.6,0
37.3,41.65,9.63,11.15,110,1650,13228,6.42,56.14,21.1,174.01,0,69.6,1132.2,1
15.44,68.94,46.19,24.64,332,6972,34615,3.24,51.84,23.14,172.23,0,99.2,1352.7,1
21.76,67.19,12.61,6.71,326,7172,36230,16.78,57.23,24.64,56.43,0,93.5,1566.2,1
19.66,91.05,52.53,5.16,105,1155,8132,14.68,50.04,23.56,56.34,0,97.5,1071.9,1
19.08,91.69,12.9,7.17,122,2318,12093,8.72,53.57,20.32,32.35,0,79.0,1394.6,0
25.08,65.41,2.35,12.52,263,4471,25341,11.52,53.09,22.02,62.89,0,34.9,1669.0,0
59.34,55.54,7.28,6.11,189,2835,20943,11.31,67.36,43.54,35.42,0,97.0,2713.3,0
38.06,60.36,23.58,46.74,86,1720,12838,17.95,61.24,28.76,42.34,0,91.9,1810.4,1
26.78,64.22,8.21,7.51,343,4459,26367,7.13,55.75,21.91,0.24,0,39.3,1650.6,0
25.62,27.1,1.58,21.19,120,1800,12489,13.74,52.37,21.48,24.68,0,83.7,1340.0,0
5.37,32.53,1.52,8.05,185,3145,15487,7.75,40.44,14.67,13.96,0,52.1,1367.7,1
25.78,69.62,4.06,12.15,261,5481,28658,6.62,53.59,22.25,70.09,0,74.1,1836.0,0
14.53,75.5,12.48,12.89,94,1598,9715,9.15,52.73,20.01,127.68,0,45.7,1632.2,0
19.0,77.31,26.59,6.43,334,5344,29143,10.62,55.1,19.67,9.65,0,31.7,1413.0,1
66.28,51.81,11.44,12.35,269,5111,32770,10.88,69.29,48.33,24.11,0,73.0,3032.6,0
48.52,59.91,20.56,29.02,126,1764,14268,12.22,64.29,26.31,201.75,0,27.8,1920.0,0
34.52,48.13,15.56,11.17,205,1640,14049,7.92,55.86,21.87,3.07,0,29.7,2152.8,0
12.53,82.59,11.14,14.21,144,1152,8103,4.15,51.0,18.26,125.07,0,38.2,882.2,0
6.78,49.17,3.63,14.96,237,4266,21821,4.19,47.28,20.83,138.2,0,87.8,1392.5,0
16.62,43.27,32.21,15.45,227,1816,12825,5.12,42.63,18.32,28.67,0,55.3,1287.9,1
8.07,52.6,4.84,4.26,116,2320,11643,2.79,47.82,14.6,76.37,0,58.5,1245.9,1
38.69,49.13,4.37,19.58,164,1476,13756,12.23,59.35,25.39,9.01,0,73.1,2036.3,0
41.52,53.92,4.47,17.11,260,4680,27840,5.13,57.24,25.76,68.87,0,92.1,1246.9,0
60.11,68.53,1.51,12.72,142,3124,22076,18.11,71.29,32.11,18.35,0,73.1,2065.5,1
34.21,56.91,10.36,27.8,126,2898,17628,7.6,59.99,24.97,237.32,0,96.5,1882.9,0
13.71,46.12,5.95,23.7,153,3060,16345,6.12,48.95,18.81,8.12,0,25.1,1282.2,1
18.35,45.2,11.07,15.65,211,4853,24683,5.03,48.98,21.77,46.48,0,87.6,1404.0,0
34.93,46.96,9.05,9.26,316,5688,32668,13.9,58.66,21.25,95.18,0,73.7,1499.4,1
43.53,25.83,11.0,10.75,237,5214,29443,11.52,58.18,27.17,63.86,0,60.9,2178.4,0
37.73,68.56,5.3,11.56,133,2926,18121,11.32,56.62,24.29,3.46,0,37.9,1436.3,0
33.14,64.26,25.32,17.63,185,3330,19974,4.61,59.45,26.24,140.63,0,44.2,2072.1,0
5.55,78.37,11.46,12.16,114,1140,7748,3.0,44.06,16.71,125.63,0,31.1,1322.1,0
36.4,60.71,3.51,14.3,243,3159,20534,18.26,59.45,24.6,37.96,0,62.5,1773.1,0
52.47,32.4,34.81,6.02,163,2608,19756,7.19,60.59,29.07,104.92,0,74.2,1823.7,1
30.95,57.28,1.74,20.28,209,4598,25161,11.7,55.15,26.18,24.69,0,76.9,2160.9,0
12.49,57.77,19.83,25.45,337,5055,27049,4.33,48.03,19.14,26.52,0,26.8,1723.7,0
21.67,66.13,17.02,9.82,341,6820,35957,16.6,51.29,19.99,213.13,0,57.6,1304.9,0
3.99,81.97,1.13,9.37,268,2680,14826,1.98,47.36,14.87,21.31,0,33.7,1023.1,0
20.88,36.47,34.77,8.31,187,4114,22282,5.51,54.24,20.32,66.49,0,77.9,2019.1,0
9.03,63.5,5.7,38.26,137,2466,12265,11.43,44.14,19.08,24.84,0,78.1,1131.0,1
10.63,52.47,20.26,19.93,187,1683,10613,1.87,49.1,18.77,0.96,0,89.0,1219.3,1
16.77,93.53,4.87,11.97,287,6314,31436,9.16,55.77,22.72,32.84,0,96.9,880.2,0
11.43,68.23,11.19,8.49,318,6678,32820,9.06,46.91,21.06,5.71,0,71.9,1642.2,0
17.74,51.06,53.81,6.61,69,1449,8685,7.7,51.3,22.74,46.16,0,77.1,1777.3,0
31.71,75.39,14.15,19.74,189,3969,22693,8.33,59.35,21.37,6.51,0,41.3,1406.8,0
45.0,51.31,5.27,10.41,277,3878,24887,13.31,59.45,30.68,40.16,0,99.6,2322.3,0
22.15,65.2,9.2,16.04,296,4736,25886,9.69,52.75,19.51,69.37,0,58.8,1524.6,1
46.39,49.21,16.91,28.17,193,3667,22955,6.91,58.82,26.34,120.18,0,37.0,2066.7,0
27.83,56.12,8.84,6.64,142,2130,13786,10.05,53.82,23.5,107.19,0,56.5,1792.5,0
34.21,74.1,36.24,8.35,339,4068,25578,6.72,59.0,20.18,46.76,0,49.3,1252.6,0
25.9,49.5,30.31,16.7,224,2016,14509,6.61,52.74,20.98,226.87,0,52.0,1755.3,0
19.12,10.0,2.38,10.76,277,5263,27701,8.92,48.89,17.6,21.0,0,69.8,1633.9,0
42.5,43.66,23.05,11.08,266,6118,33886,8.86,62.49,29.96,26.55,0,77.5,2467.5,0
20.59,77.25,42.82,20.09,203,3857,20949,10.31,52.12,19.06,105.27,0,36.6,1382.9,1
48.14,78.78,5.72,19.09,154,3234,20661,9.48,61.85,33.6,5.7,0,97.8,2463.3,0
12.77,44.26,4.08,9.94,175,3500,17784,6.96,50.72,18.31,36.47,0,67.4,1408.4,0
61.74,31.1,0.14,8.81,344,7912,44046,10.62,62.91,33.16,60.12,0,62.3,2139.0,1
16.27,47.99,1.84,11.73,302,3624,22067,5.27,51.82,15.06,182.91,0,20.8,1466.2,1
11.83,69.49,48.63,24.0,114,1482,8386,7.86,48.28,22.98,82.87,0,74.2,1288.0,0
25.41,51.71,7.44,4.6,244,3416,20184,9.08,51.66,21.42,5.08,0,99.9,1875.1,0
21.2,25.15,7.35,11.42,78,1794,10587,5.15,47.57,19.87,75.0,0,73.8,1291.8,0
52.74,63.51,4.65,17.82,193,3667,23268,13.89,62.62,37.78,129.84,0,77.5,2714.5,0
14.57,70.48,2.69,8.45,237,3792,20260,9.9,54.63,16.26,13.11,0,22.4,1603.3,0
32.69,78.74,10.66,5.35,94,1222,10281,12.19,56.17,26.49,76.35,0,90.5,2023.8,0
48.0,24.08,19.27,6.42,177,2124,17628,8.21,57.83,32.44,85.56,0,92.6,2355.4,0
15.47,72.17,12.0,15.05,314,4396,23835,9.87,44.81,21.14,34.63,0,90.2,1837.0,0
6.27,57.79,0.54,11.59,300,3000,18165,3.11,44.23,17.77,139.26,0,78.7,800.0,0
5.56,45.1,24.4,3.92,115,1840,9008,15.97,41.47,17.37,22.85,0,36.3,1396.5,0
28.17,30.29,40.23,9.07,74,888,8232,14.95,51.02,17.69,0.38,0,35.6,1324.4,0
31.7,27.17,8.71,26.22,241,5302,28167,9.64,55.76,19.53,231.49,0,79.2,1066.1,1
50.98,43.48,6.85,11.76,166,2988,20734,11.92,59.46,31.23,66.36,0,38.1,2332.2,0
23.13,42.77,3.92,17.24,268,5628,30440,6.25,48.92,18.03,79.96,0,33.8,1740.5,0
12.19,53.41,5.39,11.53,184,3680,18794,15.3,45.97,19.27,127.43,0,90.9,1381.2,0
7.84,77.21,15.51,19.86,67,1340,7462,14.16,48.05,19.44,21.99,0,70.2,1107.9,0
22.94,53.94,22.05,17.35,72,1512,10063,11.87,49.25,20.39,55.7,0,36.3,1606.1,0
62.47,31.87,6.06,12.34,238,3808,26269,10.12,67.0,34.29,139.33,0,28.3,2506.5,0
20.74,39.72,6.23,7.17,211,4431,24539,9.03,47.07,17.64,155.2,0,38.9,1557.2,1
9.29,60.03,9.0,15.87,142,1420,8986,9.42,45.2,19.84,101.01,0,69.9,1296.0,0
31.29,43.71,2.8,5.32,126,1890,13197,7.36,52.38,22.56,37.46,0,53.2,2143.7,0
34.58,53.25,39.3,16.4,67,1541,10956,9.77,55.85,23.02,87.5,0,27.4,2039.5,0
37.94,72.3,18.33,20.63,85,1190,10112,9.31,57.6,25.45,60.05,0,58.7,1954.0,1
20.8,64.75,8.53,9.06,105,2310,13904,13.37,49.1,20.17,67.1,0,28.8,1482.3,0
5.39,46.77,1.96,6.09,282,3102,18171,12.51,38.23,18.27,96.58,0,53.0,1284.6,1
37.97,40.28,28.34,22.04,280,4760,28661,11.38,56.04,22.38,78.74,0,29.6,2054.7,0
26.04,84.54,9.92,12.26,142,1846,12879,9.49,56.42,21.62,21.5,0,58.1,1645.5,0
29.32,44.49,23.91,10.99,234,2574,16996,6.46,53.87,24.96,40.32,0,98.1,1879.0,0
50.74,90.87,0.51,13.6,207,2070,16960,17.27,65.74,33.44,193.52,0,57.0,2461.3,0
26.69,79.29,4.8,9.22,104,2184,13560,7.12,54.82,21.86,54.2,0,44.1,1824.7,0
23.67,53.66,14.6,4.79,232,3016,18692,6.63,51.38,19.61,151.98,0,22.6,1170.6,0
34.8,36.7,10.04,8.7,70,1540,11325,13.65,58.18,23.46,11.36,0,27.5,1982.4,0
22.99,55.58,5.24,12.35,60,840,6506,3.36,53.29,22.73,15.61,0,87.9,1742.5,0
38.24,74.76,3.37,12.37,196,2940,19016,15.26,61.23,24.23,33.03,0,29.1,1671.8,1
28.81,49.3,5.39,4.24,269,2421,17508,8.12,52.0,22.06,31.3,0,68.0,1947.7,0
23.55,35.24,20.34,10.39,316,4740,26684,6.48,50.18,16.62,186.01,0,29.7,1413.4,1
40.48,46.61,3.04,32.78,114,912,10856,13.67,60.21,20.58,178.06,0,35.6,1630.3,1
36.74,60.85,13.51,12.53,83,1411,12043,13.82,59.62,22.21,61.75,0,59.3,1504.4,0
27.37,62.07,8.27,20.56,288,4320,26234,13.94,55.17,19.58,15.92,0,24.8,1806.8,0
15.01,56.22,21.6,17.24,179,2685,14994,9.38,45.77,20.88,215.53,0,77.7,1279.0,1
39.02,48.01,3.38,8.28,345,2760,21364,7.7,61.35,19.23,103.21,0,52.1,1109.3,0
11.35,53.17,4.72,8.42,270,2160,13550,15.86,48.64,17.71,131.94,0,49.6,1509.5,0
6.53,48.1,7.63,15.5,226,3164,17012,2.58,45.49,15.93,2.96,0,48.3,880.4,0
23.53,57.03,2.73,8.79,99,1287,9440,13.35,49.93,21.64,23.97,0,23.3,1846.0,0
50.87,58.94,9.28,24.28,299,3289,23757,8.58,62.49,29.57,7.52,0,32.3,2511.2,0
48.11,51.34,8.07,10.14,144,1296,13321,10.15,60.94,31.79,3.52,0,44.7,2422.4,0
46.01,42.36,69.21,20.04,338,5408,31694,6.39,63.03,33.13,2.26,0,85.1,2363.9,0
19.91,73.77,13.52,15.33,301,2709,16888,7.16,52.22,21.97,141.4,0,72.6,1837.1,0
21.53,59.47,1.08,16.23,318,7314,36349,10.71,53.32,24.27,90.04,0,93.6,1497.9,0
43.41,65.75,9.24,8.44,260,4680,27744,7.89,63.84,31.41,128.35,0,85.3,2328.4,0
16.6,43.87,31.62,23.32,201,4221,21933,7.18,46.99,18.42,129.82,0,33.2,1908.0,0
20.41,53.65,30.23,49.47,90,990,7452,9.47,46.74,19.05,5.47,0,61.6,1288.5,0
4.29,43.55,48.98,6.96,306,3060,16973,9.01,38.57,15.78,46.57,0,60.8,800.0,1
38.01,76.22,33.7,21.43,65,1495,11581,7.35,57.64,27.74,24.95,0,72.0,1970.5,0
13.02,38.76,2.91,12.21,242,2178,14265,5.07,48.39,17.48,224.68,0,26.5,1573.3,0
20.64,39.88,0.1,7.52,295,4130,23324,9.32,50.57,19.57,200.14,0,83.1,1325.7,1
49.42,56.02,14.37,6.45,177,2124,16096,11.98,62.11,28.61,70.0,0,42.8,2145.1,1
48.3,37.49,18.18,7.27,333,5661,33001,14.04,63.98,28.98,392.31,0,94.1,2046.0,1
13.59,76.19,2.11,7.86,181,2896,15339,3.39,46.09,22.26,47.35,0,94.2,927.1,1
25.53,33.85,2.74,6.07,298,3278,20806,15.27,49.95,18.95,16.31,0,36.4,1129.8,1
2.46,51.43,49.48,23.6,93,1860,9924,2.75,43.57,18.47,147.42,0,94.2,834.1,1
4.43,48.74,43.19,12.12,259,2331,13447,11.67,38.46,18.61,147.64,0,47.4,1001.4,1
27.13,59.51,2.56,15.61,204,3876,21770,9.52,52.55,22.87,79.5,0,38.9,2154.4,0
26.45,42.97,4.26,6.1,346,4498,25489,9.71,52.95,21.01,2.69,0,52.5,1446.5,1
33.9,58.86,33.4,25.05,153,1224,12151,13.43,60.42,19.44,35.85,0,31.5,1535.3,1
34.66,42.09,8.56,8.85,281,6182,33282,10.13,57.85,21.84,185.98,0,62.4,1381.4,0
6.15,39.86,24.0,26.54,317,2853,16219,9.69,45.07,13.92,25.08,0,35.5,1001.1,1
34.13,51.61,7.56,15.94,216,3024,20574,13.73,51.83,26.63,165.64,0,92.9,2174.3,0
19.07,53.43,20.0,6.87,203,3654,19684,10.17,50.51,22.87,0.63,0,98.8,1766.7,0
25.42,50.79,7.58,15.17,257,3598,20840,9.03,55.96,19.2,39.27,0,30.2,1447.0,1
43.03,49.18,34.42,11.96,141,2961,19499,8.51,60.65,27.24,20.68,0,36.9,2123.6,0
22.42,75.47,5.91,6.81,136,2856,16051,11.36,55.88,21.53,42.95,0,71.3,1038.0,0
27.38,59.53,11.11,6.42,323,3876,23901,5.95,56.07,24.84,6.28,0,80.9,1659.0,1
45.49,58.66,11.06,19.94,348,4524,29798,7.64,65.28,31.76,22.92,0,75.6,2452.0,0
12.43,71.11,15.7,25.15,194,4462,23326,11.18,46.91,19.14,41.05,0,32.5,1295.9,0
38.4,34.6,5.49,6.51,84,924,9633,11.31,56.55,23.55,3.31,0,42.7,2045.3,0
50.72,86.18,15.44,13.01,254,2286,18844,8.37,63.59,37.47,97.35,0,80.2,2526.9,0
9.17,29.81,2.28,5.02,252,5292,25312,14.51,45.28,13.93,31.26,0,34.5,1412.1,0
23.02,73.47,33.61,20.15,162,3078,16510,10.87,54.34,19.87,72.55,0,22.7,1031.8,1
26.15,29.8,2.34,12.76,118,2360,14832,8.33,50.4,20.55,19.37,0,28.5,2219.3,0
32.51,54.03,27.52,5.48,304,4256,25435,8.62,64.08,22.24,0.44,0,63.0,1556.5,0
37.2,45.73,17.72,9.31,70,1470,11085,12.49,61.03,28.79,20.54,0,93.1,2093.2,0
21.65,77.91,6.26,8.79,151,2718,15914,7.5,51.27,26.17,285.48,0,90.4,1830.2,0
24.82,66.57,5.95,7.28,130,2730,15618,4.62,50.04,20.79,2.65,0,62.7,1433.2,1
25.93,50.69,50.74,21.57,137,2877,16937,8.9,52.11,20.78,137.1,0,75.4,1494.2,1
5.87,62.97,3.25,7.35,321,6741,32486,3.06,43.75,18.87,19.7,0,48.9,800.0,0
52.99,59.23,19.25,33.37,194,3298,21778,10.39,66.45,31.29,20.11,0,97.0,1970.0,1
30.43,65.53,3.04,20.44,218,2616,16996,6.35,56.87,19.63,123.89,0,40.7,1083.4,1
11.58,52.05,35.37,10.0,173,2768,15384,11.57,49.94,21.08,64.7,0,69.7,1635.7,0
3.18,44.59,20.32,48.04,278,3892,19775,3.9,43.12,18.79,8.51,0,70.1,1074.6,1
41.68,22.43,40.48,9.78,82,1722,12735,6.22,57.85,25.75,0.61,0,81.2,2091.4,0
38.96,49.83,31.69,5.3,228,2052,17101,11.43,54.55,31.37,0.82,0,98.8,2222.3,0
33.74,57.02,11.96,22.13,95,1995,13496,8.67,60.13,21.56,46.2,0,43.8,2159.0,0
26.8,39.99,2.48,7.28,244,1952,15097,16.95,56.23,21.9,56.57,0,58.7,1432.3,0
18.25,53.87,3.76,25.78,94,940,7953,11.01,52.56,21.92,168.56,0,94.8,1341.7,1
11.48,71.71,3.38,5.3,109,1962,11112,12.64,49.9,19.33,51.4,0,68.5,1464.2,0
23.31,56.34,3.74,7.32,305,6405,32596,5.51,53.17,19.37,63.09,0,53.9,1751.7,0
9.12,43.92,9.71,8.83,271,4065,21648,18.45,42.87,17.25,249.62,0,70.7,1390.9,1
19.68,68.85,30.35,17.16,229,2977,18924,17.68,57.46,21.45,9.73,0,52.1,1698.8,0
55.26,58.29,0.35,9.12,208,4368,26965,10.86,67.28,32.14,27.94,0,75.0,2014.3,1
14.06,57.86,4.09,8.8,217,1953,13282,7.51,47.79,19.94,1.83,0,73.3,1664.4,0
16.71,48.57,13.62,18.12,312,4368,24675,10.12,47.91,22.87,49.06,0,95.0,1861.8,0
26.93,36.1,30.07,24.65,122,2318,13972,17.2,50.64,21.58,222.23,0,34.2,1643.3,1
13.0,58.65,5.3,10.21,97,1455,8009,6.34,48.2,18.28,4.69,0,34.6,1550.5,0
35.69,60.51,7.23,6.7,101,1919,13412,14.84,54.95,22.65,112.17,0,43.4,1881.2,0
19.62,44.25,7.01,29.13,153,2907,15616,3.0,51.63,20.49,30.67,0,79.9,1473.6,1
61.08,57.34,5.22,11.15,85,935,10945,12.13,68.09,38.59,127.95,0,60.7,2517.7,0
71.87,69.02,18.0,15.66,321,6741,40053,21.22,72.79,42.75,24.7,0,61.2,2576.4,1
31.64,39.76,16.0,9.18,152,3496,20110,8.26,57.89,20.24,167.8,0,81.1,911.4,1
30.93,61.33,27.8,9.67,193,2895,19026,6.76,53.67,26.43,125.57,0,86.7,1988.6,0
44.61,53.5,37.44,9.18,271,5420,30540,10.25,60.71,24.41,4.18,0,62.8,1370.4,0
54.86,69.4,34.61,20.09,237,4029,26172,8.62,64.86,34.58,14.5,0,20.1,2532.1,0
9.88,71.16,11.65,24.87,86,1806,10032,4.42,43.54,17.6,39.54,0,47.1,969.1,1
23.82,55.92,3.08,8.95,281,3091,18625,7.24,50.08,19.83,26.23,0,32.9,1585.3,0
36.95,54.96,3.77,9.63,139,3197,19254,18.52,57.9,26.98,14.9,0,72.7,2338.3,0
12.06,51.64,13.38,25.48,266,2660,15933,8.62,49.68,18.17,247.97,0,29.9,1671.9,0
32.57,39.12,37.59,38.07,163,2445,15258,9.26,53.66,21.94,77.84,0,21.4,1962.4,0
31.84,60.91,11.34,17.15,188,1692,13076,17.43,55.22,24.15,47.41,0,60.4,2057.4,0
42.15,55.92,41.17,15.01,213,2343,16938,8.24,59.49,32.02,58.25,0,88.1,2287.9,0
31.07,43.67,4.56,38.72,175,2450,16321,16.79,52.5,25.59,61.43,0,88.5,1970.4,0
25.12,25.5,1.35,14.14,287,2296,16424,5.33,52.0,21.21,6.25,0,81.6,1762.3,0
23.41,63.26,23.87,14.15,177,1593,11825,16.02,47.2,19.26,239.51,0,80.1,1375.9,1
8.02,49.66,31.73,9.21,140,2660,13620,13.38,49.42,18.86,242.95,0,93.6,805.0,1
6.02,65.26,8.92,18.56,330,3960,21280,14.61,45.1,19.85,89.14,0,70.3,1427.4,0
13.74,34.55,1.62,8.39,298,4768,25251,4.22,45.78,16.49,207.72,0,40.3,1422.0,0
42.29,56.08,0.65,9.47,209,1672,15022,15.51,62.6,25.84,73.14,0,20.8,2400.6,0
3.8,54.52,0.97,10.36,341,3410,18845,7.12,44.58,15.86,71.56,0,29.3,1574.2,0
4.41,51.85,8.67,17.28,196,2548,13927,1.34,46.51,18.03,38.53,0,60.6,804.2,0
23.0,78.71,4.01,10.25,92,1288,8550,13.94,52.31,20.79,98.47,0,46.4,1508.5,1
51.75,57.41,9.3,20.86,119,1547,14376,9.63,63.87,22.55,125.0,0,73.6,1192.8,1
8.47,29.04,10.06,6.84,246,4674,24083,5.19,42.57,17.16,101.27,0,62.6,1542.3,0
2.96,48.99,9.19,9.98,70,1330,6765,6.13,45.05,19.47,22.13,0,66.9,1135.9,1
30.33,30.8,14.51,13.09,208,2912,17668,8.32,50.78,19.17,188.33,0,28.5,1324.4,0
10.83,76.23,17.06,13.66,229,3435,18287,5.8,47.51,19.93,14.47,0,76.9,1356.3,1
13.99,58.69,7.56,19.02,317,5389,27937,4.78,47.55,19.76,0.64,0,88.1,1546.5,0
16.08,52.6,6.17,7.12,70,1470,7883,12.35,52.93,21.2,35.36,0,59.6,1612.4,0
54.25,33.84,6.89,12.61,238,5236,31272,13.65,66.85,25.23,133.58,0,38.8,1611.8,1
4.76,57.59,1.09,6.85,301,5418,27333,11.48,41.69,17.94,223.81,0,65.4,1374.8,0
52.37,70.73,5.82,17.94,250,3250,23582,22.09,63.78,32.05,5.74,0,57.6,2345.6,0
22.3,63.87,3.35,9.29,106,848,7019,20.88,53.3,17.87,15.66,0,26.5,1432.5,1
17.37,63.28,5.16,20.01,324,6480,33116,22.52,48.58,21.75,20.42,0,72.9,1592.4,0
40.99,76.51,18.8,12.34,291,6111,34605,7.1,57.63,24.77,30.07,0,75.1,1859.6,1
26.92,77.93,67.03,13.12,229,2519,16426,10.93,59.25,23.73,75.89,0,28.8,1712.6,0
25.3,56.62,38.57,60.0,229,1832,14226,12.85,55.39,22.47,9.57,0,94.9,1207.9,0
23.17,63.83,25.86,22.34,188,3572,19495,5.18,54.58,22.88,102.79,0,77.9,1885.4,0
46.56,80.7,20.05,18.43,192,4032,25009,10.46,62.35,28.04,34.44,0,61.8,1942.6,1
48.59,39.94,43.49,12.3,171,3249,20894,18.56,63.75,31.38,0.1,0,65.7,2400.5,0
28.95,62.17,20.92,9.9,265,3180,20224,8.98,51.61,20.96,55.26,0,52.2,1534.3,1
19.7,39.67,9.55,9.2,157,2355,14553,3.62,53.19,20.89,9.22,0,86.5,1780.3,0
39.31,49.39,13.8,28.15,132,2640,17472,13.71,60.05,23.16,82.97,0,67.4,1753.2,1
12.75,75.07,5.47,8.53,171,3420,17763,8.76,48.97,18.11,210.08,0,33.7,1393.4,0
36.31,42.34,0.1,17.22,76,684,8371,7.99,57.67,19.16,78.98,0,76.4,1298.7,0
35.58,71.36,6.55,8.76,158,3634,21415,13.29,59.94,27.13,113.7,0,63.7,2163.1,0
25.7,45.89,7.78,7.32,222,2664,16680,18.48,57.52,18.75,80.88,0,65.7,976.6,0
40.45,71.49,19.81,9.65,161,3381,19863,5.97,57.37,28.78,139.4,0,75.1,2361.4,0
28.07,76.95,29.41,18.9,251,5020,26577,4.34,54.56,25.29,4.87,0,64.4,2049.8,0
16.42,41.4,49.31,23.33,170,2210,13305,6.1,51.98,20.55,6.12,0,20.1,1498.1,0
20.96,64.57,6.5,14.15,173,3460,19745,5.19,57.46,17.22,4.59,0,30.0,1354.6,1
27.65,71.64,47.34,11.47,302,6040,31181,8.43,51.92,23.79,1.17,0,70.2,1531.1,1
24.94,48.51,24.1,17.4,236,5192,26662,6.64,52.08,20.86,9.33,0,52.4,1784.5,0
33.89,63.53,0.47,11.19,256,2560,18997,5.51,52.33,21.58,29.67,0,46.3,1671.4,1
15.44,37.07,13.57,9.89,71,1491,8897,5.31,51.35,15.71,69.19,0,24.5,800.0,1
37.28,87.87,6.83,7.26,329,6909,36605,7.81,60.98,26.14,17.48,0,87.8,1457.7,0
67.69,43.83,0.52,23.88,325,2925,24625,11.47,75.11,44.72,106.06,0,21.2,2940.2,0
15.93,50.67,11.37,9.06,248,2728,16241,6.79,51.07,16.29,38.67,0,49.7,1037.0,0
43.02,53.0,13.19,7.0,151,2567,17497,8.27,59.0,24.58,12.4,0,36.3,1619.5,0
13.79,56.23,4.36,10.94,207,4554,23105,12.6,49.15,17.61,27.87,0,27.4,1178.9,0
17.53,61.72,42.17,21.1,211,3587,19510,7.06,52.27,19.42,161.81,0,65.0,1405.8,1
25.16,61.47,14.14,19.22,86,1462,10427,10.41,54.8,23.23,46.69,0,62.6,1774.9,0
25.17,38.35,2.9,11.12,261,5220,27423,6.54,53.97,20.76,12.51,0,96.5,1635.5,0
8.17,36.27,19.16,9.51,75,1125,6903,4.06,41.52,15.53,55.74,0,32.2,800.0,0
43.9,80.47,10.37,47.03,237,2133,17207,10.15,61.93,23.71,62.22,0,85.7,1273.6,0
12.47,72.37,9.61,7.87,83,830,6818,6.64,46.65,19.56,9.46,0,81.9,1603.1,0
33.7,35.46,26.98,12.56,278,5282,29870,6.39,57.8,23.69,149.27,0,58.4,2084.3,0
7.55,60.94,2.23,8.44,246,2214,13845,4.19,43.1,17.34,51.37,0,25.2,1115.0,1
11.95,67.19,10.13,20.97,135,2565,13742,6.52,48.87,15.56,78.03,0,28.8,1535.0,0
7.86,85.95,22.76,21.28,157,1256,8076,6.15,52.06,21.9,223.03,0,92.0,1577.2,0
18.54,47.88,16.2,6.72,244,5612,27940,7.7,49.81,20.85,63.66,0,58.5,1902.0,0
11.43,70.32,0.1,14.18,295,2360,14881,12.87,49.47,18.31,103.7,0,40.4,1598.6,0
29.19,65.9,23.23,3.05,326,5542,30894,21.9,50.29,22.8,10.0,0,57.8,1897.0,0
28.29,44.67,43.42,13.41,184,1840,13368,11.52,50.88,20.81,8.25,0,80.5,1398.0,0
16.49,49.83,18.29,2.39,284,2272,15796,8.72,49.48,20.87,8.34,0,85.6,1447.2,0
18.01,43.73,31.3,15.2,87,1305,8750,5.04,51.2,18.44,24.26,0,46.0,1425.6,0
50.0,60.41,6.71,10.38,290,2320,19370,14.38,65.49,24.88,461.4,0,26.9,1797.8,0
23.32,31.82,6.48,5.35,154,1540,11209,10.5,52.36,21.91,33.92,0,70.9,1472.0,1
22.9,51.73,5.8,17.13,281,5620,29427,16.2,53.96,16.92,77.04,0,60.5,1307.3,0
24.68,49.64,19.92,12.76,195,3315,19072,2.89,55.21,20.39,16.1,0,26.0,2026.1,0
21.91,24.35,42.73,7.15,245,5145,26296,8.21,48.21,20.82,40.67,0,84.0,1863.4,0
13.63,59.63,32.49,19.13,318,5088,26632,14.11,47.41,20.75,14.52,0,80.6,1467.6,0
39.22,65.16,2.44,11.78,206,2060,16077,13.03,62.49,22.21,12.81,0,81.2,1026.1,1
48.12,33.26,14.76,15.74,289,6647,36385,15.64,63.35,31.19,45.51,0,43.7,2754.0,0
8.55,55.04,82.67,10.17,254,4064,21105,6.0,47.71,17.15,47.2,0,52.7,1181.5,0
27.14,34.36,5.25,11.21,337,6403,34068,6.07,48.17,19.88,120.33,0,46.5,1623.2,1
49.12,56.83,15.11,31.35,328,7216,39959,9.56,62.07,26.0,28.0,0,77.8,1340.2,1
78.9,72.54,35.57,8.72,172,1376,17559,23.78,78.3,58.35,266.96,0,80.2,3043.1,0
46.36,47.38,34.47,14.58,220,2860,19874,7.92,61.62,28.78,89.65,0,41.5,2420.1,0
27.37,50.59,5.82,14.66,202,2828,17173,8.59,52.26,22.54,20.58,0,58.8,2059.1,0
32.92,86.71,1.48,6.13,256,2816,19556,8.53,58.78,23.68,12.1,0,26.7,2019.8,0
49.06,43.83,15.58,14.75,175,3675,23495,12.26,64.02,28.73,56.33,0,92.3,1947.8,0
2.69,40.97,44.05,4.7,326,6520,30789,3.65,45.81,17.23,63.53,0,86.8,1386.4,0
19.34,54.92,10.64,41.46,349,6282,32441,9.78,48.65,22.14,42.19,0,80.1,1305.9,1
7.34,91.25,9.18,28.64,248,4960,25123,2.51,47.54,23.62,28.81,0,84.1,1335.2,0
40.18,58.8,29.92,3.77,126,1386,11837,6.18,58.68,26.48,146.6,0,65.8,1905.4,0
10.77,45.13,8.29,24.02,316,5056,27809,9.54,48.42,18.46,64.12,0,93.6,1069.4,1
47.75,63.94,17.14,12.89,153,3060,20519,14.68,67.28,27.91,100.35,0,50.3,1851.1,0
14.55,66.18,7.38,5.04,112,1232,8502,10.6,48.59,20.44,21.34,0,71.3,1179.9,1
45.58,64.1,7.1,4.17,229,4580,27694,10.12,58.69,30.08,99.13,0,29.9,2504.7,0
43.44,66.74,3.12,11.9,91,1274,11381,7.02,58.91,25.43,10.87,0,99.4,1576.3,0
32.43,69.04,1.39,32.97,177,2301,16280,4.46,57.74,20.82,35.45,0,45.1,2036.2,0
62.67,53.07,32.46,50.36,297,3267,25410,14.33,69.07,35.53,130.79,0,98.3,2098.5,0
7.27,53.07,3.0,14.49,195,2925,15707,3.06,44.46,17.32,141.38,0,74.6,1217.5,1
52.08,67.62,0.96,6.69,201,3216,22374,6.25,66.31,36.82,16.05,0,57.3,2715.9,0
17.57,18.34,13.1,36.86,97,1164,9176,10.45,44.61,15.74,100.99,0,63.5,1360.6,0
26.97,16.11,11.84,6.98,249,5478,29448,5.63,47.23,18.2,7.34,0,43.2,1483.5,1
26.37,46.04,12.58,9.95,301,4515,25416,17.15,54.47,19.99,93.35,0,63.9,1093.0,0
27.86,49.85,9.47,18.34,335,6030,32204,6.13,56.4,20.57,63.79,0,43.5,1665.2,0
20.29,65.41,2.3,26.9,165,3300,18594,7.79,53.32,23.2,95.0,0,89.2,1623.8,0
21.27,47.8,0.32,6.15,123,1353,9849,11.82,47.6,20.2,28.11,0,71.8,1664.4,0
11.99,72.58,0.71,12.04,202,3434,18324,14.48,51.92,20.35,4.65,0,39.8,1304.7,0
7.13,57.16,43.01,18.03,134,2144,11341,2.72,47.48,17.9,118.93,0,31.2,1017.5,1
34.6,43.3,11.38,2.87,179,2506,16659,7.1,54.04,21.6,116.87,0,24.2,1999.0,0
53.07,73.95,7.66,4.01,285,5700,33736,15.84,62.43,34.15,17.34,0,41.4,2508.7,0
22.73,59.16,7.94,4.55,90,2070,12438,9.93,50.93,23.0,350.54,0,76.6,1675.9,0
6.16,35.52,15.84,14.27,84,1260,6436,4.67,45.23,15.74,80.86,0,44.9,800.0,0
21.04,66.47,7.09,17.44,262,4978,26079,6.73,52.33,21.71,16.14,0,71.0,1009.7,0
27.49,66.46,23.88,25.13,61,1098,9129,11.37,56.34,22.24,111.91,0,91.6,1283.5,0
8.23,35.84,4.52,14.85,100,800,5534,11.19,40.45,18.79,1.9,0,97.8,1252.2,1
32.91,56.61,6.87,50.33,189,2457,16556,5.33,58.49,21.78,153.37,0,80.4,1064.0,1
23.15,64.07,41.0,17.81,161,3703,20629,12.27,47.71,23.07,43.72,0,73.3,1116.1,1
15.18,30.02,4.52,27.25,240,1920,13281,6.68,44.19,19.18,17.4,0,76.5,1612.9,0
3.58,70.83,16.25,21.62,259,4662,22973,5.12,47.62,17.63,145.98,0,31.5,1234.6,0
29.77,44.67,6.8,14.36,282,5076,27345,6.88,52.99,24.8,96.66,0,78.3,2200.5,0
30.86,42.02,9.56,32.0,92,1288,10468,6.61,53.72,21.22,48.84,0,55.7,1246.0,1
21.72,50.74,0.69,18.2,177,1947,12549,13.38,46.48,18.87,137.03,0,36.7,1421.4,1
39.29,65.49,2.75,8.57,340,6800,37301,9.97,62.3,22.16,76.41,0,25.1,1771.5,1
44.23,69.96,1.61,13.72,149,2086,14943,10.13,60.85,26.12,48.19,0,55.7,1902.6,1
14.72,79.98,27.94,10.04,274,2192,14069,2.41,51.61,18.43,10.75,0,34.8,1176.3,0
10.35,41.6,48.93,7.66,119,2618,13643,4.01,43.06,16.98,53.91,0,70.1,1497.7,0
39.39,60.5,1.06,8.08,107,1819,14238,10.85,63.16,25.77,4.7,0,36.3,2175.5,0
19.01,65.23,1.2,17.75,64,640,4726,7.94,50.85,18.86,32.44,0,48.5,1581.4,0
25.32,62.27,12.05,5.32,86,860,7915,7.72,55.42,23.53,249.46,0,81.5,1661.6,0
58.83,40.31,10.52,14.37,87,1392,14111,8.35,64.13,39.85,79.14,0,82.3,2676.4,0
37.86,58.85,15.77,8.95,321,4173,26602,14.65,57.58,21.46,69.64,0,26.6,1567.1,0
11.61,59.82,20.02,6.67,73,1314,8089,3.49,46.53,20.54,3.92,0,83.7,973.5,0
12.86,45.58,23.93,11.54,334,6012,30298,7.37,46.53,21.27,1.39,0,82.4,1491.3,0
30.24,62.25,2.42,13.29,307,4298,24879,5.39,57.54,22.04,5.57,0,52.1,1827.2,0
34.67,58.13,0.58,41.43,88,1320,10286,6.36,58.79,23.85,108.83,0,63.5,2053.1,0
12.15,34.71,32.99,6.57,227,2724,14756,3.17,46.6,20.56,32.81,0,96.2,1244.4,1
37.89,64.5,9.51,14.65,306,5814,31838,21.27,61.02,26.58,173.45,0,74.5,2051.4,0
38.08,56.72,53.23,16.09,322,3542,24494,5.48,60.13,22.79,44.51,0,58.6,1606.1,0
38.98,26.63,11.41,11.5,143,3289,21168,14.09,57.15,28.43,62.32,0,93.4,2102.7,0
63.27,50.5,10.7,28.89,231,2310,19852,9.58,65.95,30.05,122.62,0,61.6,1629.4,0
34.98,56.85,14.63,14.18,310,4030,24856,7.93,58.52,25.84,6.73,0,96.8,2194.0,0
7.34,44.21,2.8,20.64,129,2193,12259,3.34,43.32,14.65,63.76,0,35.0,1154.4,0
12.94,59.69,4.4,8.35,136,2856,14720,2.13,50.46,20.54,53.92,0,25.0,1763.3,0
22.46,50.69,35.44,5.78,259,5957,31513,9.56,51.19,20.57,10.3,0,92.9,1113.2,0
13.11,70.38,3.58,10.87,171,3078,17117,9.98,49.01,20.5,95.29,0,76.8,1496.0,0
30.9,59.07,3.98,10.78,337,4718,27721,6.15,56.64,20.67,42.53,0,67.2,1715.3,1
10.23,83.56,10.7,9.85,141,1269,8554,10.9,47.97,23.18,385.46,0,91.6,1543.4,0
16.37,33.37,15.37,14.43,192,1728,12396,9.67,47.19,15.18,10.05,0,36.2,1346.3,1
7.22,59.8,0.1,9.24,324,5508,27763,4.52,46.46,17.0,86.75,0,20.7,1477.3,0
48.71,55.25,9.15,9.38,180,1620,14245,8.28,62.04,28.79,67.27,0,44.3,2155.6,0
22.19,61.31,7.64,29.08,128,2816,15734,6.0,51.27,19.06,138.15,0,42.6,1512.6,1
52.49,74.63,30.11,6.82,233,3495,24471,15.85,66.37,34.0,95.57,0,60.2,2252.0,0
31.42,33.51,27.46,27.14,190,1520,12568,15.44,54.51,22.75,42.36,0,54.2,2213.8,0
22.27,64.12,35.45,20.34,333,3330,21293,7.27,53.19,17.72,95.68,0,23.2,1816.4,0
32.69,60.05,27.68,24.15,78,1638,11528,6.81,49.94,25.99,11.62,0,75.2,1816.1,0
10.88,41.35,23.18,24.15,249,3486,19582,5.51,47.6,17.43,259.12,0,56.7,868.0,0
15.26,72.83,29.39,11.38,329,2632,17453,2.08,55.44,20.81,28.25,0,85.3,1357.6,1
48.12,55.91,2.88,8.1,312,2808,22276,7.34,65.61,26.67,77.29,0,96.8,1497.9,1
41.36,43.86,6.25,10.11,205,2460,17853,17.95,58.7,26.29,52.18,0,22.5,1918.6,1
17.73,61.43,17.26,12.13,127,1397,10071,7.79,50.61,20.71,72.99,0,91.4,1507.8,1
13.94,69.34,38.48,6.03,175,1750,11011,5.77,49.5,19.8,55.34,0,47.7,1426.4,0
55.08,59.76,16.49,15.56,309,5562,33810,9.86,67.35,33.9,114.96,0,42.1,2487.8,0
13.6,48.59,3.5,9.51,103,1545,9767,13.95,47.5,19.08,23.67,0,88.3,1359.6,0
35.36,43.09,43.42,13.58,225,3600,22680,12.63,51.37,24.22,49.54,0,55.3,1940.9,0
33.66,42.79,21.43,10.86,190,1710,13626,15.18,60.36,25.18,84.4,0,78.9,2057.3,0
11.05,66.92,18.91,21.22,73,1241,7328,5.13,46.64,20.41,247.5,0,86.1,1182.6,1
22.72,69.15,21.56,16.81,335,4355,24462,5.48,55.87,21.2,30.44,0,57.4,1670.6,0
28.88,51.23,16.14,8.43,138,2208,14934,7.2,54.61,22.13,62.64,0,27.4,1862.1,0
34.88,90.02,0.34,12.83,87,1218,9650,21.72,61.29,25.32,53.73,0,28.1,2051.7,0
7.54,51.43,4.39,3.31,135,1755,8655,7.1,44.99,20.26,14.7,0,96.8,1138.1,0
16.03,53.88,47.05,9.32,289,6647,32865,7.47,49.99,20.91,37.03,0,97.5,1239.4,1
36.21,49.07,5.11,14.34,126,2772,17036,16.86,55.93,24.52,116.11,0,38.5,2109.9,0
46.14,53.24,22.15,6.85,204,3672,23778,8.37,64.13,28.85,44.22,0,29.4,2376.3,0
36.32,54.42,8.29,19.25,67,1072,10130,10.08,54.74,27.09,20.22,0,98.0,1973.4,1
3.17,63.71,35.71,5.59,328,6232,29217,2.32,46.56,21.42,140.48,0,77.7,1326.5,0
39.39,52.08,12.24,14.64,100,2300,15890,5.78,56.92,27.08,11.83,0,81.4,1995.6,1
19.41,64.1,14.99,11.11,332,7304,35993,11.31,49.07,19.71,103.48,0,45.0,1618.2,0
5.91,31.05,4.11,23.45,313,4382,23093,15.54,46.4,14.46,28.66,0,20.6,1502.8,0
32.4,45.64,0.89,8.72,134,2412,16522,8.7,50.51,23.37,281.42,0,47.4,2101.0,0
47.71,50.2,21.19,10.94,120,1080,11728,16.92,62.34,30.68,52.9,0,34.3,2541.8,0
50.5,51.18,1.05,27.04,299,4186,27635,5.76,62.59,36.34,81.7,0,85.9,2558.5,0
32.65,27.5,19.19,27.27,93,1209,10280,8.09,56.5,17.86,6.12,0,49.6,959.8,1
29.19,68.42,12.16,3.89,88,1848,12037,4.63,60.05,26.14,143.34,0,89.7,1915.2,0
22.82,32.97,25.72,5.02,327,6540,33714,13.46,50.25,19.84,12.89,0,85.4,1528.7,0
51.47,45.52,3.46,28.27,99,2079,15503,6.56,60.46,33.58,40.66,0,74.9,2584.8,0
46.59,54.58,11.7,24.52,100,2100,15326,12.34,61.47,29.22,141.26,0,66.3,2374.3,0
29.38,85.63,14.29,19.83,182,3640,21415,8.63,58.37,24.12,31.33,0,86.7,1441.4,0
1.75,54.21,1.16,11.43,267,4806,23713,15.85,46.74,17.6,217.48,0,91.9,1199.8,0
47.43,61.73,20.15,12.01,218,2180,17906,11.08,62.82,35.57,164.93,0,94.0,2803.3,0
6.07,32.74,7.39,5.05,140,2380,13271,1.48,46.3,19.3,114.81,0,78.0,1421.4,0
20.07,42.47,2.07,9.39,313,6260,32831,4.64,52.17,17.73,9.3,0,72.0,836.7,0
25.02,44.56,7.34,20.83,346,2768,19291,7.85,49.83,21.11,161.22,0,47.8,1952.4,0
4.46,47.0,1.55,11.38,349,2792,16252,11.45,43.54,17.37,70.88,0,68.4,1309.6,0
20.87,70.25,32.84,21.2,230,5060,25912,6.03,52.21,24.33,65.38,0,86.7,1734.0,0
11.83,46.77,9.15,22.91,334,7682,36346,2.91,45.18,17.06,36.7,0,62.7,1140.8,1
23.82,64.13,2.23,21.66,95,1520,10244,11.59,53.51,20.72,36.28,0,63.4,1493.3,1
39.11,43.44,4.36,15.97,316,5056,30463,4.73,58.14,27.19,0.78,0,80.9,2285.0,0
37.62,50.81,19.35,10.36,330,6930,36564,10.66,53.2,19.18,52.95,0,68.1,1039.2,1
15.11,19.02,23.13,14.05,297,5940,30298,7.68,40.44,18.06,24.03,0,51.2,1707.2,0
45.09,53.94,0.63,6.73,166,1992,15473,14.15,59.49,28.11,67.01,0,54.0,2164.0,0
47.26,54.79,0.93,4.59,221,1989,16817,16.04,60.77,31.1,83.59,0,46.6,2442.1,0
34.41,52.09,37.37,13.74,96,960,9827,12.01,55.13,21.9,51.31,0,39.5,1767.6,0
27.43,84.48,6.03,8.53,269,5380,27977,14.32,55.21,22.64,84.52,0,41.4,2013.2,0
18.16,54.02,3.22,8.07,235,4700,24838,3.43,51.03,21.02,35.68,0,41.8,1719.8,0
11.12,14.16,1.97,11.05,295,5310,26975,5.26,45.17,16.69,7.33,0,73.0,1365.0,0
47.7,36.71,9.69,20.64,113,2147,15875,7.6,58.38,33.31,135.71,0,95.9,2487.5,0
20.51,54.35,22.11,24.56,83,1079,7814,6.17,53.5,21.74,94.75,0,87.2,1648.7,0
67.97,53.81,11.04,6.96,310,4650,31521,8.8,70.29,48.03,143.04,0,77.5,3010.7,0
15.28,42.81,0.31,39.57,320,5120,27553,2.91,48.49,19.69,28.69,0,64.9,1103.2,0
64.72,39.68,9.92,15.56,172,2236,19180,9.89,68.44,33.32,84.61,0,78.5,2070.4,0
36.48,75.79,5.6,16.97,301,3612,23570,11.25,55.93,24.6,67.45,0,27.8,1783.8,1
21.34,69.85,17.23,6.76,217,4340,23894,11.78,54.34,21.12,49.64,0,46.8,1771.7,0
33.02,71.88,11.12,11.82,291,6111,32702,10.29,57.88,27.72,38.39,0,58.8,2078.3,0
28.45,45.58,50.43,11.48,263,2104,15095,4.63,59.73,20.31,175.18,0,44.0,1586.7,1
21.34,65.5,13.68,4.25,79,1580,10445,8.49,46.9,21.47,127.48,0,72.3,1856.5,0
11.49,16.49,15.01,11.9,124,2232,13096,9.03,45.08,12.91,76.23,0,34.3,964.6,0
4.76,48.77,11.02,19.69,91,1274,7193,4.37,48.01,16.72,15.04,0,51.2,1192.8,1
44.25,46.73,5.59,8.87,300,6000,33636,13.1,65.05,24.41,70.34,0,96.0,1726.2,1
41.63,51.23,14.94,7.75,100,1700,13095,10.55,57.86,27.01,31.33,0,65.0,2251.6,0
20.91,56.73,6.07,23.05,68,816,6500,7.63,50.15,24.63,64.68,0,77.0,1651.2,0
20.84,52.43,18.95,13.71,144,3312,17665,10.21,52.05,19.62,22.2,0,48.4,800.0,1
48.73,38.09,4.05,11.72,222,1776,15980,6.01,57.39,31.36,28.97,0,85.2,2318.1,0
43.17,43.83,6.87,13.47,185,3330,21785,21.82,60.76,24.46,49.27,0,47.2,1847.8,0
9.22,62.77,13.14,17.17,112,1344,8378,22.8,48.25,16.73,67.35,0,35.7,1463.8,0
42.98,60.32,14.85,20.55,248,5704,30834,11.45,63.13,31.81,55.39,0,53.3,2542.2,0
39.15,78.89,16.57,22.22,279,5859,32544,19.56,63.87,26.03,76.98,0,38.1,1992.9,0
30.4,59.69,18.08,15.76,206,2266,15168,16.6,57.16,25.76,14.01,0,74.3,1769.6,0
9.53,77.32,5.75,26.53,104,1872,10287,5.73,44.85,17.5,23.06,0,27.8,839.5,0
6.84,33.29,33.46,4.08,69,1242,7014,9.62,46.52,17.25,235.28,0,77.1,1059.1,1
31.22,63.86,0.46,23.48,247,5187,28630,7.31,60.08,24.18,6.38,0,92.3,1041.8,1
27.66,66.36,3.13,10.78,238,5474,29164,7.72,56.23,23.12,13.25,0,90.6,1583.1,0
13.54,62.27,1.09,6.09,281,6463,31982,14.23,48.32,20.42,48.6,0,79.1,1311.9,1
61.12,36.99,16.7,22.95,127,1397,15321,9.13,67.94,38.18,75.14,0,47.5,2632.5,0
48.27,59.76,4.8,12.54,241,3615,24131,8.96,62.15,26.13,101.16,0,98.2,1347.4,0
9.78,49.58,3.33,21.39,127,2540,13263,6.42,48.43,19.28,82.59,0,82.9,1353.2,0
7.9,63.68,9.83,10.54,166,3818,18372,17.93,47.14,21.69,29.03,0,95.7,1494.5,0
27.05,53.7,14.48,15.19,309,2781,18760,10.31,52.48,21.71,42.48,0,65.9,1791.0,0
37.85,46.47,14.48,11.13,106,2226,14757,8.18,54.06,26.69,5.65,0,86.2,2060.8,0
41.52,89.22,12.23,12.41,127,2032,14944,7.73,62.78,23.74,62.63,0,39.0,1817.0,1
38.33,43.85,72.4,8.69,312,6864,37342,7.28,57.47,27.99,177.14,0,49.4,2246.5,0
30.58,59.19,29.51,6.01,215,2150,15784,11.75,50.75,21.94,142.81,0,72.5,1473.4,1
50.75,63.28,4.09,6.6,307,3991,26286,16.69,64.16,32.84,10.79,0,24.2,2509.3,0
63.12,50.6,21.33,14.02,279,2511,21964,12.7,69.75,38.63,44.88,0,31.0,2545.6,0
32.61,72.09,12.64,8.79,70,1120,9795,5.2,52.38,25.21,52.4,0,97.3,1706.0,1
42.39,67.95,1.1,16.93,170,1360,12968,8.72,61.29,24.23,101.0,0,49.5,1795.5,1
6.39,29.7,0.76,11.26,145,3190,15916,11.27,43.59,14.59,82.56,0,42.5,1066.6,1
71.41,64.28,24.11,9.19,184,3680,25583,9.86,68.13,51.42,11.94,0,61.1,3105.8,0
40.2,81.59,11.81,34.82,339,5085,30169,9.84,63.53,27.51,119.87,0,30.1,2206.3,0
10.93,43.57,12.71,8.46,289,6069,29841,13.86,47.95,19.92,91.92,0,38.1,1586.6,0
28.92,34.34,6.15,13.56,149,2533,15480,7.0,58.75,20.46,119.72,0,29.2,1423.4,1
24.1,50.47,39.96,34.61,142,2982,17506,7.49,53.95,17.72,130.47,0,25.8,1727.6,0
51.59,54.52,18.74,21.33,276,4968,30602,13.39,61.73,30.43,36.9,0,50.9,2446.9,0
43.56,55.47,39.42,14.73,142,1420,13209,14.44,61.47,25.8,94.16,0,58.9,2130.8,0
5.99,70.71,1.57,8.09,176,2288,11982,6.18,47.9,15.88,155.68,0,21.5,800.0,0
46.22,44.59,13.15,3.59,282,5640,33028,12.66,61.76,21.65,11.42,0,32.5,1486.1,0
35.98,62.96,15.22,2.57,149,1490,12568,18.67,58.51,27.7,55.72,0,76.4,2256.7,0
23.96,66.56,2.02,9.66,179,2327,14867,18.89,56.2,19.4,175.87,0,64.0,1576.9,1
44.15,56.54,6.38,34.27,231,1848,17039,7.35,60.54,27.61,60.36,0,40.0,2067.2,1
37.92,45.64,3.63,7.68,299,4186,26035,11.77,57.23,23.37,20.03,0,48.4,2175.0,0
21.31,37.65,62.46,6.63,67,871,6873,4.43,50.22,18.72,81.54,0,32.4,1337.1,1
33.61,31.96,11.76,10.56,123,2706,16442,13.66,54.78,24.26,63.74,0,92.9,1683.0,1
45.88,32.95,5.68,13.19,309,7107,38207,23.38,63.06,29.64,127.27,0,92.0,2062.8,1
17.98,30.86,16.38,14.41,85,1190,8356,8.61,49.1,18.84,21.24,0,63.1,1067.1,0
17.12,77.87,16.16,24.41,75,1725,11086,15.79,57.03,25.28,58.26,0,88.4,1871.0,0
22.96,52.28,6.4,7.2,171,2052,13509,13.35,49.8,20.54,166.87,0,58.2,1883.8,0
19.18,85.64,76.55,26.12,119,1785,10743,11.02,49.01,22.03,57.99,0,85.0,1652.9,0
33.33,60.53,24.83,18.01,101,1616,11619,8.88,57.59,23.26,45.7,0,66.7,1668.2,1
31.28,31.95,7.67,8.54,92,2024,12961,3.97,51.39,22.26,6.57,0,46.1,2015.6,0
17.05,52.03,16.18,7.03,254,4064,22490,6.79,47.06,21.46,19.69,0,51.7,1246.2,0
8.59,64.39,18.6,5.5,124,1612,9589,3.55,41.49,18.13,39.34,0,25.3,1443.6,0
30.18,59.66,2.86,24.51,334,5010,28707,4.41,53.59,22.35,158.12,0,37.0,1881.6,0
29.07,48.45,31.58,10.12,213,4047,23344,4.53,57.97,25.24,46.62,0,52.0,1818.0,1
48.7,68.33,26.23,10.11,95,1330,13112,12.88,60.81,24.01,214.7,0,56.5,1249.7,1
5.68,39.21,21.14,14.1,188,3572,17647,15.66,43.47,15.62,43.76,0,23.9,1405.9,0
23.72,57.57,3.78,6.26,159,3339,18417,3.65,49.74,19.01,39.55,0,59.0,1074.2,0
4.46,66.83,2.2,30.33,315,3780,20869,10.53,47.7,18.85,46.12,0,88.5,1331.4,0
4.97,49.36,2.99,14.85,232,3248,17579,6.51,44.86,16.75,27.54,0,32.3,800.0,0
36.69,62.39,1.46,14.6,209,1672,14113,5.82,55.67,21.71,34.67,0,40.9,1964.9,0
30.69,53.04,42.27,11.51,305,3660,21736,10.79,54.61,27.43,106.22,0,84.6,2031.5,0
16.32,57.94,28.61,5.35,326,3586,21671,4.04,49.75,22.01,49.19,0,82.1,1762.1,0
19.83,61.21,1.43,23.01,269,3228,19222,8.35,50.37,21.15,167.02,0,46.2,1452.1,0
22.59,50.52,17.0,47.55,310,4340,24141,10.29,52.94,18.92,21.07,0,78.3,1753.4,0
6.61,75.79,4.23,7.32,171,2907,15443,7.22,44.32,19.0,11.83,0,63.8,955.0,1
17.47,58.81,0.26,6.98,239,2868,17708,8.49,47.73,19.31,19.88,0,50.3,1464.9,1
16.04,63.26,5.19,7.31,281,6182,31217,7.75,45.95,19.2,86.73,0,22.0,1388.4,1
46.18,71.99,8.7,7.86,329,2961,22706,7.52,65.59,30.79,1.44,0,55.8,2339.5,0
35.04,63.83,0.3,29.27,73,876,9319,15.02,58.0,25.48,13.55,0,53.8,2108.6,0
34.6,40.71,5.87,6.62,106,954,9345,12.65,56.15,23.34,85.28,0,25.7,2198.7,0
17.79,65.81,18.08,50.13,144,1296,10038,14.48,49.33,19.52,47.46,0,30.2,1533.6,0
22.12,58.79,3.89,37.46,174,2610,15545,12.67,49.86,20.25,59.71,0,54.9,1870.2,0
18.61,44.45,9.95,19.77,335,3015,18802,10.28,48.89,16.08,57.97,0,21.2,1103.0,0
5.91,72.11,32.78,17.44,89,801,5482,4.26,42.68,20.67,97.11,0,94.3,872.2,0
16.64,39.56,0.43,20.68,113,2486,13276,4.35,50.66,18.85,2.53,0,76.9,1653.4,0
49.98,46.71,23.1,8.84,221,3978,25188,19.17,59.15,33.74,34.67,0,99.5,2262.3,0
29.05,48.69,7.27,6.15,183,3294,18857,4.15,52.62,21.65,31.87,0,36.6,1811.5,0
16.17,35.86,11.69,13.2,155,3255,16976,8.02,49.4,16.44,13.69,0,42.3,1542.5,0
35.74,54.73,3.94,5.44,260,5720,31350,8.53,55.45,25.78,23.04,0,37.4,2249.7,0
58.21,45.05,12.98,7.86,178,3560,24276,8.33,68.53,38.0,159.72,0,87.1,2540.1,0
45.1,58.4,19.68,19.54,155,2945,19547,13.64,64.24,29.62,88.37,0,46.2,2398.0,0
17.4,80.9,3.38,15.7,115,920,7138,11.7,56.7,16.12,85.01,0,23.5,1068.5,1
21.49,54.41,6.31,28.51,140,1400,10669,4.7,51.85,17.6,48.7,0,48.8,1713.2,0
35.3,62.23,12.57,10.3,267,4539,27112,9.9,57.08,25.09,28.71,0,54.1,2079.6,0
44.85,54.71,8.09,35.44,331,5958,33701,13.98,62.43,25.36,22.5,0,51.4,1813.7,1
19.31,50.27,5.2,8.25,107,2461,13618,9.53,52.22,22.51,6.6,0,86.0,1679.1,0
6.42,65.96,9.01,21.16,342,7524,35829,16.56,45.94,20.56,8.13,0,96.2,1221.8,0
24.89,40.92,5.15,13.53,321,5457,29110,8.97,54.69,20.26,25.87,0,66.6,1665.3,0
27.03,69.95,5.39,23.76,162,3078,17606,6.08,54.64,25.26,56.77,0,68.6,2025.9,0
11.12,43.39,14.15,7.91,192,2688,14958,15.0,44.97,17.56,53.26,0,41.9,1690.1,0
43.26,75.22,9.72,20.86,166,2988,19793,10.21,66.47,33.97,7.18,0,89.2,2443.6,0
16.9,49.49,16.95,16.31,275,2200,15810,7.14,48.13,17.36,255.3,0,39.8,1555.5,0
27.49,42.63,27.25,7.34,128,1024,8900,7.39,60.58,21.07,12.07,0,31.5,1974.4,0
28.31,56.53,42.96,47.72,337,4718,26707,8.26,58.33,22.56,63.85,0,78.9,1621.9,1
18.53,31.41,2.46,11.43,158,1580,9979,5.1,48.02,18.68,236.99,0,79.3,1785.1,0
52.69,38.89,14.76,20.51,169,2197,17858,18.98,62.24,28.8,211.34,0,75.7,1931.1,1
38.99,62.11,13.1,17.86,193,2702,18773,10.01,61.29,29.04,16.34,0,78.9,2218.4,0
12.42,72.66,30.25,5.92,127,2286,12325,9.13,52.73,24.07,48.53,0,85.1,1784.6,0
21.73,46.18,33.93,22.22,232,1856,13511,6.31,51.02,21.34,4.4,0,91.8,1651.4,0
15.25,74.13,21.44,6.04,285,3135,18180,3.85,49.1,18.87,319.2,0,22.7,1652.7,0
14.77,48.81,13.58,9.61,132,2640,14184,12.73,47.82,21.32,119.43,0,72.3,1493.8,0
31.63,57.73,3.33,15.14,266,2660,18594,4.92,50.47,24.81,3.12,0,43.6,1992.7,0
34.13,57.86,4.86,12.75,239,4302,26066,11.07,56.65,25.57,196.19,0,66.5,1935.4,0
27.1,77.96,13.85,18.0,237,5451,28042,6.83,56.07,28.64,25.63,0,88.7,2066.3,0
37.07,68.27,2.25,3.05,245,3920,23208,9.76,59.74,23.37,227.63,0,78.9,1059.0,1
25.99,51.95,3.05,5.26,60,900,7045,8.52,56.64,19.84,84.83,0,35.6,1670.1,0
35.13,91.53,36.36,18.56,118,1652,12455,19.0,61.15,23.33,128.6,0,65.9,1144.9,0
20.22,54.15,46.96,11.17,229,3664,21258,7.78,51.69,20.62,62.15,0,33.7,1653.3,0
42.12,55.23,0.1,15.37,268,5896,32539,8.46,58.54,24.57,31.11,0,39.6,2086.0,0
29.79,59.99,29.76,16.05,200,3200,19518,8.46,55.67,25.56,10.9,0,52.2,1948.1,0
26.46,48.69,41.71,6.89,169,1352,10390,9.8,51.8,22.12,177.77,0,69.1,1893.1,0
32.98,75.76,11.19,5.71,335,6030,32455,18.16,61.26,23.92,13.71,0,63.0,1552.9,0
13.39,53.57,8.94,19.83,138,3036,15680,1.9,45.16,16.89,90.22,0,45.0,1217.1,1
20.16,64.71,37.66,8.17,109,1853,12703,2.78,53.81,24.74,140.69,0,85.9,1811.1,0
16.52,13.86,0.11,14.32,222,3108,16932,3.74,43.53,16.87,123.11,0,79.0,1224.3,0
11.98,56.97,27.53,11.75,82,1148,7858,10.81,46.67,18.46,66.31,0,50.3,1701.7,0
58.37,49.96,5.28,6.4,138,2208,17745,23.58,63.06,35.31,3.1,0,61.1,2369.9,1
29.2,56.07,15.37,9.35,202,2626,16340,4.82,54.14,16.18,78.24,0,32.8,853.2,1
60.16,37.63,5.86,23.27,87,1653,14471,16.19,69.15,40.3,151.11,0,91.9,2700.8,0
14.52,52.26,11.1,14.16,327,6213,32290,8.28,44.18,19.26,76.18,0,55.7,1152.6,0
30.93,57.75,24.78,10.38,276,3588,21994,7.87,56.57,23.3,100.83,0,82.1,1172.7,0
19.26,49.65,3.0,16.16,185,3885,20614,5.89,50.02,16.31,12.94,0,42.2,1541.0,0
13.39,63.96,16.36,29.07,347,7634,37966,8.64,51.54,21.88,220.5,0,80.3,1588.4,0
23.22,55.96,34.29,12.58,320,3200,20455,8.13,51.43,19.08,37.73,0,29.1,1088.3,1
28.04,64.55,34.7,45.43,116,2668,16209,5.29,59.16,21.21,48.77,0,34.9,1660.6,1
72.74,69.65,33.68,15.51,346,2768,24947,10.7,72.76,51.07,79.38,0,44.0,2979.6,0
29.51,70.85,10.96,10.69,291,5820,30870,8.0,56.41,22.51,8.38,0,89.2,1905.9,0
53.69,49.27,21.9,15.95,343,4459,29119,14.01,65.89,38.07,29.97,0,95.2,2664.5,0
42.51,49.04,8.88,49.69,343,2744,21846,5.59,60.59,23.44,23.15,0,64.8,1383.7,0
5.43,79.07,9.25,29.13,95,1710,9114,12.62,47.39,21.43,35.3,0,75.8,1372.8,0
40.74,41.23,5.01,5.46,174,3654,22153,8.8,55.41,26.83,228.08,0,36.7,2207.9,0
41.55,48.7,5.04,5.18,165,3795,21813,12.52,61.43,21.19,35.87,0,79.2,1090.1,1
64.78,52.58,0.58,10.77,174,2088,19139,12.92,70.1,38.46,101.82,0,83.1,2151.0,1
56.14,42.15,11.37,47.96,177,1770,17579,12.12,61.3,36.17,102.99,0,78.3,2431.8,0
25.47,56.69,5.54,14.02,110,2530,15091,13.43,56.82,20.71,96.11,0,50.3,1868.6,0
20.02,73.23,3.12,8.27,100,2300,12918,15.8,57.86,20.82,19.16,0,45.7,1148.6,0
27.56,26.31,1.95,43.12,299,5083,28435,4.78,55.34,20.36,277.04,0,71.0,1819.6,0
39.31,47.26,6.39,23.18,137,2603,17812,12.45,58.96,26.72,1.3,0,73.8,2347.5,0
15.68,56.79,34.39,10.47,138,2898,14804,10.74,45.8,20.5,13.67,0,65.3,1811.9,0
50.72,78.47,10.9,8.79,247,4446,27026,10.86,62.04,29.85,6.01,0,23.9,2027.6,1
60.4,32.59,12.21,22.9,218,3488,24191,17.35,64.07,34.35,77.29,0,64.8,2247.5,1
9.31,68.03,0.84,7.06,62,496,4209,10.51,49.19,19.41,24.64,0,45.2,800.0,1
17.93,52.55,11.0,9.24,227,5221,25987,11.27,55.2,19.05,4.18,0,39.7,1509.4,0
6.27,57.44,16.52,13.57,83,1909,9687,3.32,42.71,19.87,31.11,0,98.6,1503.9,0
16.74,73.42,2.45,9.31,87,1566,8449,3.88,53.61,20.5,106.43,0,99.2,1350.4,1
35.17,53.02,61.61,7.25,239,4541,25970,8.0,51.15,17.55,18.3,0,21.0,1151.0,1
20.23,54.51,37.0,15.55,146,1460,10901,11.14,48.37,23.28,123.23,0,81.0,1479.8,0
29.82,57.02,74.65,13.68,132,1320,10926,11.35,57.05,22.99,11.22,0,75.4,1598.5,1
3.89,58.02,6.7,14.35,224,1792,11662,4.06,49.61,16.86,112.95,0,44.2,1366.9,0
14.97,38.67,25.91,3.74,265,2120,14182,7.38,50.71,20.94,44.07,0,71.9,1759.4,0
8.32,57.43,5.98,24.17,293,6446,31496,4.68,47.07,17.98,165.94,0,55.9,1350.9,0
8.5,61.51,20.74,3.94,71,1633,8610,4.56,49.99,16.77,75.09,0,38.2,1179.6,1
34.1,30.8,44.3,14.84,147,2352,16619,9.09,57.66,23.77,137.86,0,57.4,1939.8,0
28.78,67.97,2.53,48.5,145,3190,18266,5.58,55.03,24.93,53.26,0,40.7,2012.6,0
41.19,68.73,2.27,21.27,343,7203,37759,15.43,60.85,24.83,67.98,0,30.9,1794.2,0
36.76,58.79,1.65,10.35,291,5529,30391,8.16,56.23,25.07,145.82,0,98.3,1538.1,0
40.89,34.83,24.02,9.06,279,2232,18440,6.04,57.3,26.85,142.54,0,55.0,2270.8,0
14.68,45.27,16.48,11.52,222,4884,25054,5.7,43.27,16.76,99.9,0,29.3,1147.4,0
40.72,20.12,11.08,24.63,86,1720,12835,7.71,51.99,22.2,37.79,0,74.4,1348.9,1
19.0,49.63,22.3,17.74,257,5140,26008,7.41,53.55,18.04,131.96,0,34.8,1732.0,0
46.19,41.3,28.45,12.52,121,1210,12407,13.24,57.62,26.86,53.46,0,55.6,1857.9,1
46.06,53.98,44.8,22.83,245,2450,18719,7.59,62.69,22.33,198.5,0,80.6,1139.5,1
18.49,70.02,3.37,5.64,347,5899,31111,6.82,52.57,19.96,33.71,0,43.8,1843.9,0
38.86,47.47,8.74,8.62,286,4290,26040,6.47,60.18,25.6,66.29,0,87.1,2096.0,0
37.99,61.17,38.46,9.08,233,2796,19189,9.13,58.58,28.01,37.21,0,42.7,2288.6,0
8.9,53.69,9.28,23.98,334,3674,21073,5.33,47.19,16.82,166.36,0,36.3,942.6,0
12.41,41.44,10.03,14.38,148,2072,10996,18.6,45.18,17.94,96.19,0,45.7,1413.7,0
11.81,76.14,42.83,54.0,324,4536,24548,4.11,48.1,18.38,33.66,0,30.7,1216.5,1
31.8,67.41,19.9,20.13,187,1870,14112,5.83,57.15,25.39,121.89,0,85.2,1907.5,0
14.57,38.37,12.05,8.06,193,1930,12836,13.1,51.05,19.07,109.65,0,78.0,1734.6,0
6.85,61.73,6.63,21.84,141,1551,9071,3.62,42.26,18.25,143.28,0,68.3,1480.0,0
29.46,51.89,37.04,8.08,224,4928,26824,8.95,56.34,20.88,23.73,0,26.8,1519.1,1
37.75,62.69,0.13,9.52,267,5340,30016,15.84,58.55,24.07,116.92,0,20.3,2014.3,0
12.84,34.88,5.81,11.62,141,3243,16329,5.77,48.53,19.68,124.9,0,99.2,1187.2,1
34.78,49.77,43.8,14.86,104,2288,14714,10.79,58.39,19.71,180.28,0,91.2,1049.9,1
30.56,60.31,10.34,13.92,310,2790,19915,8.3,53.29,24.29,23.44,0,50.9,2059.1,0
39.33,38.68,14.67,13.89,337,6403,34951,4.58,55.81,27.96,20.65,0,91.5,1877.6,1
52.46,58.88,11.41,6.79,136,1224,13378,12.41,58.41,35.28,85.3,0,34.8,2696.6,0
7.08,49.98,7.6,12.16,102,1734,9120,11.96,45.95,17.44,43.55,0,88.3,1376.2,1
26.28,55.66,16.42,14.69,232,5336,27987,10.16,52.64,23.59,90.8,0,84.9,1905.5,0
18.83,70.29,21.82,20.46,114,2394,13652,8.46,54.1,23.71,123.56,0,95.6,1644.6,1
2.0,95.6,6.8,9.21,257,5911,27154,15.8,46.44,19.95,55.54,0,93.4,1153.7,0
66.75,56.17,13.39,2.34,154,2156,19683,18.9,71.0,48.34,74.28,0,94.8,3031.2,0
11.84,52.18,1.3,23.88,93,2046,11222,15.23,46.15,18.91,13.72,0,45.6,1715.4,0
22.4,83.97,11.9,17.13,118,1180,9133,11.77,54.85,22.16,86.45,0,58.9,1732.2,0
13.52,72.0,20.66,5.48,313,3756,21097,6.21,50.4,20.84,56.75,0,45.7,1465.3,0
17.09,81.65,13.2,5.02,295,2655,17803,10.83,53.03,19.54,29.31,0,59.3,964.0,0
48.2,58.57,31.61,18.12,270,5130,31709,24.29,64.47,34.19,273.44,0,93.2,2368.0,0
23.26,67.25,5.06,10.16,243,4860,25416,10.05,53.3,20.5,31.84,0,80.8,1034.6,1
48.66,55.73,10.15,5.19,114,912,11179,14.72,63.62,32.02,171.06,0,35.8,2569.3,0
29.35,55.85,1.37,6.43,139,3197,18472,5.1,52.16,20.89,85.91,0,79.5,1685.1,0
10.73,56.66,18.06,11.2,271,4336,22650,3.64,48.89,20.8,24.38,0,67.4,1592.4,0
48.8,61.25,8.77,7.73,265,5565,32358,11.84,64.46,34.81,25.86,0,41.6,2708.5,0
71.1,56.12,11.34,9.03,238,2618,22275,7.91,72.77,49.43,243.42,0,86.4,2957.3,0
39.02,75.83,2.06,12.76,255,4080,25050,20.17,58.94,32.01,227.99,0,92.1,2321.4,0
54.02,63.63,89.01,22.82,203,2436,18945,8.28,68.1,35.39,4.62,0,53.6,2525.9,0
10.36,58.02,22.17,17.21,211,2532,14297,6.39,46.58,17.65,65.73,0,20.8,1152.1,1
15.94,57.42,7.68,13.94,348,8004,38779,10.11,50.23,15.98,17.26,0,23.6,908.5,1
19.65,48.62,12.66,28.46,349,3490,21652,12.34,51.62,20.76,47.41,0,84.2,1370.6,1
4.5,38.73,14.46,6.93,264,3168,17766,14.98,39.21,13.8,73.24,0,22.5,800.0,0
9.8,70.01,48.57,11.76,101,1717,9108,7.88,48.55,18.63,13.59,0,43.1,1551.1,0
56.54,69.94,21.94,8.48,141,3102,21087,13.43,66.6,37.25,168.2,0,74.5,2527.8,0
43.59,38.4,6.45,11.25,155,2015,15194,9.03,61.35,22.57,77.63,0,52.9,1824.1,1
41.29,38.72,57.05,11.86,348,8004,43584,13.72,57.09,26.61,77.92,0,54.5,2068.9,0
